COUNTRY,NAME_1,GID_2,NAME_2,NAME_3,VARNAME_3,Date,IndexP
Togo,Centre,TGO.1.1_2,Blitta,Agbandi,NA,January_2023,0.43950000405311584
Togo,Centre,TGO.1.1_2,Blitta,Agbandi,NA,February_2023,0.824999988079071
Togo,Centre,TGO.1.1_2,Blitta,Agbandi,NA,March_2023,1.5374999642372131
Togo,Centre,TGO.1.1_2,Blitta,Agbandi,NA,April_2023,2.458999991416931
Togo,Centre,TGO.1.1_2,Blitta,Agbandi,NA,May_2023,2.28849995136261
Togo,Centre,TGO.1.1_2,Blitta,Agbandi,NA,June_2023,2.174499988555908
Togo,Centre,TGO.1.1_2,Blitta,Agbandi,NA,July_2023,1.8575000166893005
Togo,Centre,TGO.1.1_2,Blitta,Agbandi,NA,August_2023,1.4785000085830688
Togo,Centre,TGO.1.1_2,Blitta,Agbandi,NA,September_2023,1.5634999871253967
Togo,Centre,TGO.1.1_2,Blitta,Agbandi,NA,October_2023,2.135499954223633
Togo,Centre,TGO.1.1_2,Blitta,Agbandi,NA,November_2023,1.3519999980926514
Togo,Centre,TGO.1.1_2,Blitta,Agbandi,NA,December_2023,0.6934999823570251
Togo,Centre,TGO.1.1_2,Blitta,Atchintse,NA,January_2023,0.3700000047683716
Togo,Centre,TGO.1.1_2,Blitta,Atchintse,NA,February_2023,0.9100000262260437
Togo,Centre,TGO.1.1_2,Blitta,Atchintse,NA,March_2023,1.9529999494552612
Togo,Centre,TGO.1.1_2,Blitta,Atchintse,NA,April_2023,1.9730000495910645
Togo,Centre,TGO.1.1_2,Blitta,Atchintse,NA,May_2023,2.000999927520752
Togo,Centre,TGO.1.1_2,Blitta,Atchintse,NA,June_2023,1.3259999752044678
Togo,Centre,TGO.1.1_2,Blitta,Atchintse,NA,July_2023,1.190999984741211
Togo,Centre,TGO.1.1_2,Blitta,Atchintse,NA,August_2023,1.0839999914169312
Togo,Centre,TGO.1.1_2,Blitta,Atchintse,NA,September_2023,1.1720000505447388
Togo,Centre,TGO.1.1_2,Blitta,Atchintse,NA,October_2023,1.6269999742507935
Togo,Centre,TGO.1.1_2,Blitta,Atchintse,NA,November_2023,1.2979999780654907
Togo,Centre,TGO.1.1_2,Blitta,Atchintse,NA,December_2023,0.6779999732971191
Togo,Centre,TGO.1.1_2,Blitta,Blitta-Gare,NA,January_2023,0.39899998903274536
Togo,Centre,TGO.1.1_2,Blitta,Blitta-Gare,NA,February_2023,0.8289999961853027
Togo,Centre,TGO.1.1_2,Blitta,Blitta-Gare,NA,March_2023,1.7760000228881836
Togo,Centre,TGO.1.1_2,Blitta,Blitta-Gare,NA,April_2023,2.121000051498413
Togo,Centre,TGO.1.1_2,Blitta,Blitta-Gare,NA,May_2023,2.2279999256134033
Togo,Centre,TGO.1.1_2,Blitta,Blitta-Gare,NA,June_2023,1.9919999837875366
Togo,Centre,TGO.1.1_2,Blitta,Blitta-Gare,NA,July_2023,1.472000002861023
Togo,Centre,TGO.1.1_2,Blitta,Blitta-Gare,NA,August_2023,1.3380000591278076
Togo,Centre,TGO.1.1_2,Blitta,Blitta-Gare,NA,September_2023,1.409000039100647
Togo,Centre,TGO.1.1_2,Blitta,Blitta-Gare,NA,October_2023,1.9119999408721924
Togo,Centre,TGO.1.1_2,Blitta,Blitta-Gare,NA,November_2023,1.2289999723434448
Togo,Centre,TGO.1.1_2,Blitta,Blitta-Gare,NA,December_2023,0.6510000228881836
Togo,Centre,TGO.1.1_2,Blitta,Blitta Village,NA,January_2023,0.40924999862909317
Togo,Centre,TGO.1.1_2,Blitta,Blitta Village,NA,February_2023,0.8405000120401382
Togo,Centre,TGO.1.1_2,Blitta,Blitta Village,NA,March_2023,1.749750018119812
Togo,Centre,TGO.1.1_2,Blitta,Blitta Village,NA,April_2023,2.134500026702881
Togo,Centre,TGO.1.1_2,Blitta,Blitta Village,NA,May_2023,2.25299996137619
Togo,Centre,TGO.1.1_2,Blitta,Blitta Village,NA,June_2023,2.0389999747276306
Togo,Centre,TGO.1.1_2,Blitta,Blitta Village,NA,July_2023,1.5062499940395355
Togo,Centre,TGO.1.1_2,Blitta,Blitta Village,NA,August_2023,1.3767499923706055
Togo,Centre,TGO.1.1_2,Blitta,Blitta Village,NA,September_2023,1.448250025510788
Togo,Centre,TGO.1.1_2,Blitta,Blitta Village,NA,October_2023,1.9487500190734863
Togo,Centre,TGO.1.1_2,Blitta,Blitta Village,NA,November_2023,1.234499990940094
Togo,Centre,TGO.1.1_2,Blitta,Blitta Village,NA,December_2023,0.6535000056028366
Togo,Centre,TGO.1.1_2,Blitta,Diguengue,NA,January_2023,0.4350000023841858
Togo,Centre,TGO.1.1_2,Blitta,Diguengue,NA,February_2023,0.8849999904632568
Togo,Centre,TGO.1.1_2,Blitta,Diguengue,NA,March_2023,2.003000020980835
Togo,Centre,TGO.1.1_2,Blitta,Diguengue,NA,April_2023,1.9670000076293945
Togo,Centre,TGO.1.1_2,Blitta,Diguengue,NA,May_2023,2.0169999599456787
Togo,Centre,TGO.1.1_2,Blitta,Diguengue,NA,June_2023,1.7569999694824219
Togo,Centre,TGO.1.1_2,Blitta,Diguengue,NA,July_2023,1.225000023841858
Togo,Centre,TGO.1.1_2,Blitta,Diguengue,NA,August_2023,1.1150000095367432
Togo,Centre,TGO.1.1_2,Blitta,Diguengue,NA,September_2023,1.2109999656677246
Togo,Centre,TGO.1.1_2,Blitta,Diguengue,NA,October_2023,1.715000033378601
Togo,Centre,TGO.1.1_2,Blitta,Diguengue,NA,November_2023,1.3760000467300415
Togo,Centre,TGO.1.1_2,Blitta,Diguengue,NA,December_2023,0.7260000109672546
Togo,Centre,TGO.1.1_2,Blitta,Dikpeleou,NA,January_2023,0.43299999833106995
Togo,Centre,TGO.1.1_2,Blitta,Dikpeleou,NA,February_2023,0.8539999723434448
Togo,Centre,TGO.1.1_2,Blitta,Dikpeleou,NA,March_2023,1.996999979019165
Togo,Centre,TGO.1.1_2,Blitta,Dikpeleou,NA,April_2023,1.940999984741211
Togo,Centre,TGO.1.1_2,Blitta,Dikpeleou,NA,May_2023,2.0269999504089355
Togo,Centre,TGO.1.1_2,Blitta,Dikpeleou,NA,June_2023,1.7599999904632568
Togo,Centre,TGO.1.1_2,Blitta,Dikpeleou,NA,July_2023,1.225000023841858
Togo,Centre,TGO.1.1_2,Blitta,Dikpeleou,NA,August_2023,1.1260000467300415
Togo,Centre,TGO.1.1_2,Blitta,Dikpeleou,NA,September_2023,1.2170000076293945
Togo,Centre,TGO.1.1_2,Blitta,Dikpeleou,NA,October_2023,1.725000023841858
Togo,Centre,TGO.1.1_2,Blitta,Dikpeleou,NA,November_2023,1.3359999656677246
Togo,Centre,TGO.1.1_2,Blitta,Dikpeleou,NA,December_2023,0.7139999866485596
Togo,Centre,TGO.1.1_2,Blitta,Doufouli,NA,January_2023,0.375
Togo,Centre,TGO.1.1_2,Blitta,Doufouli,NA,February_2023,0.8100000023841858
Togo,Centre,TGO.1.1_2,Blitta,Doufouli,NA,March_2023,1.878999948501587
Togo,Centre,TGO.1.1_2,Blitta,Doufouli,NA,April_2023,2.0769999027252197
Togo,Centre,TGO.1.1_2,Blitta,Doufouli,NA,May_2023,2.1710000038146973
Togo,Centre,TGO.1.1_2,Blitta,Doufouli,NA,June_2023,1.9149999618530273
Togo,Centre,TGO.1.1_2,Blitta,Doufouli,NA,July_2023,1.3799999952316284
Togo,Centre,TGO.1.1_2,Blitta,Doufouli,NA,August_2023,1.2640000581741333
Togo,Centre,TGO.1.1_2,Blitta,Doufouli,NA,September_2023,1.3420000076293945
Togo,Centre,TGO.1.1_2,Blitta,Doufouli,NA,October_2023,1.7979999780654907
Togo,Centre,TGO.1.1_2,Blitta,Doufouli,NA,November_2023,1.2089999914169312
Togo,Centre,TGO.1.1_2,Blitta,Doufouli,NA,December_2023,0.6349999904632568
Togo,Centre,TGO.1.1_2,Blitta,Katchenke,NA,January_2023,0.3580000102519989
Togo,Centre,TGO.1.1_2,Blitta,Katchenke,NA,February_2023,0.824999988079071
Togo,Centre,TGO.1.1_2,Blitta,Katchenke,NA,March_2023,2.0299999713897705
Togo,Centre,TGO.1.1_2,Blitta,Katchenke,NA,April_2023,1.9800000190734863
Togo,Centre,TGO.1.1_2,Blitta,Katchenke,NA,May_2023,2.0510001182556152
Togo,Centre,TGO.1.1_2,Blitta,Katchenke,NA,June_2023,1.3600000143051147
Togo,Centre,TGO.1.1_2,Blitta,Katchenke,NA,July_2023,1.2079999446868896
Togo,Centre,TGO.1.1_2,Blitta,Katchenke,NA,August_2023,1.121999979019165
Togo,Centre,TGO.1.1_2,Blitta,Katchenke,NA,September_2023,1.2000000476837158
Togo,Centre,TGO.1.1_2,Blitta,Katchenke,NA,October_2023,1.6679999828338623
Togo,Centre,TGO.1.1_2,Blitta,Katchenke,NA,November_2023,1.2619999647140503
Togo,Centre,TGO.1.1_2,Blitta,Katchenke,NA,December_2023,0.6620000004768372
Togo,Centre,TGO.1.1_2,Blitta,Koffiti,NA,January_2023,0.5230000019073486
Togo,Centre,TGO.1.1_2,Blitta,Koffiti,NA,February_2023,0.8629999756813049
Togo,Centre,TGO.1.1_2,Blitta,Koffiti,NA,March_2023,1.5329999923706055
Togo,Centre,TGO.1.1_2,Blitta,Koffiti,NA,April_2023,2.4820001125335693
Togo,Centre,TGO.1.1_2,Blitta,Koffiti,NA,May_2023,2.2720000743865967
Togo,Centre,TGO.1.1_2,Blitta,Koffiti,NA,June_2023,2.2060000896453857
Togo,Centre,TGO.1.1_2,Blitta,Koffiti,NA,July_2023,1.6080000400543213
Togo,Centre,TGO.1.1_2,Blitta,Koffiti,NA,August_2023,1.465999960899353
Togo,Centre,TGO.1.1_2,Blitta,Koffiti,NA,September_2023,1.5820000171661377
Togo,Centre,TGO.1.1_2,Blitta,Koffiti,NA,October_2023,2.134000062942505
Togo,Centre,TGO.1.1_2,Blitta,Koffiti,NA,November_2023,1.4520000219345093
Togo,Centre,TGO.1.1_2,Blitta,Koffiti,NA,December_2023,0.7149999737739563
Togo,Centre,TGO.1.1_2,Blitta,Langabou,NA,January_2023,0.482000008225441
Togo,Centre,TGO.1.1_2,Blitta,Langabou,NA,February_2023,0.840499997138977
Togo,Centre,TGO.1.1_2,Blitta,Langabou,NA,March_2023,1.5235000252723694
Togo,Centre,TGO.1.1_2,Blitta,Langabou,NA,April_2023,2.287999987602234
Togo,Centre,TGO.1.1_2,Blitta,Langabou,NA,May_2023,2.2644999027252197
Togo,Centre,TGO.1.1_2,Blitta,Langabou,NA,June_2023,2.156000018119812
Togo,Centre,TGO.1.1_2,Blitta,Langabou,NA,July_2023,1.852999985218048
Togo,Centre,TGO.1.1_2,Blitta,Langabou,NA,August_2023,1.4679999947547913
Togo,Centre,TGO.1.1_2,Blitta,Langabou,NA,September_2023,1.5625
Togo,Centre,TGO.1.1_2,Blitta,Langabou,NA,October_2023,2.1234999895095825
Togo,Centre,TGO.1.1_2,Blitta,Langabou,NA,November_2023,1.3919999599456787
Togo,Centre,TGO.1.1_2,Blitta,Langabou,NA,December_2023,0.7070000171661377
Togo,Centre,TGO.1.1_2,Blitta,M'Poti,NA,January_2023,0.37800000607967377
Togo,Centre,TGO.1.1_2,Blitta,M'Poti,NA,February_2023,0.8129999935626984
Togo,Centre,TGO.1.1_2,Blitta,M'Poti,NA,March_2023,2.0200001001358032
Togo,Centre,TGO.1.1_2,Blitta,M'Poti,NA,April_2023,2.05649995803833
Togo,Centre,TGO.1.1_2,Blitta,M'Poti,NA,May_2023,2.1414999961853027
Togo,Centre,TGO.1.1_2,Blitta,M'Poti,NA,June_2023,1.430999994277954
Togo,Centre,TGO.1.1_2,Blitta,M'Poti,NA,July_2023,1.3115000128746033
Togo,Centre,TGO.1.1_2,Blitta,M'Poti,NA,August_2023,1.2074999809265137
Togo,Centre,TGO.1.1_2,Blitta,M'Poti,NA,September_2023,1.2894999980926514
Togo,Centre,TGO.1.1_2,Blitta,M'Poti,NA,October_2023,1.756500005722046
Togo,Centre,TGO.1.1_2,Blitta,M'Poti,NA,November_2023,1.2179999947547913
Togo,Centre,TGO.1.1_2,Blitta,M'Poti,NA,December_2023,0.6545000076293945
Togo,Centre,TGO.1.1_2,Blitta,Pagala Gare,NA,January_2023,0.40700000524520874
Togo,Centre,TGO.1.1_2,Blitta,Pagala Gare,NA,February_2023,0.8399999737739563
Togo,Centre,TGO.1.1_2,Blitta,Pagala Gare,NA,March_2023,1.7070000171661377
Togo,Centre,TGO.1.1_2,Blitta,Pagala Gare,NA,April_2023,2.1040000915527344
Togo,Centre,TGO.1.1_2,Blitta,Pagala Gare,NA,May_2023,2.184999942779541
Togo,Centre,TGO.1.1_2,Blitta,Pagala Gare,NA,June_2023,2.010999917984009
Togo,Centre,TGO.1.1_2,Blitta,Pagala Gare,NA,July_2023,1.4809999465942383
Togo,Centre,TGO.1.1_2,Blitta,Pagala Gare,NA,August_2023,1.3589999675750732
Togo,Centre,TGO.1.1_2,Blitta,Pagala Gare,NA,September_2023,1.4290000200271606
Togo,Centre,TGO.1.1_2,Blitta,Pagala Gare,NA,October_2023,1.9279999732971191
Togo,Centre,TGO.1.1_2,Blitta,Pagala Gare,NA,November_2023,1.2690000534057617
Togo,Centre,TGO.1.1_2,Blitta,Pagala Gare,NA,December_2023,0.6539999842643738
Togo,Centre,TGO.1.1_2,Blitta,Pagala Village,NA,January_2023,0.4000000059604645
Togo,Centre,TGO.1.1_2,Blitta,Pagala Village,NA,February_2023,0.8529999852180481
Togo,Centre,TGO.1.1_2,Blitta,Pagala Village,NA,March_2023,1.86899995803833
Togo,Centre,TGO.1.1_2,Blitta,Pagala Village,NA,April_2023,2.052999973297119
Togo,Centre,TGO.1.1_2,Blitta,Pagala Village,NA,May_2023,2.1630001068115234
Togo,Centre,TGO.1.1_2,Blitta,Pagala Village,NA,June_2023,1.8860000371932983
Togo,Centre,TGO.1.1_2,Blitta,Pagala Village,NA,July_2023,1.3660000562667847
Togo,Centre,TGO.1.1_2,Blitta,Pagala Village,NA,August_2023,1.246999979019165
Togo,Centre,TGO.1.1_2,Blitta,Pagala Village,NA,September_2023,1.3370000123977661
Togo,Centre,TGO.1.1_2,Blitta,Pagala Village,NA,October_2023,1.7970000505447388
Togo,Centre,TGO.1.1_2,Blitta,Pagala Village,NA,November_2023,1.253999948501587
Togo,Centre,TGO.1.1_2,Blitta,Pagala Village,NA,December_2023,0.6700000166893005
Togo,Centre,TGO.1.1_2,Blitta,Tchaloude,NA,January_2023,0.4352000057697296
Togo,Centre,TGO.1.1_2,Blitta,Tchaloude,NA,February_2023,0.8582000136375427
Togo,Centre,TGO.1.1_2,Blitta,Tchaloude,NA,March_2023,1.626200008392334
Togo,Centre,TGO.1.1_2,Blitta,Tchaloude,NA,April_2023,2.2832000255584717
Togo,Centre,TGO.1.1_2,Blitta,Tchaloude,NA,May_2023,2.287999963760376
Togo,Centre,TGO.1.1_2,Blitta,Tchaloude,NA,June_2023,2.1145999908447264
Togo,Centre,TGO.1.1_2,Blitta,Tchaloude,NA,July_2023,1.5765999794006347
Togo,Centre,TGO.1.1_2,Blitta,Tchaloude,NA,August_2023,1.4371999740600585
Togo,Centre,TGO.1.1_2,Blitta,Tchaloude,NA,September_2023,1.5115999937057496
Togo,Centre,TGO.1.1_2,Blitta,Tchaloude,NA,October_2023,2.053600001335144
Togo,Centre,TGO.1.1_2,Blitta,Tchaloude,NA,November_2023,1.303600001335144
Togo,Centre,TGO.1.1_2,Blitta,Tchaloude,NA,December_2023,0.6804000020027161
Togo,Centre,TGO.1.1_2,Blitta,Tchare-Baou,NA,January_2023,0.4570000022649765
Togo,Centre,TGO.1.1_2,Blitta,Tchare-Baou,NA,February_2023,0.8349999785423279
Togo,Centre,TGO.1.1_2,Blitta,Tchare-Baou,NA,March_2023,1.5385000109672546
Togo,Centre,TGO.1.1_2,Blitta,Tchare-Baou,NA,April_2023,2.268499970436096
Togo,Centre,TGO.1.1_2,Blitta,Tchare-Baou,NA,May_2023,2.2235000133514404
Togo,Centre,TGO.1.1_2,Blitta,Tchare-Baou,NA,June_2023,2.06549996137619
Togo,Centre,TGO.1.1_2,Blitta,Tchare-Baou,NA,July_2023,1.5485000014305115
Togo,Centre,TGO.1.1_2,Blitta,Tchare-Baou,NA,August_2023,1.393500030040741
Togo,Centre,TGO.1.1_2,Blitta,Tchare-Baou,NA,September_2023,1.5049999952316284
Togo,Centre,TGO.1.1_2,Blitta,Tchare-Baou,NA,October_2023,1.997499942779541
Togo,Centre,TGO.1.1_2,Blitta,Tchare-Baou,NA,November_2023,1.3399999737739563
Togo,Centre,TGO.1.1_2,Blitta,Tchare-Baou,NA,December_2023,0.6785000264644623
Togo,Centre,TGO.1.1_2,Blitta,Tchifama,NA,January_2023,0.3779999911785126
Togo,Centre,TGO.1.1_2,Blitta,Tchifama,NA,February_2023,0.8510000109672546
Togo,Centre,TGO.1.1_2,Blitta,Tchifama,NA,March_2023,2.0169999599456787
Togo,Centre,TGO.1.1_2,Blitta,Tchifama,NA,April_2023,2.0390000343322754
Togo,Centre,TGO.1.1_2,Blitta,Tchifama,NA,May_2023,2.1010000705718994
Togo,Centre,TGO.1.1_2,Blitta,Tchifama,NA,June_2023,1.3910000324249268
Togo,Centre,TGO.1.1_2,Blitta,Tchifama,NA,July_2023,1.2899999618530273
Togo,Centre,TGO.1.1_2,Blitta,Tchifama,NA,August_2023,1.1740000247955322
Togo,Centre,TGO.1.1_2,Blitta,Tchifama,NA,September_2023,1.2400000095367432
Togo,Centre,TGO.1.1_2,Blitta,Tchifama,NA,October_2023,1.7120000123977661
Togo,Centre,TGO.1.1_2,Blitta,Tchifama,NA,November_2023,1.2519999742507935
Togo,Centre,TGO.1.1_2,Blitta,Tchifama,NA,December_2023,0.6650000214576721
Togo,Centre,TGO.1.1_2,Blitta,Tintchro,NA,January_2023,0.3579999953508377
Togo,Centre,TGO.1.1_2,Blitta,Tintchro,NA,February_2023,0.8549999892711639
Togo,Centre,TGO.1.1_2,Blitta,Tintchro,NA,March_2023,1.8894999623298645
Togo,Centre,TGO.1.1_2,Blitta,Tintchro,NA,April_2023,1.9990000128746033
Togo,Centre,TGO.1.1_2,Blitta,Tintchro,NA,May_2023,2.055000066757202
Togo,Centre,TGO.1.1_2,Blitta,Tintchro,NA,June_2023,1.3619999885559082
Togo,Centre,TGO.1.1_2,Blitta,Tintchro,NA,July_2023,1.2595000267028809
Togo,Centre,TGO.1.1_2,Blitta,Tintchro,NA,August_2023,1.1320000290870667
Togo,Centre,TGO.1.1_2,Blitta,Tintchro,NA,September_2023,1.2315000295639038
Togo,Centre,TGO.1.1_2,Blitta,Tintchro,NA,October_2023,1.6635000109672546
Togo,Centre,TGO.1.1_2,Blitta,Tintchro,NA,November_2023,1.246999979019165
Togo,Centre,TGO.1.1_2,Blitta,Tintchro,NA,December_2023,0.6379999816417694
Togo,Centre,TGO.1.1_2,Blitta,Waragni,NA,January_2023,0.41200000047683716
Togo,Centre,TGO.1.1_2,Blitta,Waragni,NA,February_2023,0.8396666646003723
Togo,Centre,TGO.1.1_2,Blitta,Waragni,NA,March_2023,1.7203333377838135
Togo,Centre,TGO.1.1_2,Blitta,Waragni,NA,April_2023,2.128333409627279
Togo,Centre,TGO.1.1_2,Blitta,Waragni,NA,May_2023,2.2313332557678223
Togo,Centre,TGO.1.1_2,Blitta,Waragni,NA,June_2023,2.030999938646952
Togo,Centre,TGO.1.1_2,Blitta,Waragni,NA,July_2023,1.5056666533152263
Togo,Centre,TGO.1.1_2,Blitta,Waragni,NA,August_2023,1.3706666628519695
Togo,Centre,TGO.1.1_2,Blitta,Waragni,NA,September_2023,1.4470000267028809
Togo,Centre,TGO.1.1_2,Blitta,Waragni,NA,October_2023,1.9539999961853027
Togo,Centre,TGO.1.1_2,Blitta,Waragni,NA,November_2023,1.2653333346048992
Togo,Centre,TGO.1.1_2,Blitta,Waragni,NA,December_2023,0.6613333423932394
Togo,Centre,TGO.1.1_2,Blitta,Welly,NA,January_2023,0.37666667501131695
Togo,Centre,TGO.1.1_2,Blitta,Welly,NA,February_2023,0.8316666682561239
Togo,Centre,TGO.1.1_2,Blitta,Welly,NA,March_2023,1.6419999996821086
Togo,Centre,TGO.1.1_2,Blitta,Welly,NA,April_2023,2.056333382924398
Togo,Centre,TGO.1.1_2,Blitta,Welly,NA,May_2023,2.140999952952067
Togo,Centre,TGO.1.1_2,Blitta,Welly,NA,June_2023,1.9453333616256714
Togo,Centre,TGO.1.1_2,Blitta,Welly,NA,July_2023,1.4129999876022339
Togo,Centre,TGO.1.1_2,Blitta,Welly,NA,August_2023,1.283666690190633
Togo,Centre,TGO.1.1_2,Blitta,Welly,NA,September_2023,1.381666660308838
Togo,Centre,TGO.1.1_2,Blitta,Welly,NA,October_2023,1.8366666634877522
Togo,Centre,TGO.1.1_2,Blitta,Welly,NA,November_2023,1.2800000111262004
Togo,Centre,TGO.1.1_2,Blitta,Welly,NA,December_2023,0.6413333217302958
Togo,Centre,TGO.1.1_2,Blitta,Yaloumbe,NA,January_2023,0.4300000071525574
Togo,Centre,TGO.1.1_2,Blitta,Yaloumbe,NA,February_2023,0.8500000238418579
Togo,Centre,TGO.1.1_2,Blitta,Yaloumbe,NA,March_2023,1.6779999732971191
Togo,Centre,TGO.1.1_2,Blitta,Yaloumbe,NA,April_2023,2.1600000858306885
Togo,Centre,TGO.1.1_2,Blitta,Yaloumbe,NA,May_2023,2.2809998989105225
Togo,Centre,TGO.1.1_2,Blitta,Yaloumbe,NA,June_2023,2.0899999141693115
Togo,Centre,TGO.1.1_2,Blitta,Yaloumbe,NA,July_2023,1.5640000104904175
Togo,Centre,TGO.1.1_2,Blitta,Yaloumbe,NA,August_2023,1.4149999618530273
Togo,Centre,TGO.1.1_2,Blitta,Yaloumbe,NA,September_2023,1.503000020980835
Togo,Centre,TGO.1.1_2,Blitta,Yaloumbe,NA,October_2023,2.0220000743865967
Togo,Centre,TGO.1.1_2,Blitta,Yaloumbe,NA,November_2023,1.2979999780654907
Togo,Centre,TGO.1.1_2,Blitta,Yaloumbe,NA,December_2023,0.6790000200271606
Togo,Centre,TGO.1.1_2,Blitta,Yegue,NA,January_2023,0.3610000014305115
Togo,Centre,TGO.1.1_2,Blitta,Yegue,NA,February_2023,0.859000027179718
Togo,Centre,TGO.1.1_2,Blitta,Yegue,NA,March_2023,1.972000002861023
Togo,Centre,TGO.1.1_2,Blitta,Yegue,NA,April_2023,1.9539999961853027
Togo,Centre,TGO.1.1_2,Blitta,Yegue,NA,May_2023,2.01200008392334
Togo,Centre,TGO.1.1_2,Blitta,Yegue,NA,June_2023,1.3339999914169312
Togo,Centre,TGO.1.1_2,Blitta,Yegue,NA,July_2023,1.2100000381469727
Togo,Centre,TGO.1.1_2,Blitta,Yegue,NA,August_2023,1.0989999771118164
Togo,Centre,TGO.1.1_2,Blitta,Yegue,NA,September_2023,1.190000057220459
Togo,Centre,TGO.1.1_2,Blitta,Yegue,NA,October_2023,1.6339999437332153
Togo,Centre,TGO.1.1_2,Blitta,Yegue,NA,November_2023,1.2619999647140503
Togo,Centre,TGO.1.1_2,Blitta,Yegue,NA,December_2023,0.6610000133514404
Togo,Centre,TGO.1.2_2,Mô,Boulohou,NA,January_2023,0.4136666754881541
Togo,Centre,TGO.1.2_2,Mô,Boulohou,NA,February_2023,0.8233333428700765
Togo,Centre,TGO.1.2_2,Mô,Boulohou,NA,March_2023,1.9896666606267293
Togo,Centre,TGO.1.2_2,Mô,Boulohou,NA,April_2023,2.3829999764760337
Togo,Centre,TGO.1.2_2,Mô,Boulohou,NA,May_2023,2.3296666940053306
Togo,Centre,TGO.1.2_2,Mô,Boulohou,NA,June_2023,2.1346667607625327
Togo,Centre,TGO.1.2_2,Mô,Boulohou,NA,July_2023,1.815333326657613
Togo,Centre,TGO.1.2_2,Mô,Boulohou,NA,August_2023,1.400000015894572
Togo,Centre,TGO.1.2_2,Mô,Boulohou,NA,September_2023,1.4819999933242798
Togo,Centre,TGO.1.2_2,Mô,Boulohou,NA,October_2023,2.043333331743876
Togo,Centre,TGO.1.2_2,Mô,Boulohou,NA,November_2023,1.4699999888737996
Togo,Centre,TGO.1.2_2,Mô,Boulohou,NA,December_2023,0.7139999866485596
Togo,Centre,TGO.1.2_2,Mô,Djarkpanga,NA,January_2023,0.3893333375453949
Togo,Centre,TGO.1.2_2,Mô,Djarkpanga,NA,February_2023,0.7696666717529297
Togo,Centre,TGO.1.2_2,Mô,Djarkpanga,NA,March_2023,1.7889999945958455
Togo,Centre,TGO.1.2_2,Mô,Djarkpanga,NA,April_2023,2.4856666723887124
Togo,Centre,TGO.1.2_2,Mô,Djarkpanga,NA,May_2023,2.6133333841959634
Togo,Centre,TGO.1.2_2,Mô,Djarkpanga,NA,June_2023,2.325666666030884
Togo,Centre,TGO.1.2_2,Mô,Djarkpanga,NA,July_2023,2.1666666666666665
Togo,Centre,TGO.1.2_2,Mô,Djarkpanga,NA,August_2023,2.0080000162124634
Togo,Centre,TGO.1.2_2,Mô,Djarkpanga,NA,September_2023,1.658666690190633
Togo,Centre,TGO.1.2_2,Mô,Djarkpanga,NA,October_2023,2.2089999516805015
Togo,Centre,TGO.1.2_2,Mô,Djarkpanga,NA,November_2023,1.6370000044504802
Togo,Centre,TGO.1.2_2,Mô,Djarkpanga,NA,December_2023,0.7249999841054281
Togo,Centre,TGO.1.2_2,Mô,Kagnigbara,NA,January_2023,0.41633333762486774
Togo,Centre,TGO.1.2_2,Mô,Kagnigbara,NA,February_2023,0.7820000052452087
Togo,Centre,TGO.1.2_2,Mô,Kagnigbara,NA,March_2023,1.9006666739781697
Togo,Centre,TGO.1.2_2,Mô,Kagnigbara,NA,April_2023,2.560000022252401
Togo,Centre,TGO.1.2_2,Mô,Kagnigbara,NA,May_2023,2.540333350499471
Togo,Centre,TGO.1.2_2,Mô,Kagnigbara,NA,June_2023,2.3019999663035073
Togo,Centre,TGO.1.2_2,Mô,Kagnigbara,NA,July_2023,2.133999983469645
Togo,Centre,TGO.1.2_2,Mô,Kagnigbara,NA,August_2023,1.6983332633972168
Togo,Centre,TGO.1.2_2,Mô,Kagnigbara,NA,September_2023,1.6196666558583577
Togo,Centre,TGO.1.2_2,Mô,Kagnigbara,NA,October_2023,2.178333361943563
Togo,Centre,TGO.1.2_2,Mô,Kagnigbara,NA,November_2023,1.5363333225250244
Togo,Centre,TGO.1.2_2,Mô,Kagnigbara,NA,December_2023,0.7026666601498922
Togo,Centre,TGO.1.2_2,Mô,Saiboude,NA,January_2023,0.4480000138282776
Togo,Centre,TGO.1.2_2,Mô,Saiboude,NA,February_2023,0.7789999842643738
Togo,Centre,TGO.1.2_2,Mô,Saiboude,NA,March_2023,1.8519999980926514
Togo,Centre,TGO.1.2_2,Mô,Saiboude,NA,April_2023,2.4619998931884766
Togo,Centre,TGO.1.2_2,Mô,Saiboude,NA,May_2023,2.3389999866485596
Togo,Centre,TGO.1.2_2,Mô,Saiboude,NA,June_2023,2.2690000534057617
Togo,Centre,TGO.1.2_2,Mô,Saiboude,NA,July_2023,2.072000026702881
Togo,Centre,TGO.1.2_2,Mô,Saiboude,NA,August_2023,1.9079999923706055
Togo,Centre,TGO.1.2_2,Mô,Saiboude,NA,September_2023,1.5920000076293945
Togo,Centre,TGO.1.2_2,Mô,Saiboude,NA,October_2023,2.184000015258789
Togo,Centre,TGO.1.2_2,Mô,Saiboude,NA,November_2023,1.684999942779541
Togo,Centre,TGO.1.2_2,Mô,Saiboude,NA,December_2023,0.7409999966621399
Togo,Centre,TGO.1.2_2,Mô,Tindjassi,NA,January_2023,0.40400001406669617
Togo,Centre,TGO.1.2_2,Mô,Tindjassi,NA,February_2023,0.8109999895095825
Togo,Centre,TGO.1.2_2,Mô,Tindjassi,NA,March_2023,1.9420000314712524
Togo,Centre,TGO.1.2_2,Mô,Tindjassi,NA,April_2023,2.453000068664551
Togo,Centre,TGO.1.2_2,Mô,Tindjassi,NA,May_2023,2.2699999809265137
Togo,Centre,TGO.1.2_2,Mô,Tindjassi,NA,June_2023,2.1070001125335693
Togo,Centre,TGO.1.2_2,Mô,Tindjassi,NA,July_2023,1.934999942779541
Togo,Centre,TGO.1.2_2,Mô,Tindjassi,NA,August_2023,1.375
Togo,Centre,TGO.1.2_2,Mô,Tindjassi,NA,September_2023,1.4789999723434448
Togo,Centre,TGO.1.2_2,Mô,Tindjassi,NA,October_2023,2.062000036239624
Togo,Centre,TGO.1.2_2,Mô,Tindjassi,NA,November_2023,1.597000002861023
Togo,Centre,TGO.1.2_2,Mô,Tindjassi,NA,December_2023,0.7229999899864197
Togo,Centre,TGO.1.3_2,Sotouboua,Adjengere,NA,January_2023,0.4059999883174896
Togo,Centre,TGO.1.3_2,Sotouboua,Adjengere,NA,February_2023,0.8130000233650208
Togo,Centre,TGO.1.3_2,Sotouboua,Adjengere,NA,March_2023,1.9570000171661377
Togo,Centre,TGO.1.3_2,Sotouboua,Adjengere,NA,April_2023,2.2090001106262207
Togo,Centre,TGO.1.3_2,Sotouboua,Adjengere,NA,May_2023,2.378999948501587
Togo,Centre,TGO.1.3_2,Sotouboua,Adjengere,NA,June_2023,2.1489999294281006
Togo,Centre,TGO.1.3_2,Sotouboua,Adjengere,NA,July_2023,1.5549999475479126
Togo,Centre,TGO.1.3_2,Sotouboua,Adjengere,NA,August_2023,1.440999984741211
Togo,Centre,TGO.1.3_2,Sotouboua,Adjengere,NA,September_2023,1.5069999694824219
Togo,Centre,TGO.1.3_2,Sotouboua,Adjengere,NA,October_2023,2.052000045776367
Togo,Centre,TGO.1.3_2,Sotouboua,Adjengere,NA,November_2023,1.1829999685287476
Togo,Centre,TGO.1.3_2,Sotouboua,Adjengere,NA,December_2023,0.6420000195503235
Togo,Centre,TGO.1.3_2,Sotouboua,Aouda,NA,January_2023,0.43025000393390656
Togo,Centre,TGO.1.3_2,Sotouboua,Aouda,NA,February_2023,0.8181250020861626
Togo,Centre,TGO.1.3_2,Sotouboua,Aouda,NA,March_2023,1.878250002861023
Togo,Centre,TGO.1.3_2,Sotouboua,Aouda,NA,April_2023,2.398624986410141
Togo,Centre,TGO.1.3_2,Sotouboua,Aouda,NA,May_2023,2.4032500088214874
Togo,Centre,TGO.1.3_2,Sotouboua,Aouda,NA,June_2023,2.222875028848648
Togo,Centre,TGO.1.3_2,Sotouboua,Aouda,NA,July_2023,1.7951249927282333
Togo,Centre,TGO.1.3_2,Sotouboua,Aouda,NA,August_2023,1.5591250211000443
Togo,Centre,TGO.1.3_2,Sotouboua,Aouda,NA,September_2023,1.5609999895095825
Togo,Centre,TGO.1.3_2,Sotouboua,Aouda,NA,October_2023,2.090999960899353
Togo,Centre,TGO.1.3_2,Sotouboua,Aouda,NA,November_2023,1.2460000067949295
Togo,Centre,TGO.1.3_2,Sotouboua,Aouda,NA,December_2023,0.6709999963641167
Togo,Centre,TGO.1.3_2,Sotouboua,Bodjonde,NA,January_2023,0.4232499971985817
Togo,Centre,TGO.1.3_2,Sotouboua,Bodjonde,NA,February_2023,0.882750004529953
Togo,Centre,TGO.1.3_2,Sotouboua,Bodjonde,NA,March_2023,1.840250015258789
Togo,Centre,TGO.1.3_2,Sotouboua,Bodjonde,NA,April_2023,2.162499964237213
Togo,Centre,TGO.1.3_2,Sotouboua,Bodjonde,NA,May_2023,2.284999966621399
Togo,Centre,TGO.1.3_2,Sotouboua,Bodjonde,NA,June_2023,2.0477499663829803
Togo,Centre,TGO.1.3_2,Sotouboua,Bodjonde,NA,July_2023,1.4979999959468842
Togo,Centre,TGO.1.3_2,Sotouboua,Bodjonde,NA,August_2023,1.3782499730587006
Togo,Centre,TGO.1.3_2,Sotouboua,Bodjonde,NA,September_2023,1.4432500004768372
Togo,Centre,TGO.1.3_2,Sotouboua,Bodjonde,NA,October_2023,1.9422500133514404
Togo,Centre,TGO.1.3_2,Sotouboua,Bodjonde,NA,November_2023,1.2152499854564667
Togo,Centre,TGO.1.3_2,Sotouboua,Bodjonde,NA,December_2023,0.6612499952316284
Togo,Centre,TGO.1.3_2,Sotouboua,Fazao,NA,January_2023,0.4244999885559082
Togo,Centre,TGO.1.3_2,Sotouboua,Fazao,NA,February_2023,0.8339999914169312
Togo,Centre,TGO.1.3_2,Sotouboua,Fazao,NA,March_2023,2.0199999809265137
Togo,Centre,TGO.1.3_2,Sotouboua,Fazao,NA,April_2023,2.3725000619888306
Togo,Centre,TGO.1.3_2,Sotouboua,Fazao,NA,May_2023,2.3690000772476196
Togo,Centre,TGO.1.3_2,Sotouboua,Fazao,NA,June_2023,2.1480000019073486
Togo,Centre,TGO.1.3_2,Sotouboua,Fazao,NA,July_2023,1.5365000367164612
Togo,Centre,TGO.1.3_2,Sotouboua,Fazao,NA,August_2023,1.4249999523162842
Togo,Centre,TGO.1.3_2,Sotouboua,Fazao,NA,September_2023,1.5
Togo,Centre,TGO.1.3_2,Sotouboua,Fazao,NA,October_2023,2.035499930381775
Togo,Centre,TGO.1.3_2,Sotouboua,Fazao,NA,November_2023,1.253499984741211
Togo,Centre,TGO.1.3_2,Sotouboua,Fazao,NA,December_2023,0.6875
Togo,Centre,TGO.1.3_2,Sotouboua,Kaniamboua,NA,January_2023,0.4020000100135803
Togo,Centre,TGO.1.3_2,Sotouboua,Kaniamboua,NA,February_2023,0.8410000205039978
Togo,Centre,TGO.1.3_2,Sotouboua,Kaniamboua,NA,March_2023,1.9160000085830688
Togo,Centre,TGO.1.3_2,Sotouboua,Kaniamboua,NA,April_2023,2.1700000762939453
Togo,Centre,TGO.1.3_2,Sotouboua,Kaniamboua,NA,May_2023,2.308000087738037
Togo,Centre,TGO.1.3_2,Sotouboua,Kaniamboua,NA,June_2023,2.066999912261963
Togo,Centre,TGO.1.3_2,Sotouboua,Kaniamboua,NA,July_2023,1.5190000534057617
Togo,Centre,TGO.1.3_2,Sotouboua,Kaniamboua,NA,August_2023,1.3830000162124634
Togo,Centre,TGO.1.3_2,Sotouboua,Kaniamboua,NA,September_2023,1.4600000381469727
Togo,Centre,TGO.1.3_2,Sotouboua,Kaniamboua,NA,October_2023,1.9550000429153442
Togo,Centre,TGO.1.3_2,Sotouboua,Kaniamboua,NA,November_2023,1.1699999570846558
Togo,Centre,TGO.1.3_2,Sotouboua,Kaniamboua,NA,December_2023,0.6320000290870667
Togo,Centre,TGO.1.3_2,Sotouboua,Kazaboua,NA,January_2023,0.44050000607967377
Togo,Centre,TGO.1.3_2,Sotouboua,Kazaboua,NA,February_2023,0.8830000162124634
Togo,Centre,TGO.1.3_2,Sotouboua,Kazaboua,NA,March_2023,1.6805000305175781
Togo,Centre,TGO.1.3_2,Sotouboua,Kazaboua,NA,April_2023,2.3359999656677246
Togo,Centre,TGO.1.3_2,Sotouboua,Kazaboua,NA,May_2023,2.3075000047683716
Togo,Centre,TGO.1.3_2,Sotouboua,Kazaboua,NA,June_2023,2.121999979019165
Togo,Centre,TGO.1.3_2,Sotouboua,Kazaboua,NA,July_2023,1.5604999661445618
Togo,Centre,TGO.1.3_2,Sotouboua,Kazaboua,NA,August_2023,1.437999963760376
Togo,Centre,TGO.1.3_2,Sotouboua,Kazaboua,NA,September_2023,1.5
Togo,Centre,TGO.1.3_2,Sotouboua,Kazaboua,NA,October_2023,2.0445000529289246
Togo,Centre,TGO.1.3_2,Sotouboua,Kazaboua,NA,November_2023,1.2795000076293945
Togo,Centre,TGO.1.3_2,Sotouboua,Kazaboua,NA,December_2023,0.6769999861717224
Togo,Centre,TGO.1.3_2,Sotouboua,Sessaro,NA,January_2023,0.4659999907016754
Togo,Centre,TGO.1.3_2,Sotouboua,Sessaro,NA,February_2023,0.9290000200271606
Togo,Centre,TGO.1.3_2,Sotouboua,Sessaro,NA,March_2023,1.7549999952316284
Togo,Centre,TGO.1.3_2,Sotouboua,Sessaro,NA,April_2023,2.234999895095825
Togo,Centre,TGO.1.3_2,Sotouboua,Sessaro,NA,May_2023,2.3989999294281006
Togo,Centre,TGO.1.3_2,Sotouboua,Sessaro,NA,June_2023,2.194999933242798
Togo,Centre,TGO.1.3_2,Sotouboua,Sessaro,NA,July_2023,1.6460000276565552
Togo,Centre,TGO.1.3_2,Sotouboua,Sessaro,NA,August_2023,1.4989999532699585
Togo,Centre,TGO.1.3_2,Sotouboua,Sessaro,NA,September_2023,1.5579999685287476
Togo,Centre,TGO.1.3_2,Sotouboua,Sessaro,NA,October_2023,2.0929999351501465
Togo,Centre,TGO.1.3_2,Sotouboua,Sessaro,NA,November_2023,1.2649999856948853
Togo,Centre,TGO.1.3_2,Sotouboua,Sessaro,NA,December_2023,0.7009999752044678
Togo,Centre,TGO.1.3_2,Sotouboua,Sotouboua,NA,January_2023,0.394666666785876
Togo,Centre,TGO.1.3_2,Sotouboua,Sotouboua,NA,February_2023,0.8199999928474426
Togo,Centre,TGO.1.3_2,Sotouboua,Sotouboua,NA,March_2023,1.9896666804949443
Togo,Centre,TGO.1.3_2,Sotouboua,Sotouboua,NA,April_2023,2.1385000149408975
Togo,Centre,TGO.1.3_2,Sotouboua,Sotouboua,NA,May_2023,2.265666683514913
Togo,Centre,TGO.1.3_2,Sotouboua,Sotouboua,NA,June_2023,2.0016666650772095
Togo,Centre,TGO.1.3_2,Sotouboua,Sotouboua,NA,July_2023,1.4376666744550068
Togo,Centre,TGO.1.3_2,Sotouboua,Sotouboua,NA,August_2023,1.321666677792867
Togo,Centre,TGO.1.3_2,Sotouboua,Sotouboua,NA,September_2023,1.3941666682561238
Togo,Centre,TGO.1.3_2,Sotouboua,Sotouboua,NA,October_2023,1.9021666844685872
Togo,Centre,TGO.1.3_2,Sotouboua,Sotouboua,NA,November_2023,1.2113333344459534
Togo,Centre,TGO.1.3_2,Sotouboua,Sotouboua,NA,December_2023,0.656500001748403
Togo,Centre,TGO.1.3_2,Sotouboua,Tabinde,NA,January_2023,0.46699999272823334
Togo,Centre,TGO.1.3_2,Sotouboua,Tabinde,NA,February_2023,0.949999988079071
Togo,Centre,TGO.1.3_2,Sotouboua,Tabinde,NA,March_2023,1.8209999799728394
Togo,Centre,TGO.1.3_2,Sotouboua,Tabinde,NA,April_2023,2.228999972343445
Togo,Centre,TGO.1.3_2,Sotouboua,Tabinde,NA,May_2023,2.396999955177307
Togo,Centre,TGO.1.3_2,Sotouboua,Tabinde,NA,June_2023,2.162500023841858
Togo,Centre,TGO.1.3_2,Sotouboua,Tabinde,NA,July_2023,1.5924999713897705
Togo,Centre,TGO.1.3_2,Sotouboua,Tabinde,NA,August_2023,1.44650000333786
Togo,Centre,TGO.1.3_2,Sotouboua,Tabinde,NA,September_2023,1.5329999923706055
Togo,Centre,TGO.1.3_2,Sotouboua,Tabinde,NA,October_2023,2.0709999799728394
Togo,Centre,TGO.1.3_2,Sotouboua,Tabinde,NA,November_2023,1.274999976158142
Togo,Centre,TGO.1.3_2,Sotouboua,Tabinde,NA,December_2023,0.7060000002384186
Togo,Centre,TGO.1.3_2,Sotouboua,Tchebebe,NA,January_2023,0.38733333349227905
Togo,Centre,TGO.1.3_2,Sotouboua,Tchebebe,NA,February_2023,0.8203333417574564
Togo,Centre,TGO.1.3_2,Sotouboua,Tchebebe,NA,March_2023,1.9356666803359985
Togo,Centre,TGO.1.3_2,Sotouboua,Tchebebe,NA,April_2023,2.084666649500529
Togo,Centre,TGO.1.3_2,Sotouboua,Tchebebe,NA,May_2023,2.197333335876465
Togo,Centre,TGO.1.3_2,Sotouboua,Tchebebe,NA,June_2023,1.934333324432373
Togo,Centre,TGO.1.3_2,Sotouboua,Tchebebe,NA,July_2023,1.3946666717529297
Togo,Centre,TGO.1.3_2,Sotouboua,Tchebebe,NA,August_2023,1.2733333508173625
Togo,Centre,TGO.1.3_2,Sotouboua,Tchebebe,NA,September_2023,1.3413333495457966
Togo,Centre,TGO.1.3_2,Sotouboua,Tchebebe,NA,October_2023,1.8366666634877522
Togo,Centre,TGO.1.3_2,Sotouboua,Tchebebe,NA,November_2023,1.215666651725769
Togo,Centre,TGO.1.3_2,Sotouboua,Tchebebe,NA,December_2023,0.6523333390553793
Togo,Centre,TGO.1.3_2,Sotouboua,Titigbe,NA,January_2023,0.4359999895095825
Togo,Centre,TGO.1.3_2,Sotouboua,Titigbe,NA,February_2023,0.890999972820282
Togo,Centre,TGO.1.3_2,Sotouboua,Titigbe,NA,March_2023,1.8589999675750732
Togo,Centre,TGO.1.3_2,Sotouboua,Titigbe,NA,April_2023,2.2239999771118164
Togo,Centre,TGO.1.3_2,Sotouboua,Titigbe,NA,May_2023,2.3910000324249268
Togo,Centre,TGO.1.3_2,Sotouboua,Titigbe,NA,June_2023,2.1500000953674316
Togo,Centre,TGO.1.3_2,Sotouboua,Titigbe,NA,July_2023,1.5820000171661377
Togo,Centre,TGO.1.3_2,Sotouboua,Titigbe,NA,August_2023,1.4670000076293945
Togo,Centre,TGO.1.3_2,Sotouboua,Titigbe,NA,September_2023,1.5369999408721924
Togo,Centre,TGO.1.3_2,Sotouboua,Titigbe,NA,October_2023,2.0420000553131104
Togo,Centre,TGO.1.3_2,Sotouboua,Titigbe,NA,November_2023,1.2130000591278076
Togo,Centre,TGO.1.3_2,Sotouboua,Titigbe,NA,December_2023,0.6790000200271606
Togo,Centre,TGO.1.4_2,Tchamba,Affem,NA,January_2023,0.4235000014305115
Togo,Centre,TGO.1.4_2,Tchamba,Affem,NA,February_2023,0.7495000064373016
Togo,Centre,TGO.1.4_2,Tchamba,Affem,NA,March_2023,1.5424999594688416
Togo,Centre,TGO.1.4_2,Tchamba,Affem,NA,April_2023,2.6295000314712524
Togo,Centre,TGO.1.4_2,Tchamba,Affem,NA,May_2023,2.512500047683716
Togo,Centre,TGO.1.4_2,Tchamba,Affem,NA,June_2023,2.3049999475479126
Togo,Centre,TGO.1.4_2,Tchamba,Affem,NA,July_2023,2.187000036239624
Togo,Centre,TGO.1.4_2,Tchamba,Affem,NA,August_2023,1.5864999890327454
Togo,Centre,TGO.1.4_2,Tchamba,Affem,NA,September_2023,1.6570000052452087
Togo,Centre,TGO.1.4_2,Tchamba,Affem,NA,October_2023,2.10699999332428
Togo,Centre,TGO.1.4_2,Tchamba,Affem,NA,November_2023,1.1639999747276306
Togo,Centre,TGO.1.4_2,Tchamba,Affem,NA,December_2023,0.6539999842643738
Togo,Centre,TGO.1.4_2,Tchamba,Alibi,NA,January_2023,0.45300000309944155
Togo,Centre,TGO.1.4_2,Tchamba,Alibi,NA,February_2023,0.8557999968528748
Togo,Centre,TGO.1.4_2,Tchamba,Alibi,NA,March_2023,1.6327999830245972
Togo,Centre,TGO.1.4_2,Tchamba,Alibi,NA,April_2023,2.5282000064849854
Togo,Centre,TGO.1.4_2,Tchamba,Alibi,NA,May_2023,2.4366000175476072
Togo,Centre,TGO.1.4_2,Tchamba,Alibi,NA,June_2023,2.237400007247925
Togo,Centre,TGO.1.4_2,Tchamba,Alibi,NA,July_2023,2.0176000118255617
Togo,Centre,TGO.1.4_2,Tchamba,Alibi,NA,August_2023,1.5350000143051148
Togo,Centre,TGO.1.4_2,Tchamba,Alibi,NA,September_2023,1.5960000038146973
Togo,Centre,TGO.1.4_2,Tchamba,Alibi,NA,October_2023,2.1050000190734863
Togo,Centre,TGO.1.4_2,Tchamba,Alibi,NA,November_2023,1.236199975013733
Togo,Centre,TGO.1.4_2,Tchamba,Alibi,NA,December_2023,0.6916000008583069
Togo,Centre,TGO.1.4_2,Tchamba,Bago,NA,January_2023,0.46966665983200073
Togo,Centre,TGO.1.4_2,Tchamba,Bago,NA,February_2023,0.8823333183924357
Togo,Centre,TGO.1.4_2,Tchamba,Bago,NA,March_2023,1.5816666682561238
Togo,Centre,TGO.1.4_2,Tchamba,Bago,NA,April_2023,2.510333299636841
Togo,Centre,TGO.1.4_2,Tchamba,Bago,NA,May_2023,2.365000009536743
Togo,Centre,TGO.1.4_2,Tchamba,Bago,NA,June_2023,2.2243333657582602
Togo,Centre,TGO.1.4_2,Tchamba,Bago,NA,July_2023,2.102666695912679
Togo,Centre,TGO.1.4_2,Tchamba,Bago,NA,August_2023,1.4956666628519695
Togo,Centre,TGO.1.4_2,Tchamba,Bago,NA,September_2023,1.58733332157135
Togo,Centre,TGO.1.4_2,Tchamba,Bago,NA,October_2023,2.1436665852864585
Togo,Centre,TGO.1.4_2,Tchamba,Bago,NA,November_2023,1.3326666752497356
Togo,Centre,TGO.1.4_2,Tchamba,Bago,NA,December_2023,0.7176666657129923
Togo,Centre,TGO.1.4_2,Tchamba,Balanka,NA,January_2023,0.4339999854564667
Togo,Centre,TGO.1.4_2,Tchamba,Balanka,NA,February_2023,0.7649999856948853
Togo,Centre,TGO.1.4_2,Tchamba,Balanka,NA,March_2023,1.4179999828338623
Togo,Centre,TGO.1.4_2,Tchamba,Balanka,NA,April_2023,2.614000082015991
Togo,Centre,TGO.1.4_2,Tchamba,Balanka,NA,May_2023,2.5
Togo,Centre,TGO.1.4_2,Tchamba,Balanka,NA,June_2023,2.313999891281128
Togo,Centre,TGO.1.4_2,Tchamba,Balanka,NA,July_2023,2.193000078201294
Togo,Centre,TGO.1.4_2,Tchamba,Balanka,NA,August_2023,1.5759999752044678
Togo,Centre,TGO.1.4_2,Tchamba,Balanka,NA,September_2023,1.6679999828338623
Togo,Centre,TGO.1.4_2,Tchamba,Balanka,NA,October_2023,2.13100004196167
Togo,Centre,TGO.1.4_2,Tchamba,Balanka,NA,November_2023,1.2450000047683716
Togo,Centre,TGO.1.4_2,Tchamba,Balanka,NA,December_2023,0.6909999847412109
Togo,Centre,TGO.1.4_2,Tchamba,Goubi,NA,January_2023,0.46799999475479126
Togo,Centre,TGO.1.4_2,Tchamba,Goubi,NA,February_2023,0.8270000219345093
Togo,Centre,TGO.1.4_2,Tchamba,Goubi,NA,March_2023,1.4529999494552612
Togo,Centre,TGO.1.4_2,Tchamba,Goubi,NA,April_2023,2.5399999618530273
Togo,Centre,TGO.1.4_2,Tchamba,Goubi,NA,May_2023,2.3959999084472656
Togo,Centre,TGO.1.4_2,Tchamba,Goubi,NA,June_2023,2.250999927520752
Togo,Centre,TGO.1.4_2,Tchamba,Goubi,NA,July_2023,2.128999948501587
Togo,Centre,TGO.1.4_2,Tchamba,Goubi,NA,August_2023,1.5080000162124634
Togo,Centre,TGO.1.4_2,Tchamba,Goubi,NA,September_2023,1.597000002861023
Togo,Centre,TGO.1.4_2,Tchamba,Goubi,NA,October_2023,2.131999969482422
Togo,Centre,TGO.1.4_2,Tchamba,Goubi,NA,November_2023,1.5570000410079956
Togo,Centre,TGO.1.4_2,Tchamba,Goubi,NA,December_2023,0.7260000109672546
Togo,Centre,TGO.1.4_2,Tchamba,Kaboli,NA,January_2023,0.4644444419278039
Togo,Centre,TGO.1.4_2,Tchamba,Kaboli,NA,February_2023,0.8346666627460055
Togo,Centre,TGO.1.4_2,Tchamba,Kaboli,NA,March_2023,1.4537777768241034
Togo,Centre,TGO.1.4_2,Tchamba,Kaboli,NA,April_2023,2.5538889037238226
Togo,Centre,TGO.1.4_2,Tchamba,Kaboli,NA,May_2023,2.4136666191948786
Togo,Centre,TGO.1.4_2,Tchamba,Kaboli,NA,June_2023,2.263333373599582
Togo,Centre,TGO.1.4_2,Tchamba,Kaboli,NA,July_2023,2.1301111115349665
Togo,Centre,TGO.1.4_2,Tchamba,Kaboli,NA,August_2023,1.5236666599909465
Togo,Centre,TGO.1.4_2,Tchamba,Kaboli,NA,September_2023,1.6653333372539945
Togo,Centre,TGO.1.4_2,Tchamba,Kaboli,NA,October_2023,2.131777736875746
Togo,Centre,TGO.1.4_2,Tchamba,Kaboli,NA,November_2023,1.4157777627309163
Togo,Centre,TGO.1.4_2,Tchamba,Kaboli,NA,December_2023,0.7224444482061598
Togo,Centre,TGO.1.4_2,Tchamba,Koussountou,NA,January_2023,0.4584999978542328
Togo,Centre,TGO.1.4_2,Tchamba,Koussountou,NA,February_2023,0.8190000057220459
Togo,Centre,TGO.1.4_2,Tchamba,Koussountou,NA,March_2023,1.5525000095367432
Togo,Centre,TGO.1.4_2,Tchamba,Koussountou,NA,April_2023,2.6265000104904175
Togo,Centre,TGO.1.4_2,Tchamba,Koussountou,NA,May_2023,2.4459999799728394
Togo,Centre,TGO.1.4_2,Tchamba,Koussountou,NA,June_2023,2.2734999656677246
Togo,Centre,TGO.1.4_2,Tchamba,Koussountou,NA,July_2023,2.1424999237060547
Togo,Centre,TGO.1.4_2,Tchamba,Koussountou,NA,August_2023,1.5744999647140503
Togo,Centre,TGO.1.4_2,Tchamba,Koussountou,NA,September_2023,1.637000024318695
Togo,Centre,TGO.1.4_2,Tchamba,Koussountou,NA,October_2023,2.1299999952316284
Togo,Centre,TGO.1.4_2,Tchamba,Koussountou,NA,November_2023,1.2674999833106995
Togo,Centre,TGO.1.4_2,Tchamba,Koussountou,NA,December_2023,0.7134999930858612
Togo,Centre,TGO.1.4_2,Tchamba,Kri-Kri,NA,January_2023,0.419500008225441
Togo,Centre,TGO.1.4_2,Tchamba,Kri-Kri,NA,February_2023,0.7699999809265137
Togo,Centre,TGO.1.4_2,Tchamba,Kri-Kri,NA,March_2023,1.5515000224113464
Togo,Centre,TGO.1.4_2,Tchamba,Kri-Kri,NA,April_2023,2.4570000171661377
Togo,Centre,TGO.1.4_2,Tchamba,Kri-Kri,NA,May_2023,2.46999990940094
Togo,Centre,TGO.1.4_2,Tchamba,Kri-Kri,NA,June_2023,2.2380000352859497
Togo,Centre,TGO.1.4_2,Tchamba,Kri-Kri,NA,July_2023,1.665499985218048
Togo,Centre,TGO.1.4_2,Tchamba,Kri-Kri,NA,August_2023,1.546999990940094
Togo,Centre,TGO.1.4_2,Tchamba,Kri-Kri,NA,September_2023,1.6019999980926514
Togo,Centre,TGO.1.4_2,Tchamba,Kri-Kri,NA,October_2023,2.0714999437332153
Togo,Centre,TGO.1.4_2,Tchamba,Kri-Kri,NA,November_2023,1.0975000262260437
Togo,Centre,TGO.1.4_2,Tchamba,Kri-Kri,NA,December_2023,0.6234999895095825
Togo,Centre,TGO.1.4_2,Tchamba,Larni,NA,January_2023,0.4309999942779541
Togo,Centre,TGO.1.4_2,Tchamba,Larni,NA,February_2023,0.8009999990463257
Togo,Centre,TGO.1.4_2,Tchamba,Larni,NA,March_2023,1.590999960899353
Togo,Centre,TGO.1.4_2,Tchamba,Larni,NA,April_2023,2.634000062942505
Togo,Centre,TGO.1.4_2,Tchamba,Larni,NA,May_2023,2.4749999046325684
Togo,Centre,TGO.1.4_2,Tchamba,Larni,NA,June_2023,2.234999895095825
Togo,Centre,TGO.1.4_2,Tchamba,Larni,NA,July_2023,1.6549999713897705
Togo,Centre,TGO.1.4_2,Tchamba,Larni,NA,August_2023,1.5369999408721924
Togo,Centre,TGO.1.4_2,Tchamba,Larni,NA,September_2023,1.6080000400543213
Togo,Centre,TGO.1.4_2,Tchamba,Larni,NA,October_2023,2.0829999446868896
Togo,Centre,TGO.1.4_2,Tchamba,Larni,NA,November_2023,1.1460000276565552
Togo,Centre,TGO.1.4_2,Tchamba,Larni,NA,December_2023,0.6470000147819519
Togo,Centre,TGO.1.4_2,Tchamba,Tchamba,NA,January_2023,0.45100000500679016
Togo,Centre,TGO.1.4_2,Tchamba,Tchamba,NA,February_2023,0.8040000001589457
Togo,Centre,TGO.1.4_2,Tchamba,Tchamba,NA,March_2023,1.556666652361552
Togo,Centre,TGO.1.4_2,Tchamba,Tchamba,NA,April_2023,2.6503333250681558
Togo,Centre,TGO.1.4_2,Tchamba,Tchamba,NA,May_2023,2.4890000025431314
Togo,Centre,TGO.1.4_2,Tchamba,Tchamba,NA,June_2023,2.300333340962728
Togo,Centre,TGO.1.4_2,Tchamba,Tchamba,NA,July_2023,2.1546666622161865
Togo,Centre,TGO.1.4_2,Tchamba,Tchamba,NA,August_2023,1.5899999936421711
Togo,Centre,TGO.1.4_2,Tchamba,Tchamba,NA,September_2023,1.6406666437784831
Togo,Centre,TGO.1.4_2,Tchamba,Tchamba,NA,October_2023,2.119666655858358
Togo,Centre,TGO.1.4_2,Tchamba,Tchamba,NA,November_2023,1.215333342552185
Togo,Centre,TGO.1.4_2,Tchamba,Tchamba,NA,December_2023,0.6943333347638448
Togo,Centre,TGO.1.5_2,Tchaudjo,Agoulou,NA,January_2023,0.42900000512599945
Togo,Centre,TGO.1.5_2,Tchaudjo,Agoulou,NA,February_2023,0.8005000054836273
Togo,Centre,TGO.1.5_2,Tchaudjo,Agoulou,NA,March_2023,1.6404999494552612
Togo,Centre,TGO.1.5_2,Tchaudjo,Agoulou,NA,April_2023,2.284000039100647
Togo,Centre,TGO.1.5_2,Tchaudjo,Agoulou,NA,May_2023,2.4504998922348022
Togo,Centre,TGO.1.5_2,Tchaudjo,Agoulou,NA,June_2023,2.2170000076293945
Togo,Centre,TGO.1.5_2,Tchaudjo,Agoulou,NA,July_2023,1.6445000171661377
Togo,Centre,TGO.1.5_2,Tchaudjo,Agoulou,NA,August_2023,1.5320000052452087
Togo,Centre,TGO.1.5_2,Tchaudjo,Agoulou,NA,September_2023,1.5770000219345093
Togo,Centre,TGO.1.5_2,Tchaudjo,Agoulou,NA,October_2023,2.05049991607666
Togo,Centre,TGO.1.5_2,Tchaudjo,Agoulou,NA,November_2023,1.0964999794960022
Togo,Centre,TGO.1.5_2,Tchaudjo,Agoulou,NA,December_2023,0.6150000095367432
Togo,Centre,TGO.1.5_2,Tchaudjo,Aleheride/Amaide,NA,January_2023,0.44099999964237213
Togo,Centre,TGO.1.5_2,Tchaudjo,Aleheride/Amaide,NA,February_2023,0.8149999976158142
Togo,Centre,TGO.1.5_2,Tchaudjo,Aleheride/Amaide,NA,March_2023,1.7599999904632568
Togo,Centre,TGO.1.5_2,Tchaudjo,Aleheride/Amaide,NA,April_2023,2.4539999961853027
Togo,Centre,TGO.1.5_2,Tchaudjo,Aleheride/Amaide,NA,May_2023,2.4179999828338623
Togo,Centre,TGO.1.5_2,Tchaudjo,Aleheride/Amaide,NA,June_2023,2.203499913215637
Togo,Centre,TGO.1.5_2,Tchaudjo,Aleheride/Amaide,NA,July_2023,1.6134999990463257
Togo,Centre,TGO.1.5_2,Tchaudjo,Aleheride/Amaide,NA,August_2023,1.5164999961853027
Togo,Centre,TGO.1.5_2,Tchaudjo,Aleheride/Amaide,NA,September_2023,1.5684999823570251
Togo,Centre,TGO.1.5_2,Tchaudjo,Aleheride/Amaide,NA,October_2023,2.0544999837875366
Togo,Centre,TGO.1.5_2,Tchaudjo,Aleheride/Amaide,NA,November_2023,1.0975000262260437
Togo,Centre,TGO.1.5_2,Tchaudjo,Aleheride/Amaide,NA,December_2023,0.6355000138282776
Togo,Centre,TGO.1.5_2,Tchaudjo,Kadambara,NA,January_2023,0.45100000500679016
Togo,Centre,TGO.1.5_2,Tchaudjo,Kadambara,NA,February_2023,0.8715000152587891
Togo,Centre,TGO.1.5_2,Tchaudjo,Kadambara,NA,March_2023,1.6979999542236328
Togo,Centre,TGO.1.5_2,Tchaudjo,Kadambara,NA,April_2023,2.4170000553131104
Togo,Centre,TGO.1.5_2,Tchaudjo,Kadambara,NA,May_2023,2.4035000801086426
Togo,Centre,TGO.1.5_2,Tchaudjo,Kadambara,NA,June_2023,2.2014999389648438
Togo,Centre,TGO.1.5_2,Tchaudjo,Kadambara,NA,July_2023,1.8544999957084656
Togo,Centre,TGO.1.5_2,Tchaudjo,Kadambara,NA,August_2023,1.5205000042915344
Togo,Centre,TGO.1.5_2,Tchaudjo,Kadambara,NA,September_2023,1.5644999742507935
Togo,Centre,TGO.1.5_2,Tchaudjo,Kadambara,NA,October_2023,2.081499934196472
Togo,Centre,TGO.1.5_2,Tchaudjo,Kadambara,NA,November_2023,1.2079999446868896
Togo,Centre,TGO.1.5_2,Tchaudjo,Kadambara,NA,December_2023,0.679500013589859
Togo,Centre,TGO.1.5_2,Tchaudjo,Kemeni,NA,January_2023,0.42800000309944153
Togo,Centre,TGO.1.5_2,Tchaudjo,Kemeni,NA,February_2023,0.8090000152587891
Togo,Centre,TGO.1.5_2,Tchaudjo,Kemeni,NA,March_2023,1.6920000314712524
Togo,Centre,TGO.1.5_2,Tchaudjo,Kemeni,NA,April_2023,2.2750000953674316
Togo,Centre,TGO.1.5_2,Tchaudjo,Kemeni,NA,May_2023,2.4110000133514404
Togo,Centre,TGO.1.5_2,Tchaudjo,Kemeni,NA,June_2023,2.183000087738037
Togo,Centre,TGO.1.5_2,Tchaudjo,Kemeni,NA,July_2023,1.5980000495910645
Togo,Centre,TGO.1.5_2,Tchaudjo,Kemeni,NA,August_2023,1.5
Togo,Centre,TGO.1.5_2,Tchaudjo,Kemeni,NA,September_2023,1.5390000343322754
Togo,Centre,TGO.1.5_2,Tchaudjo,Kemeni,NA,October_2023,2.0179998874664307
Togo,Centre,TGO.1.5_2,Tchaudjo,Kemeni,NA,November_2023,1.0789999961853027
Togo,Centre,TGO.1.5_2,Tchaudjo,Kemeni,NA,December_2023,0.6200000047683716
Togo,Centre,TGO.1.5_2,Tchaudjo,Kolina,NA,January_2023,0.4400000125169754
Togo,Centre,TGO.1.5_2,Tchaudjo,Kolina,NA,February_2023,0.8285000026226044
Togo,Centre,TGO.1.5_2,Tchaudjo,Kolina,NA,March_2023,1.777500033378601
Togo,Centre,TGO.1.5_2,Tchaudjo,Kolina,NA,April_2023,2.2615000009536743
Togo,Centre,TGO.1.5_2,Tchaudjo,Kolina,NA,May_2023,2.4179999828338623
Togo,Centre,TGO.1.5_2,Tchaudjo,Kolina,NA,June_2023,2.194000005722046
Togo,Centre,TGO.1.5_2,Tchaudjo,Kolina,NA,July_2023,1.6030000448226929
Togo,Centre,TGO.1.5_2,Tchaudjo,Kolina,NA,August_2023,1.4954999685287476
Togo,Centre,TGO.1.5_2,Tchaudjo,Kolina,NA,September_2023,1.5494999885559082
Togo,Centre,TGO.1.5_2,Tchaudjo,Kolina,NA,October_2023,2.0544999837875366
Togo,Centre,TGO.1.5_2,Tchaudjo,Kolina,NA,November_2023,1.1169999837875366
Togo,Centre,TGO.1.5_2,Tchaudjo,Kolina,NA,December_2023,0.645499974489212
Togo,Centre,TGO.1.5_2,Tchaudjo,Komah,NA,January_2023,0.4480000138282776
Togo,Centre,TGO.1.5_2,Tchaudjo,Komah,NA,February_2023,0.8510000109672546
Togo,Centre,TGO.1.5_2,Tchaudjo,Komah,NA,March_2023,1.781000018119812
Togo,Centre,TGO.1.5_2,Tchaudjo,Komah,NA,April_2023,2.257999897003174
Togo,Centre,TGO.1.5_2,Tchaudjo,Komah,NA,May_2023,2.4100000858306885
Togo,Centre,TGO.1.5_2,Tchaudjo,Komah,NA,June_2023,2.196000099182129
Togo,Centre,TGO.1.5_2,Tchaudjo,Komah,NA,July_2023,1.6119999885559082
Togo,Centre,TGO.1.5_2,Tchaudjo,Komah,NA,August_2023,1.503000020980835
Togo,Centre,TGO.1.5_2,Tchaudjo,Komah,NA,September_2023,1.5470000505447388
Togo,Centre,TGO.1.5_2,Tchaudjo,Komah,NA,October_2023,2.065000057220459
Togo,Centre,TGO.1.5_2,Tchaudjo,Komah,NA,November_2023,1.159000039100647
Togo,Centre,TGO.1.5_2,Tchaudjo,Komah,NA,December_2023,0.6639999747276306
Togo,Centre,TGO.1.5_2,Tchaudjo,Kpangalam,NA,January_2023,0.4466666678587596
Togo,Centre,TGO.1.5_2,Tchaudjo,Kpangalam,NA,February_2023,0.8143333196640015
Togo,Centre,TGO.1.5_2,Tchaudjo,Kpangalam,NA,March_2023,1.806000034014384
Togo,Centre,TGO.1.5_2,Tchaudjo,Kpangalam,NA,April_2023,2.4666666984558105
Togo,Centre,TGO.1.5_2,Tchaudjo,Kpangalam,NA,May_2023,2.3970000743865967
Togo,Centre,TGO.1.5_2,Tchaudjo,Kpangalam,NA,June_2023,2.2016666730244956
Togo,Centre,TGO.1.5_2,Tchaudjo,Kpangalam,NA,July_2023,1.6050000190734863
Togo,Centre,TGO.1.5_2,Tchaudjo,Kpangalam,NA,August_2023,1.5110000371932983
Togo,Centre,TGO.1.5_2,Tchaudjo,Kpangalam,NA,September_2023,1.5503333806991577
Togo,Centre,TGO.1.5_2,Tchaudjo,Kpangalam,NA,October_2023,2.055999994277954
Togo,Centre,TGO.1.5_2,Tchaudjo,Kpangalam,NA,November_2023,1.1326666673024495
Togo,Centre,TGO.1.5_2,Tchaudjo,Kpangalam,NA,December_2023,0.6539999842643738
Togo,Centre,TGO.1.5_2,Tchaudjo,Kparatao,NA,January_2023,0.44600000977516174
Togo,Centre,TGO.1.5_2,Tchaudjo,Kparatao,NA,February_2023,0.8600000143051147
Togo,Centre,TGO.1.5_2,Tchaudjo,Kparatao,NA,March_2023,1.7660000324249268
Togo,Centre,TGO.1.5_2,Tchaudjo,Kparatao,NA,April_2023,2.26200008392334
Togo,Centre,TGO.1.5_2,Tchaudjo,Kparatao,NA,May_2023,2.424999952316284
Togo,Centre,TGO.1.5_2,Tchaudjo,Kparatao,NA,June_2023,2.2179999351501465
Togo,Centre,TGO.1.5_2,Tchaudjo,Kparatao,NA,July_2023,1.6150000095367432
Togo,Centre,TGO.1.5_2,Tchaudjo,Kparatao,NA,August_2023,1.496999979019165
Togo,Centre,TGO.1.5_2,Tchaudjo,Kparatao,NA,September_2023,1.569000005722046
Togo,Centre,TGO.1.5_2,Tchaudjo,Kparatao,NA,October_2023,2.0929999351501465
Togo,Centre,TGO.1.5_2,Tchaudjo,Kparatao,NA,November_2023,1.190999984741211
Togo,Centre,TGO.1.5_2,Tchaudjo,Kparatao,NA,December_2023,0.6679999828338623
Togo,Centre,TGO.1.5_2,Tchaudjo,Kpassouade,NA,January_2023,0.443000003695488
Togo,Centre,TGO.1.5_2,Tchaudjo,Kpassouade,NA,February_2023,0.8331666688124338
Togo,Centre,TGO.1.5_2,Tchaudjo,Kpassouade,NA,March_2023,1.6866666475931804
Togo,Centre,TGO.1.5_2,Tchaudjo,Kpassouade,NA,April_2023,2.3919999996821084
Togo,Centre,TGO.1.5_2,Tchaudjo,Kpassouade,NA,May_2023,2.444000005722046
Togo,Centre,TGO.1.5_2,Tchaudjo,Kpassouade,NA,June_2023,2.220666686693827
Togo,Centre,TGO.1.5_2,Tchaudjo,Kpassouade,NA,July_2023,1.7086666425069172
Togo,Centre,TGO.1.5_2,Tchaudjo,Kpassouade,NA,August_2023,1.5236666599909465
Togo,Centre,TGO.1.5_2,Tchaudjo,Kpassouade,NA,September_2023,1.5764999985694885
Togo,Centre,TGO.1.5_2,Tchaudjo,Kpassouade,NA,October_2023,2.0766666332880654
Togo,Centre,TGO.1.5_2,Tchaudjo,Kpassouade,NA,November_2023,1.153166671593984
Togo,Centre,TGO.1.5_2,Tchaudjo,Kpassouade,NA,December_2023,0.6568333307902018
Togo,Centre,TGO.1.5_2,Tchaudjo,Lama-Tessi,NA,January_2023,0.43533334136009216
Togo,Centre,TGO.1.5_2,Tchaudjo,Lama-Tessi,NA,February_2023,0.8503333330154419
Togo,Centre,TGO.1.5_2,Tchaudjo,Lama-Tessi,NA,March_2023,1.8916666507720947
Togo,Centre,TGO.1.5_2,Tchaudjo,Lama-Tessi,NA,April_2023,2.2166666189829507
Togo,Centre,TGO.1.5_2,Tchaudjo,Lama-Tessi,NA,May_2023,2.4100000063578286
Togo,Centre,TGO.1.5_2,Tchaudjo,Lama-Tessi,NA,June_2023,2.177333354949951
Togo,Centre,TGO.1.5_2,Tchaudjo,Lama-Tessi,NA,July_2023,1.5953333377838135
Togo,Centre,TGO.1.5_2,Tchaudjo,Lama-Tessi,NA,August_2023,1.4803332885106404
Togo,Centre,TGO.1.5_2,Tchaudjo,Lama-Tessi,NA,September_2023,1.537333329518636
Togo,Centre,TGO.1.5_2,Tchaudjo,Lama-Tessi,NA,October_2023,2.058333396911621
Togo,Centre,TGO.1.5_2,Tchaudjo,Lama-Tessi,NA,November_2023,1.1776666641235352
Togo,Centre,TGO.1.5_2,Tchaudjo,Lama-Tessi,NA,December_2023,0.6523333390553793
Togo,Centre,TGO.1.5_2,Tchaudjo,Tchalo,NA,January_2023,0.43799999356269836
Togo,Centre,TGO.1.5_2,Tchaudjo,Tchalo,NA,February_2023,0.828333338101705
Togo,Centre,TGO.1.5_2,Tchaudjo,Tchalo,NA,March_2023,1.9069999853769939
Togo,Centre,TGO.1.5_2,Tchaudjo,Tchalo,NA,April_2023,2.358666737874349
Togo,Centre,TGO.1.5_2,Tchaudjo,Tchalo,NA,May_2023,2.434333324432373
Togo,Centre,TGO.1.5_2,Tchaudjo,Tchalo,NA,June_2023,2.196666638056437
Togo,Centre,TGO.1.5_2,Tchaudjo,Tchalo,NA,July_2023,1.5986666679382324
Togo,Centre,TGO.1.5_2,Tchaudjo,Tchalo,NA,August_2023,1.4803333282470703
Togo,Centre,TGO.1.5_2,Tchaudjo,Tchalo,NA,September_2023,1.5489999850591023
Togo,Centre,TGO.1.5_2,Tchaudjo,Tchalo,NA,October_2023,2.065666755040487
Togo,Centre,TGO.1.5_2,Tchaudjo,Tchalo,NA,November_2023,1.1623332897822063
Togo,Centre,TGO.1.5_2,Tchaudjo,Tchalo,NA,December_2023,0.6570000052452087
Togo,Centre,TGO.1.5_2,Tchaudjo,Wassarabo,NA,January_2023,0.44699999690055847
Togo,Centre,TGO.1.5_2,Tchaudjo,Wassarabo,NA,February_2023,0.8460000157356262
Togo,Centre,TGO.1.5_2,Tchaudjo,Wassarabo,NA,March_2023,1.6799999475479126
Togo,Centre,TGO.1.5_2,Tchaudjo,Wassarabo,NA,April_2023,2.25
Togo,Centre,TGO.1.5_2,Tchaudjo,Wassarabo,NA,May_2023,2.4230000972747803
Togo,Centre,TGO.1.5_2,Tchaudjo,Wassarabo,NA,June_2023,2.2190001010894775
Togo,Centre,TGO.1.5_2,Tchaudjo,Wassarabo,NA,July_2023,1.61899995803833
Togo,Centre,TGO.1.5_2,Tchaudjo,Wassarabo,NA,August_2023,1.5329999923706055
Togo,Centre,TGO.1.5_2,Tchaudjo,Wassarabo,NA,September_2023,1.5709999799728394
Togo,Centre,TGO.1.5_2,Tchaudjo,Wassarabo,NA,October_2023,2.069999933242798
Togo,Centre,TGO.1.5_2,Tchaudjo,Wassarabo,NA,November_2023,1.1649999618530273
Togo,Centre,TGO.1.5_2,Tchaudjo,Wassarabo,NA,December_2023,0.6660000085830688
Togo,Kara,TGO.2.1_1,Assoli,Aledjo,NA,January_2023,0.44062500074505806
Togo,Kara,TGO.2.1_1,Assoli,Aledjo,NA,February_2023,0.7952499985694885
Togo,Kara,TGO.2.1_1,Assoli,Aledjo,NA,March_2023,1.7066249996423721
Togo,Kara,TGO.2.1_1,Assoli,Aledjo,NA,April_2023,2.4463750422000885
Togo,Kara,TGO.2.1_1,Assoli,Aledjo,NA,May_2023,2.432750016450882
Togo,Kara,TGO.2.1_1,Assoli,Aledjo,NA,June_2023,2.2237499952316284
Togo,Kara,TGO.2.1_1,Assoli,Aledjo,NA,July_2023,1.688375011086464
Togo,Kara,TGO.2.1_1,Assoli,Aledjo,NA,August_2023,1.5320000052452087
Togo,Kara,TGO.2.1_1,Assoli,Aledjo,NA,September_2023,1.575874999165535
Togo,Kara,TGO.2.1_1,Assoli,Aledjo,NA,October_2023,2.06462499499321
Togo,Kara,TGO.2.1_1,Assoli,Aledjo,NA,November_2023,1.0971250087022781
Togo,Kara,TGO.2.1_1,Assoli,Aledjo,NA,December_2023,0.6301250085234642
Togo,Kara,TGO.2.1_1,Assoli,Bafilo,NA,January_2023,0.41750000417232513
Togo,Kara,TGO.2.1_1,Assoli,Bafilo,NA,February_2023,0.7639999985694885
Togo,Kara,TGO.2.1_1,Assoli,Bafilo,NA,March_2023,1.6119999885559082
Togo,Kara,TGO.2.1_1,Assoli,Bafilo,NA,April_2023,2.2634999752044678
Togo,Kara,TGO.2.1_1,Assoli,Bafilo,NA,May_2023,2.434000015258789
Togo,Kara,TGO.2.1_1,Assoli,Bafilo,NA,June_2023,2.1890000104904175
Togo,Kara,TGO.2.1_1,Assoli,Bafilo,NA,July_2023,1.6044999957084656
Togo,Kara,TGO.2.1_1,Assoli,Bafilo,NA,August_2023,1.522000014781952
Togo,Kara,TGO.2.1_1,Assoli,Bafilo,NA,September_2023,1.5489999651908875
Togo,Kara,TGO.2.1_1,Assoli,Bafilo,NA,October_2023,2.0175000429153442
Togo,Kara,TGO.2.1_1,Assoli,Bafilo,NA,November_2023,1.034500002861023
Togo,Kara,TGO.2.1_1,Assoli,Bafilo,NA,December_2023,0.5860000252723694
Togo,Kara,TGO.2.1_1,Assoli,Boulade,NA,January_2023,0.41200000047683716
Togo,Kara,TGO.2.1_1,Assoli,Boulade,NA,February_2023,0.7440000176429749
Togo,Kara,TGO.2.1_1,Assoli,Boulade,NA,March_2023,1.565000057220459
Togo,Kara,TGO.2.1_1,Assoli,Boulade,NA,April_2023,2.634999990463257
Togo,Kara,TGO.2.1_1,Assoli,Boulade,NA,May_2023,2.4609999656677246
Togo,Kara,TGO.2.1_1,Assoli,Boulade,NA,June_2023,2.256999969482422
Togo,Kara,TGO.2.1_1,Assoli,Boulade,NA,July_2023,1.649999976158142
Togo,Kara,TGO.2.1_1,Assoli,Boulade,NA,August_2023,1.5670000314712524
Togo,Kara,TGO.2.1_1,Assoli,Boulade,NA,September_2023,1.6069999933242798
Togo,Kara,TGO.2.1_1,Assoli,Boulade,NA,October_2023,2.071000099182129
Togo,Kara,TGO.2.1_1,Assoli,Boulade,NA,November_2023,1.0470000505447388
Togo,Kara,TGO.2.1_1,Assoli,Boulade,NA,December_2023,0.5910000205039978
Togo,Kara,TGO.2.1_1,Assoli,Dako/Daoude,NA,January_2023,0.45000000298023224
Togo,Kara,TGO.2.1_1,Assoli,Dako/Daoude,NA,February_2023,0.765500009059906
Togo,Kara,TGO.2.1_1,Assoli,Dako/Daoude,NA,March_2023,1.6204999685287476
Togo,Kara,TGO.2.1_1,Assoli,Dako/Daoude,NA,April_2023,2.6414999961853027
Togo,Kara,TGO.2.1_1,Assoli,Dako/Daoude,NA,May_2023,2.4865000247955322
Togo,Kara,TGO.2.1_1,Assoli,Dako/Daoude,NA,June_2023,2.3259999752044678
Togo,Kara,TGO.2.1_1,Assoli,Dako/Daoude,NA,July_2023,1.9479999542236328
Togo,Kara,TGO.2.1_1,Assoli,Dako/Daoude,NA,August_2023,1.6075000166893005
Togo,Kara,TGO.2.1_1,Assoli,Dako/Daoude,NA,September_2023,1.656499981880188
Togo,Kara,TGO.2.1_1,Assoli,Dako/Daoude,NA,October_2023,2.1750000715255737
Togo,Kara,TGO.2.1_1,Assoli,Dako/Daoude,NA,November_2023,1.1290000081062317
Togo,Kara,TGO.2.1_1,Assoli,Dako/Daoude,NA,December_2023,0.6440000236034393
Togo,Kara,TGO.2.1_1,Assoli,Koumonde,NA,January_2023,0.4269999961058299
Togo,Kara,TGO.2.1_1,Assoli,Koumonde,NA,February_2023,0.7943333387374878
Togo,Kara,TGO.2.1_1,Assoli,Koumonde,NA,March_2023,1.6790000200271606
Togo,Kara,TGO.2.1_1,Assoli,Koumonde,NA,April_2023,2.2703333695729575
Togo,Kara,TGO.2.1_1,Assoli,Koumonde,NA,May_2023,2.425000031789144
Togo,Kara,TGO.2.1_1,Assoli,Koumonde,NA,June_2023,2.1860000292460122
Togo,Kara,TGO.2.1_1,Assoli,Koumonde,NA,July_2023,1.6033333539962769
Togo,Kara,TGO.2.1_1,Assoli,Koumonde,NA,August_2023,1.5053333441416423
Togo,Kara,TGO.2.1_1,Assoli,Koumonde,NA,September_2023,1.5486666758855183
Togo,Kara,TGO.2.1_1,Assoli,Koumonde,NA,October_2023,2.0179999669392905
Togo,Kara,TGO.2.1_1,Assoli,Koumonde,NA,November_2023,1.0636666615804036
Togo,Kara,TGO.2.1_1,Assoli,Koumonde,NA,December_2023,0.6053333481152853
Togo,Kara,TGO.2.1_1,Assoli,Soudou,NA,January_2023,0.4155000001192093
Togo,Kara,TGO.2.1_1,Assoli,Soudou,NA,February_2023,0.7650000154972076
Togo,Kara,TGO.2.1_1,Assoli,Soudou,NA,March_2023,1.5895000100135803
Togo,Kara,TGO.2.1_1,Assoli,Soudou,NA,April_2023,2.2899999618530273
Togo,Kara,TGO.2.1_1,Assoli,Soudou,NA,May_2023,2.4730000495910645
Togo,Kara,TGO.2.1_1,Assoli,Soudou,NA,June_2023,2.2274999618530273
Togo,Kara,TGO.2.1_1,Assoli,Soudou,NA,July_2023,1.6480000019073486
Togo,Kara,TGO.2.1_1,Assoli,Soudou,NA,August_2023,1.5509999990463257
Togo,Kara,TGO.2.1_1,Assoli,Soudou,NA,September_2023,1.5910000205039978
Togo,Kara,TGO.2.1_1,Assoli,Soudou,NA,October_2023,2.037999987602234
Togo,Kara,TGO.2.1_1,Assoli,Soudou,NA,November_2023,1.0429999828338623
Togo,Kara,TGO.2.1_1,Assoli,Soudou,NA,December_2023,0.589000016450882
Togo,Kara,TGO.2.2_1,Bassar,Baghan,NA,January_2023,0.43166667222976685
Togo,Kara,TGO.2.2_1,Bassar,Baghan,NA,February_2023,0.7526666720708212
Togo,Kara,TGO.2.2_1,Bassar,Baghan,NA,March_2023,1.7633333206176758
Togo,Kara,TGO.2.2_1,Bassar,Baghan,NA,April_2023,2.568666617075602
Togo,Kara,TGO.2.2_1,Bassar,Baghan,NA,May_2023,2.8483333587646484
Togo,Kara,TGO.2.2_1,Bassar,Baghan,NA,June_2023,2.4413333733876548
Togo,Kara,TGO.2.2_1,Bassar,Baghan,NA,July_2023,2.334666649500529
Togo,Kara,TGO.2.2_1,Bassar,Baghan,NA,August_2023,2.1796666781107583
Togo,Kara,TGO.2.2_1,Bassar,Baghan,NA,September_2023,1.931333343187968
Togo,Kara,TGO.2.2_1,Bassar,Baghan,NA,October_2023,2.322000026702881
Togo,Kara,TGO.2.2_1,Bassar,Baghan,NA,November_2023,1.6266666253407795
Togo,Kara,TGO.2.2_1,Bassar,Baghan,NA,December_2023,0.7379999955495199
Togo,Kara,TGO.2.2_1,Bassar,Bangeli,NA,January_2023,0.4455000013113022
Togo,Kara,TGO.2.2_1,Bassar,Bangeli,NA,February_2023,0.7004999816417694
Togo,Kara,TGO.2.2_1,Bassar,Bangeli,NA,March_2023,1.4194999933242798
Togo,Kara,TGO.2.2_1,Bassar,Bangeli,NA,April_2023,2.5390000343322754
Togo,Kara,TGO.2.2_1,Bassar,Bangeli,NA,May_2023,2.867500066757202
Togo,Kara,TGO.2.2_1,Bassar,Bangeli,NA,June_2023,2.5470000505447388
Togo,Kara,TGO.2.2_1,Bassar,Bangeli,NA,July_2023,2.540000081062317
Togo,Kara,TGO.2.2_1,Bassar,Bangeli,NA,August_2023,2.3925000429153442
Togo,Kara,TGO.2.2_1,Bassar,Bangeli,NA,September_2023,2.1759999990463257
Togo,Kara,TGO.2.2_1,Bassar,Bangeli,NA,October_2023,2.468000054359436
Togo,Kara,TGO.2.2_1,Bassar,Bangeli,NA,November_2023,1.3205000162124634
Togo,Kara,TGO.2.2_1,Bassar,Bangeli,NA,December_2023,0.7024999856948853
Togo,Kara,TGO.2.2_1,Bassar,Bassar,NA,January_2023,0.43824999779462814
Togo,Kara,TGO.2.2_1,Bassar,Bassar,NA,February_2023,0.7333750054240227
Togo,Kara,TGO.2.2_1,Bassar,Bassar,NA,March_2023,1.7401250153779984
Togo,Kara,TGO.2.2_1,Bassar,Bassar,NA,April_2023,2.6258749961853027
Togo,Kara,TGO.2.2_1,Bassar,Bassar,NA,May_2023,2.5900000035762787
Togo,Kara,TGO.2.2_1,Bassar,Bassar,NA,June_2023,2.398499995470047
Togo,Kara,TGO.2.2_1,Bassar,Bassar,NA,July_2023,2.242125004529953
Togo,Kara,TGO.2.2_1,Bassar,Bassar,NA,August_2023,1.834625005722046
Togo,Kara,TGO.2.2_1,Bassar,Bassar,NA,September_2023,1.6958749890327454
Togo,Kara,TGO.2.2_1,Bassar,Bassar,NA,October_2023,2.219625025987625
Togo,Kara,TGO.2.2_1,Bassar,Bassar,NA,November_2023,1.2158749997615814
Togo,Kara,TGO.2.2_1,Bassar,Bassar,NA,December_2023,0.6711250022053719
Togo,Kara,TGO.2.2_1,Bassar,Bitchabe,NA,January_2023,0.43799999356269836
Togo,Kara,TGO.2.2_1,Bassar,Bitchabe,NA,February_2023,0.7099999785423279
Togo,Kara,TGO.2.2_1,Bassar,Bitchabe,NA,March_2023,1.5360000133514404
Togo,Kara,TGO.2.2_1,Bassar,Bitchabe,NA,April_2023,2.559999942779541
Togo,Kara,TGO.2.2_1,Bassar,Bitchabe,NA,May_2023,2.875
Togo,Kara,TGO.2.2_1,Bassar,Bitchabe,NA,June_2023,2.5460000038146973
Togo,Kara,TGO.2.2_1,Bassar,Bitchabe,NA,July_2023,2.4860000610351562
Togo,Kara,TGO.2.2_1,Bassar,Bitchabe,NA,August_2023,2.3610000610351562
Togo,Kara,TGO.2.2_1,Bassar,Bitchabe,NA,September_2023,1.8819999694824219
Togo,Kara,TGO.2.2_1,Bassar,Bitchabe,NA,October_2023,2.4679999351501465
Togo,Kara,TGO.2.2_1,Bassar,Bitchabe,NA,November_2023,1.38100004196167
Togo,Kara,TGO.2.2_1,Bassar,Bitchabe,NA,December_2023,0.7200000286102295
Togo,Kara,TGO.2.2_1,Bassar,Dimori,NA,January_2023,0.44233333071072894
Togo,Kara,TGO.2.2_1,Bassar,Dimori,NA,February_2023,0.7456666628519694
Togo,Kara,TGO.2.2_1,Bassar,Dimori,NA,March_2023,1.7226666609446208
Togo,Kara,TGO.2.2_1,Bassar,Dimori,NA,April_2023,2.559333324432373
Togo,Kara,TGO.2.2_1,Bassar,Dimori,NA,May_2023,2.8540000120798745
Togo,Kara,TGO.2.2_1,Bassar,Dimori,NA,June_2023,2.484999974568685
Togo,Kara,TGO.2.2_1,Bassar,Dimori,NA,July_2023,2.4119999408721924
Togo,Kara,TGO.2.2_1,Bassar,Dimori,NA,August_2023,2.259666681289673
Togo,Kara,TGO.2.2_1,Bassar,Dimori,NA,September_2023,1.9853333632151287
Togo,Kara,TGO.2.2_1,Bassar,Dimori,NA,October_2023,2.4043333530426025
Togo,Kara,TGO.2.2_1,Bassar,Dimori,NA,November_2023,1.5930000146230061
Togo,Kara,TGO.2.2_1,Bassar,Dimori,NA,December_2023,0.7483333349227905
Togo,Kara,TGO.2.2_1,Bassar,Kabou,NA,January_2023,0.4463333288828532
Togo,Kara,TGO.2.2_1,Bassar,Kabou,NA,February_2023,0.6866666475931803
Togo,Kara,TGO.2.2_1,Bassar,Kabou,NA,March_2023,1.4303332964579265
Togo,Kara,TGO.2.2_1,Bassar,Kabou,NA,April_2023,2.626333316167196
Togo,Kara,TGO.2.2_1,Bassar,Kabou,NA,May_2023,2.9643332958221436
Togo,Kara,TGO.2.2_1,Bassar,Kabou,NA,June_2023,2.6146666208902993
Togo,Kara,TGO.2.2_1,Bassar,Kabou,NA,July_2023,2.5836666425069175
Togo,Kara,TGO.2.2_1,Bassar,Kabou,NA,August_2023,2.4413333733876548
Togo,Kara,TGO.2.2_1,Bassar,Kabou,NA,September_2023,1.9509999752044678
Togo,Kara,TGO.2.2_1,Bassar,Kabou,NA,October_2023,2.4773333072662354
Togo,Kara,TGO.2.2_1,Bassar,Kabou,NA,November_2023,1.249333341916402
Togo,Kara,TGO.2.2_1,Bassar,Kabou,NA,December_2023,0.6769999861717224
Togo,Kara,TGO.2.2_1,Bassar,Kalanga,NA,January_2023,0.43799999356269836
Togo,Kara,TGO.2.2_1,Bassar,Kalanga,NA,February_2023,0.6779999732971191
Togo,Kara,TGO.2.2_1,Bassar,Kalanga,NA,March_2023,1.6369999647140503
Togo,Kara,TGO.2.2_1,Bassar,Kalanga,NA,April_2023,2.556999921798706
Togo,Kara,TGO.2.2_1,Bassar,Kalanga,NA,May_2023,2.8480000495910645
Togo,Kara,TGO.2.2_1,Bassar,Kalanga,NA,June_2023,2.4860000610351562
Togo,Kara,TGO.2.2_1,Bassar,Kalanga,NA,July_2023,2.371000051498413
Togo,Kara,TGO.2.2_1,Bassar,Kalanga,NA,August_2023,2.244999885559082
Togo,Kara,TGO.2.2_1,Bassar,Kalanga,NA,September_2023,1.7970000505447388
Togo,Kara,TGO.2.2_1,Bassar,Kalanga,NA,October_2023,2.3410000801086426
Togo,Kara,TGO.2.2_1,Bassar,Kalanga,NA,November_2023,1.2879999876022339
Togo,Kara,TGO.2.2_1,Bassar,Kalanga,NA,December_2023,0.6940000057220459
Togo,Kara,TGO.2.2_1,Bassar,Manga,NA,January_2023,0.47350001335144043
Togo,Kara,TGO.2.2_1,Bassar,Manga,NA,February_2023,0.7269999980926514
Togo,Kara,TGO.2.2_1,Bassar,Manga,NA,March_2023,1.262000024318695
Togo,Kara,TGO.2.2_1,Bassar,Manga,NA,April_2023,2.5740000009536743
Togo,Kara,TGO.2.2_1,Bassar,Manga,NA,May_2023,2.965499997138977
Togo,Kara,TGO.2.2_1,Bassar,Manga,NA,June_2023,2.6644999980926514
Togo,Kara,TGO.2.2_1,Bassar,Manga,NA,July_2023,2.714000105857849
Togo,Kara,TGO.2.2_1,Bassar,Manga,NA,August_2023,2.559000015258789
Togo,Kara,TGO.2.2_1,Bassar,Manga,NA,September_2023,2.597499966621399
Togo,Kara,TGO.2.2_1,Bassar,Manga,NA,October_2023,2.61899995803833
Togo,Kara,TGO.2.2_1,Bassar,Manga,NA,November_2023,1.3370000123977661
Togo,Kara,TGO.2.2_1,Bassar,Manga,NA,December_2023,0.7175000011920929
Togo,Kara,TGO.2.2_1,Bassar,Sanda-Afohou,NA,January_2023,0.44428572058677673
Togo,Kara,TGO.2.2_1,Bassar,Sanda-Afohou,NA,February_2023,0.7072857107434954
Togo,Kara,TGO.2.2_1,Bassar,Sanda-Afohou,NA,March_2023,1.508857148034232
Togo,Kara,TGO.2.2_1,Bassar,Sanda-Afohou,NA,April_2023,2.655857120241438
Togo,Kara,TGO.2.2_1,Bassar,Sanda-Afohou,NA,May_2023,2.7704285894121443
Togo,Kara,TGO.2.2_1,Bassar,Sanda-Afohou,NA,June_2023,2.4984285831451416
Togo,Kara,TGO.2.2_1,Bassar,Sanda-Afohou,NA,July_2023,2.3628571033477783
Togo,Kara,TGO.2.2_1,Bassar,Sanda-Afohou,NA,August_2023,1.825857128415789
Togo,Kara,TGO.2.2_1,Bassar,Sanda-Afohou,NA,September_2023,1.7971428632736206
Togo,Kara,TGO.2.2_1,Bassar,Sanda-Afohou,NA,October_2023,2.3254285880497525
Togo,Kara,TGO.2.2_1,Bassar,Sanda-Afohou,NA,November_2023,1.1644285746983118
Togo,Kara,TGO.2.2_1,Bassar,Sanda-Afohou,NA,December_2023,0.6475714359964643
Togo,Kara,TGO.2.2_1,Bassar,Sanda-Kagbanda,NA,January_2023,0.45133334398269653
Togo,Kara,TGO.2.2_1,Bassar,Sanda-Kagbanda,NA,February_2023,0.7073333263397217
Togo,Kara,TGO.2.2_1,Bassar,Sanda-Kagbanda,NA,March_2023,1.5049999952316284
Togo,Kara,TGO.2.2_1,Bassar,Sanda-Kagbanda,NA,April_2023,2.6696666876475015
Togo,Kara,TGO.2.2_1,Bassar,Sanda-Kagbanda,NA,May_2023,2.9683333237965903
Togo,Kara,TGO.2.2_1,Bassar,Sanda-Kagbanda,NA,June_2023,2.564333359400431
Togo,Kara,TGO.2.2_1,Bassar,Sanda-Kagbanda,NA,July_2023,2.44433331489563
Togo,Kara,TGO.2.2_1,Bassar,Sanda-Kagbanda,NA,August_2023,1.9869999488194783
Togo,Kara,TGO.2.2_1,Bassar,Sanda-Kagbanda,NA,September_2023,1.8550000190734863
Togo,Kara,TGO.2.2_1,Bassar,Sanda-Kagbanda,NA,October_2023,2.3943333625793457
Togo,Kara,TGO.2.2_1,Bassar,Sanda-Kagbanda,NA,November_2023,1.193666696548462
Togo,Kara,TGO.2.2_1,Bassar,Sanda-Kagbanda,NA,December_2023,0.6633333365122477
Togo,Kara,TGO.2.3_1,Bimah,Boufale,NA,January_2023,0.45499999821186066
Togo,Kara,TGO.2.3_1,Bimah,Boufale,NA,February_2023,0.6790000051259995
Togo,Kara,TGO.2.3_1,Bimah,Boufale,NA,March_2023,1.084500014781952
Togo,Kara,TGO.2.3_1,Bimah,Boufale,NA,April_2023,2.7364999651908875
Togo,Kara,TGO.2.3_1,Bimah,Boufale,NA,May_2023,2.8612500429153442
Togo,Kara,TGO.2.3_1,Bimah,Boufale,NA,June_2023,2.600749969482422
Togo,Kara,TGO.2.3_1,Bimah,Boufale,NA,July_2023,2.4417500495910645
Togo,Kara,TGO.2.3_1,Bimah,Boufale,NA,August_2023,1.82150000333786
Togo,Kara,TGO.2.3_1,Bimah,Boufale,NA,September_2023,1.8787499964237213
Togo,Kara,TGO.2.3_1,Bimah,Boufale,NA,October_2023,2.305750012397766
Togo,Kara,TGO.2.3_1,Bimah,Boufale,NA,November_2023,1.0685000121593475
Togo,Kara,TGO.2.3_1,Bimah,Boufale,NA,December_2023,0.6210000067949295
Togo,Kara,TGO.2.3_1,Bimah,Kemerida,NA,January_2023,0.4162000000476837
Togo,Kara,TGO.2.3_1,Bimah,Kemerida,NA,February_2023,0.6881999850273133
Togo,Kara,TGO.2.3_1,Bimah,Kemerida,NA,March_2023,1.3710000276565553
Togo,Kara,TGO.2.3_1,Bimah,Kemerida,NA,April_2023,2.724199962615967
Togo,Kara,TGO.2.3_1,Bimah,Kemerida,NA,May_2023,2.5950000286102295
Togo,Kara,TGO.2.3_1,Bimah,Kemerida,NA,June_2023,2.4217999935150147
Togo,Kara,TGO.2.3_1,Bimah,Kemerida,NA,July_2023,1.8000000238418579
Togo,Kara,TGO.2.3_1,Bimah,Kemerida,NA,August_2023,1.6965999841690063
Togo,Kara,TGO.2.3_1,Bimah,Kemerida,NA,September_2023,1.7423999786376954
Togo,Kara,TGO.2.3_1,Bimah,Kemerida,NA,October_2023,2.177000045776367
Togo,Kara,TGO.2.3_1,Bimah,Kemerida,NA,November_2023,1.0302000045776367
Togo,Kara,TGO.2.3_1,Bimah,Kemerida,NA,December_2023,0.5775999903678894
Togo,Kara,TGO.2.3_1,Bimah,Ketao,NA,January_2023,0.4246666630109151
Togo,Kara,TGO.2.3_1,Bimah,Ketao,NA,February_2023,0.6786666512489319
Togo,Kara,TGO.2.3_1,Bimah,Ketao,NA,March_2023,1.312333385149638
Togo,Kara,TGO.2.3_1,Bimah,Ketao,NA,April_2023,2.7186666329701743
Togo,Kara,TGO.2.3_1,Bimah,Ketao,NA,May_2023,2.603000005086263
Togo,Kara,TGO.2.3_1,Bimah,Ketao,NA,June_2023,2.449333349863688
Togo,Kara,TGO.2.3_1,Bimah,Ketao,NA,July_2023,1.8270000219345093
Togo,Kara,TGO.2.3_1,Bimah,Ketao,NA,August_2023,1.716333309809367
Togo,Kara,TGO.2.3_1,Bimah,Ketao,NA,September_2023,1.7589999834696453
Togo,Kara,TGO.2.3_1,Bimah,Ketao,NA,October_2023,2.2046666940053306
Togo,Kara,TGO.2.3_1,Bimah,Ketao,NA,November_2023,1.03766663869222
Togo,Kara,TGO.2.3_1,Bimah,Ketao,NA,December_2023,0.5849999984105428
Togo,Kara,TGO.2.3_1,Bimah,Lama-Dessi,NA,January_2023,0.4372499957680702
Togo,Kara,TGO.2.3_1,Bimah,Lama-Dessi,NA,February_2023,0.6657499969005585
Togo,Kara,TGO.2.3_1,Bimah,Lama-Dessi,NA,March_2023,1.1772500276565552
Togo,Kara,TGO.2.3_1,Bimah,Lama-Dessi,NA,April_2023,2.690500020980835
Togo,Kara,TGO.2.3_1,Bimah,Lama-Dessi,NA,May_2023,2.8667500019073486
Togo,Kara,TGO.2.3_1,Bimah,Lama-Dessi,NA,June_2023,2.521499991416931
Togo,Kara,TGO.2.3_1,Bimah,Lama-Dessi,NA,July_2023,2.247999995946884
Togo,Kara,TGO.2.3_1,Bimah,Lama-Dessi,NA,August_2023,1.7584999799728394
Togo,Kara,TGO.2.3_1,Bimah,Lama-Dessi,NA,September_2023,1.8117499649524689
Togo,Kara,TGO.2.3_1,Bimah,Lama-Dessi,NA,October_2023,2.2822500467300415
Togo,Kara,TGO.2.3_1,Bimah,Lama-Dessi,NA,November_2023,1.0682500004768372
Togo,Kara,TGO.2.3_1,Bimah,Lama-Dessi,NA,December_2023,0.6019999980926514
Togo,Kara,TGO.2.3_1,Bimah,Pagouda,NA,January_2023,0.4424999952316284
Togo,Kara,TGO.2.3_1,Bimah,Pagouda,NA,February_2023,0.6739999949932098
Togo,Kara,TGO.2.3_1,Bimah,Pagouda,NA,March_2023,1.1950000524520874
Togo,Kara,TGO.2.3_1,Bimah,Pagouda,NA,April_2023,2.718000054359436
Togo,Kara,TGO.2.3_1,Bimah,Pagouda,NA,May_2023,2.7975000143051147
Togo,Kara,TGO.2.3_1,Bimah,Pagouda,NA,June_2023,2.5115000009536743
Togo,Kara,TGO.2.3_1,Bimah,Pagouda,NA,July_2023,2.119000017642975
Togo,Kara,TGO.2.3_1,Bimah,Pagouda,NA,August_2023,1.7484999895095825
Togo,Kara,TGO.2.3_1,Bimah,Pagouda,NA,September_2023,1.7989999651908875
Togo,Kara,TGO.2.3_1,Bimah,Pagouda,NA,October_2023,2.258500099182129
Togo,Kara,TGO.2.3_1,Bimah,Pagouda,NA,November_2023,1.0625
Togo,Kara,TGO.2.3_1,Bimah,Pagouda,NA,December_2023,0.6040000021457672
Togo,Kara,TGO.2.3_1,Bimah,Pessare,NA,January_2023,0.4427499920129776
Togo,Kara,TGO.2.3_1,Bimah,Pessare,NA,February_2023,0.6665000021457672
Togo,Kara,TGO.2.3_1,Bimah,Pessare,NA,March_2023,1.121500015258789
Togo,Kara,TGO.2.3_1,Bimah,Pessare,NA,April_2023,2.693250000476837
Togo,Kara,TGO.2.3_1,Bimah,Pessare,NA,May_2023,2.980750024318695
Togo,Kara,TGO.2.3_1,Bimah,Pessare,NA,June_2023,2.56549996137619
Togo,Kara,TGO.2.3_1,Bimah,Pessare,NA,July_2023,2.4010000228881836
Togo,Kara,TGO.2.3_1,Bimah,Pessare,NA,August_2023,1.7922499775886536
Togo,Kara,TGO.2.3_1,Bimah,Pessare,NA,September_2023,1.843999981880188
Togo,Kara,TGO.2.3_1,Bimah,Pessare,NA,October_2023,2.3130000233650208
Togo,Kara,TGO.2.3_1,Bimah,Pessare,NA,November_2023,1.074750006198883
Togo,Kara,TGO.2.3_1,Bimah,Pessare,NA,December_2023,0.6102499961853027
Togo,Kara,TGO.2.3_1,Bimah,Pitikita,NA,January_2023,0.44299999872843426
Togo,Kara,TGO.2.3_1,Bimah,Pitikita,NA,February_2023,0.6703333258628845
Togo,Kara,TGO.2.3_1,Bimah,Pitikita,NA,March_2023,1.1610000530878704
Togo,Kara,TGO.2.3_1,Bimah,Pitikita,NA,April_2023,2.6976667245229087
Togo,Kara,TGO.2.3_1,Bimah,Pitikita,NA,May_2023,2.8496666749318442
Togo,Kara,TGO.2.3_1,Bimah,Pitikita,NA,June_2023,2.5309999783833823
Togo,Kara,TGO.2.3_1,Bimah,Pitikita,NA,July_2023,2.2143333355585733
Togo,Kara,TGO.2.3_1,Bimah,Pitikita,NA,August_2023,1.7673333088556926
Togo,Kara,TGO.2.3_1,Bimah,Pitikita,NA,September_2023,1.8139999707539876
Togo,Kara,TGO.2.3_1,Bimah,Pitikita,NA,October_2023,2.2876667181650796
Togo,Kara,TGO.2.3_1,Bimah,Pitikita,NA,November_2023,1.071999986966451
Togo,Kara,TGO.2.3_1,Bimah,Pitikita,NA,December_2023,0.6083333293596903
Togo,Kara,TGO.2.3_1,Bimah,Sirka,NA,January_2023,0.4009999930858612
Togo,Kara,TGO.2.3_1,Bimah,Sirka,NA,February_2023,0.7046666542689005
Togo,Kara,TGO.2.3_1,Bimah,Sirka,NA,March_2023,1.4566666682561238
Togo,Kara,TGO.2.3_1,Bimah,Sirka,NA,April_2023,2.7176666259765625
Togo,Kara,TGO.2.3_1,Bimah,Sirka,NA,May_2023,2.556333382924398
Togo,Kara,TGO.2.3_1,Bimah,Sirka,NA,June_2023,2.3379999796549478
Togo,Kara,TGO.2.3_1,Bimah,Sirka,NA,July_2023,1.7353333632151287
Togo,Kara,TGO.2.3_1,Bimah,Sirka,NA,August_2023,1.6436666250228882
Togo,Kara,TGO.2.3_1,Bimah,Sirka,NA,September_2023,1.6896666288375854
Togo,Kara,TGO.2.3_1,Bimah,Sirka,NA,October_2023,2.1179999510447183
Togo,Kara,TGO.2.3_1,Bimah,Sirka,NA,November_2023,1.0160000324249268
Togo,Kara,TGO.2.3_1,Bimah,Sirka,NA,December_2023,0.5659999847412109
Togo,Kara,TGO.2.3_1,Bimah,Sola,NA,January_2023,0.4569999873638153
Togo,Kara,TGO.2.3_1,Bimah,Sola,NA,February_2023,0.6790000200271606
Togo,Kara,TGO.2.3_1,Bimah,Sola,NA,March_2023,1.0410000085830688
Togo,Kara,TGO.2.3_1,Bimah,Sola,NA,April_2023,2.7149999141693115
Togo,Kara,TGO.2.3_1,Bimah,Sola,NA,May_2023,3.058000087738037
Togo,Kara,TGO.2.3_1,Bimah,Sola,NA,June_2023,2.6459999084472656
Togo,Kara,TGO.2.3_1,Bimah,Sola,NA,July_2023,2.4590001106262207
Togo,Kara,TGO.2.3_1,Bimah,Sola,NA,August_2023,1.8619999885559082
Togo,Kara,TGO.2.3_1,Bimah,Sola,NA,September_2023,1.8960000276565552
Togo,Kara,TGO.2.3_1,Bimah,Sola,NA,October_2023,2.3550000190734863
Togo,Kara,TGO.2.3_1,Bimah,Sola,NA,November_2023,1.0809999704360962
Togo,Kara,TGO.2.3_1,Bimah,Sola,NA,December_2023,0.6269999742507935
Togo,Kara,TGO.2.7_1,Dankpen,Bapure,NA,January_2023,0.45399999618530273
Togo,Kara,TGO.2.7_1,Dankpen,Bapure,NA,February_2023,0.7289999723434448
Togo,Kara,TGO.2.7_1,Dankpen,Bapure,NA,March_2023,1.190999984741211
Togo,Kara,TGO.2.7_1,Dankpen,Bapure,NA,April_2023,2.4760000705718994
Togo,Kara,TGO.2.7_1,Dankpen,Bapure,NA,May_2023,2.884999990463257
Togo,Kara,TGO.2.7_1,Dankpen,Bapure,NA,June_2023,2.638000011444092
Togo,Kara,TGO.2.7_1,Dankpen,Bapure,NA,July_2023,2.677000045776367
Togo,Kara,TGO.2.7_1,Dankpen,Bapure,NA,August_2023,2.5339999198913574
Togo,Kara,TGO.2.7_1,Dankpen,Bapure,NA,September_2023,2.5769999027252197
Togo,Kara,TGO.2.7_1,Dankpen,Bapure,NA,October_2023,2.611999988555908
Togo,Kara,TGO.2.7_1,Dankpen,Bapure,NA,November_2023,1.3600000143051147
Togo,Kara,TGO.2.7_1,Dankpen,Bapure,NA,December_2023,0.7120000123977661
Togo,Kara,TGO.2.7_1,Dankpen,Guerin-Kouka,NA,January_2023,0.5275000110268593
Togo,Kara,TGO.2.7_1,Dankpen,Guerin-Kouka,NA,February_2023,0.7539999932050705
Togo,Kara,TGO.2.7_1,Dankpen,Guerin-Kouka,NA,March_2023,0.6460000053048134
Togo,Kara,TGO.2.7_1,Dankpen,Guerin-Kouka,NA,April_2023,2.3865000009536743
Togo,Kara,TGO.2.7_1,Dankpen,Guerin-Kouka,NA,May_2023,2.859499990940094
Togo,Kara,TGO.2.7_1,Dankpen,Guerin-Kouka,NA,June_2023,2.9107499718666077
Togo,Kara,TGO.2.7_1,Dankpen,Guerin-Kouka,NA,July_2023,2.981500029563904
Togo,Kara,TGO.2.7_1,Dankpen,Guerin-Kouka,NA,August_2023,2.8237499594688416
Togo,Kara,TGO.2.7_1,Dankpen,Guerin-Kouka,NA,September_2023,2.862749993801117
Togo,Kara,TGO.2.7_1,Dankpen,Guerin-Kouka,NA,October_2023,2.8839999437332153
Togo,Kara,TGO.2.7_1,Dankpen,Guerin-Kouka,NA,November_2023,1.453000009059906
Togo,Kara,TGO.2.7_1,Dankpen,Guerin-Kouka,NA,December_2023,0.7757500112056732
Togo,Kara,TGO.2.7_1,Dankpen,Katchamba,NA,January_2023,0.6200000047683716
Togo,Kara,TGO.2.7_1,Dankpen,Katchamba,NA,February_2023,0.6930000185966492
Togo,Kara,TGO.2.7_1,Dankpen,Katchamba,NA,March_2023,0
Togo,Kara,TGO.2.7_1,Dankpen,Katchamba,NA,April_2023,2.4010000228881836
Togo,Kara,TGO.2.7_1,Dankpen,Katchamba,NA,May_2023,2.8589999675750732
Togo,Kara,TGO.2.7_1,Dankpen,Katchamba,NA,June_2023,3.367000102996826
Togo,Kara,TGO.2.7_1,Dankpen,Katchamba,NA,July_2023,3.13100004196167
Togo,Kara,TGO.2.7_1,Dankpen,Katchamba,NA,August_2023,3.0269999504089355
Togo,Kara,TGO.2.7_1,Dankpen,Katchamba,NA,September_2023,3.0889999866485596
Togo,Kara,TGO.2.7_1,Dankpen,Katchamba,NA,October_2023,3.0139999389648438
Togo,Kara,TGO.2.7_1,Dankpen,Katchamba,NA,November_2023,1.7000000476837158
Togo,Kara,TGO.2.7_1,Dankpen,Katchamba,NA,December_2023,0.7940000295639038
Togo,Kara,TGO.2.7_1,Dankpen,Kidjaboun,NA,January_2023,0.6150000095367432
Togo,Kara,TGO.2.7_1,Dankpen,Kidjaboun,NA,February_2023,0.7294999957084656
Togo,Kara,TGO.2.7_1,Dankpen,Kidjaboun,NA,March_2023,0.23800000548362732
Togo,Kara,TGO.2.7_1,Dankpen,Kidjaboun,NA,April_2023,2.347499966621399
Togo,Kara,TGO.2.7_1,Dankpen,Kidjaboun,NA,May_2023,2.8554999828338623
Togo,Kara,TGO.2.7_1,Dankpen,Kidjaboun,NA,June_2023,3.3420000076293945
Togo,Kara,TGO.2.7_1,Dankpen,Kidjaboun,NA,July_2023,3.093500018119812
Togo,Kara,TGO.2.7_1,Dankpen,Kidjaboun,NA,August_2023,2.959499955177307
Togo,Kara,TGO.2.7_1,Dankpen,Kidjaboun,NA,September_2023,3.002500057220459
Togo,Kara,TGO.2.7_1,Dankpen,Kidjaboun,NA,October_2023,2.9984999895095825
Togo,Kara,TGO.2.7_1,Dankpen,Kidjaboun,NA,November_2023,1.4899999499320984
Togo,Kara,TGO.2.7_1,Dankpen,Kidjaboun,NA,December_2023,0.8004999756813049
Togo,Kara,TGO.2.7_1,Dankpen,Koulfiekou,NA,January_2023,0.6464999914169312
Togo,Kara,TGO.2.7_1,Dankpen,Koulfiekou,NA,February_2023,0.7360000014305115
Togo,Kara,TGO.2.7_1,Dankpen,Koulfiekou,NA,March_2023,0
Togo,Kara,TGO.2.7_1,Dankpen,Koulfiekou,NA,April_2023,2.281000018119812
Togo,Kara,TGO.2.7_1,Dankpen,Koulfiekou,NA,May_2023,2.850499987602234
Togo,Kara,TGO.2.7_1,Dankpen,Koulfiekou,NA,June_2023,3.4709999561309814
Togo,Kara,TGO.2.7_1,Dankpen,Koulfiekou,NA,July_2023,3.2570000886917114
Togo,Kara,TGO.2.7_1,Dankpen,Koulfiekou,NA,August_2023,3.1649999618530273
Togo,Kara,TGO.2.7_1,Dankpen,Koulfiekou,NA,September_2023,3.1875
Togo,Kara,TGO.2.7_1,Dankpen,Koulfiekou,NA,October_2023,3.1054999828338623
Togo,Kara,TGO.2.7_1,Dankpen,Koulfiekou,NA,November_2023,1.7245000004768372
Togo,Kara,TGO.2.7_1,Dankpen,Koulfiekou,NA,December_2023,0.8215000033378601
Togo,Kara,TGO.2.7_1,Dankpen,Koutchitcheou,NA,January_2023,0.4696666697661082
Togo,Kara,TGO.2.7_1,Dankpen,Koutchitcheou,NA,February_2023,0.7216666539510092
Togo,Kara,TGO.2.7_1,Dankpen,Koutchitcheou,NA,March_2023,1.165999968846639
Togo,Kara,TGO.2.7_1,Dankpen,Koutchitcheou,NA,April_2023,2.568000078201294
Togo,Kara,TGO.2.7_1,Dankpen,Koutchitcheou,NA,May_2023,2.9673333168029785
Togo,Kara,TGO.2.7_1,Dankpen,Koutchitcheou,NA,June_2023,2.7046666145324707
Togo,Kara,TGO.2.7_1,Dankpen,Koutchitcheou,NA,July_2023,2.761666695276896
Togo,Kara,TGO.2.7_1,Dankpen,Koutchitcheou,NA,August_2023,2.6070000330607095
Togo,Kara,TGO.2.7_1,Dankpen,Koutchitcheou,NA,September_2023,2.4689999421437583
Togo,Kara,TGO.2.7_1,Dankpen,Koutchitcheou,NA,October_2023,2.647666613260905
Togo,Kara,TGO.2.7_1,Dankpen,Koutchitcheou,NA,November_2023,1.313000003496806
Togo,Kara,TGO.2.7_1,Dankpen,Koutchitcheou,NA,December_2023,0.7073333462079366
Togo,Kara,TGO.2.7_1,Dankpen,Namon,NA,January_2023,0.4650000035762787
Togo,Kara,TGO.2.7_1,Dankpen,Namon,NA,February_2023,0.7149999737739563
Togo,Kara,TGO.2.7_1,Dankpen,Namon,NA,March_2023,1.0399999618530273
Togo,Kara,TGO.2.7_1,Dankpen,Namon,NA,April_2023,2.492000102996826
Togo,Kara,TGO.2.7_1,Dankpen,Namon,NA,May_2023,2.8889999389648438
Togo,Kara,TGO.2.7_1,Dankpen,Namon,NA,June_2023,2.671999931335449
Togo,Kara,TGO.2.7_1,Dankpen,Namon,NA,July_2023,2.734999895095825
Togo,Kara,TGO.2.7_1,Dankpen,Namon,NA,August_2023,2.5940001010894775
Togo,Kara,TGO.2.7_1,Dankpen,Namon,NA,September_2023,2.6480000019073486
Togo,Kara,TGO.2.7_1,Dankpen,Namon,NA,October_2023,2.625
Togo,Kara,TGO.2.7_1,Dankpen,Namon,NA,November_2023,1.284999966621399
Togo,Kara,TGO.2.7_1,Dankpen,Namon,NA,December_2023,0.6970000267028809
Togo,Kara,TGO.2.7_1,Dankpen,Nampoch,NA,January_2023,0.5354000091552734
Togo,Kara,TGO.2.7_1,Dankpen,Nampoch,NA,February_2023,0.7361999988555908
Togo,Kara,TGO.2.7_1,Dankpen,Nampoch,NA,March_2023,0.5439999997615814
Togo,Kara,TGO.2.7_1,Dankpen,Nampoch,NA,April_2023,2.386999988555908
Togo,Kara,TGO.2.7_1,Dankpen,Nampoch,NA,May_2023,2.881599998474121
Togo,Kara,TGO.2.7_1,Dankpen,Nampoch,NA,June_2023,3.02979998588562
Togo,Kara,TGO.2.7_1,Dankpen,Nampoch,NA,July_2023,3.0200000286102293
Togo,Kara,TGO.2.7_1,Dankpen,Nampoch,NA,August_2023,2.8777999877929688
Togo,Kara,TGO.2.7_1,Dankpen,Nampoch,NA,September_2023,2.9176000118255616
Togo,Kara,TGO.2.7_1,Dankpen,Nampoch,NA,October_2023,2.900999975204468
Togo,Kara,TGO.2.7_1,Dankpen,Nampoch,NA,November_2023,1.4098000049591064
Togo,Kara,TGO.2.7_1,Dankpen,Nampoch,NA,December_2023,0.7730000019073486
Togo,Kara,TGO.2.7_1,Dankpen,Nandouta,NA,January_2023,0.4953333338101705
Togo,Kara,TGO.2.7_1,Dankpen,Nandouta,NA,February_2023,0.7310000061988831
Togo,Kara,TGO.2.7_1,Dankpen,Nandouta,NA,March_2023,0.7989999850591024
Togo,Kara,TGO.2.7_1,Dankpen,Nandouta,NA,April_2023,2.3429999351501465
Togo,Kara,TGO.2.7_1,Dankpen,Nandouta,NA,May_2023,2.822999954223633
Togo,Kara,TGO.2.7_1,Dankpen,Nandouta,NA,June_2023,2.8473333517710366
Togo,Kara,TGO.2.7_1,Dankpen,Nandouta,NA,July_2023,2.878999948501587
Togo,Kara,TGO.2.7_1,Dankpen,Nandouta,NA,August_2023,2.7046666940053306
Togo,Kara,TGO.2.7_1,Dankpen,Nandouta,NA,September_2023,2.749333302179972
Togo,Kara,TGO.2.7_1,Dankpen,Nandouta,NA,October_2023,2.8283333778381348
Togo,Kara,TGO.2.7_1,Dankpen,Nandouta,NA,November_2023,1.4950000047683716
Togo,Kara,TGO.2.7_1,Dankpen,Nandouta,NA,December_2023,0.7533333500226339
Togo,Kara,TGO.2.7_1,Dankpen,Natchibore,NA,January_2023,0.4909999966621399
Togo,Kara,TGO.2.7_1,Dankpen,Natchibore,NA,February_2023,0.7319999933242798
Togo,Kara,TGO.2.7_1,Dankpen,Natchibore,NA,March_2023,0.8140000104904175
Togo,Kara,TGO.2.7_1,Dankpen,Natchibore,NA,April_2023,2.4609999656677246
Togo,Kara,TGO.2.7_1,Dankpen,Natchibore,NA,May_2023,2.9230000972747803
Togo,Kara,TGO.2.7_1,Dankpen,Natchibore,NA,June_2023,2.799999952316284
Togo,Kara,TGO.2.7_1,Dankpen,Natchibore,NA,July_2023,2.880000114440918
Togo,Kara,TGO.2.7_1,Dankpen,Natchibore,NA,August_2023,2.746999979019165
Togo,Kara,TGO.2.7_1,Dankpen,Natchibore,NA,September_2023,2.7990000247955322
Togo,Kara,TGO.2.7_1,Dankpen,Natchibore,NA,October_2023,2.7760000228881836
Togo,Kara,TGO.2.7_1,Dankpen,Natchibore,NA,November_2023,1.315000057220459
Togo,Kara,TGO.2.7_1,Dankpen,Natchibore,NA,December_2023,0.7289999723434448
Togo,Kara,TGO.2.7_1,Dankpen,Natchitikpi,NA,January_2023,0.49150000512599945
Togo,Kara,TGO.2.7_1,Dankpen,Natchitikpi,NA,February_2023,0.7384999990463257
Togo,Kara,TGO.2.7_1,Dankpen,Natchitikpi,NA,March_2023,0.8375000059604645
Togo,Kara,TGO.2.7_1,Dankpen,Natchitikpi,NA,April_2023,2.4189999103546143
Togo,Kara,TGO.2.7_1,Dankpen,Natchitikpi,NA,May_2023,2.8980000019073486
Togo,Kara,TGO.2.7_1,Dankpen,Natchitikpi,NA,June_2023,2.781499981880188
Togo,Kara,TGO.2.7_1,Dankpen,Natchitikpi,NA,July_2023,2.909999966621399
Togo,Kara,TGO.2.7_1,Dankpen,Natchitikpi,NA,August_2023,2.7695000171661377
Togo,Kara,TGO.2.7_1,Dankpen,Natchitikpi,NA,September_2023,2.8105000257492065
Togo,Kara,TGO.2.7_1,Dankpen,Natchitikpi,NA,October_2023,2.7979999780654907
Togo,Kara,TGO.2.7_1,Dankpen,Natchitikpi,NA,November_2023,1.3604999780654907
Togo,Kara,TGO.2.7_1,Dankpen,Natchitikpi,NA,December_2023,0.7384999990463257
Togo,Kara,TGO.2.7_1,Dankpen,Naware,NA,January_2023,0.4560000002384186
Togo,Kara,TGO.2.7_1,Dankpen,Naware,NA,February_2023,0.7305000126361847
Togo,Kara,TGO.2.7_1,Dankpen,Naware,NA,March_2023,0.9495000243186951
Togo,Kara,TGO.2.7_1,Dankpen,Naware,NA,April_2023,2.412500023841858
Togo,Kara,TGO.2.7_1,Dankpen,Naware,NA,May_2023,2.8475000858306885
Togo,Kara,TGO.2.7_1,Dankpen,Naware,NA,June_2023,2.694000005722046
Togo,Kara,TGO.2.7_1,Dankpen,Naware,NA,July_2023,2.8285000324249268
Togo,Kara,TGO.2.7_1,Dankpen,Naware,NA,August_2023,2.6679999828338623
Togo,Kara,TGO.2.7_1,Dankpen,Naware,NA,September_2023,2.7105000019073486
Togo,Kara,TGO.2.7_1,Dankpen,Naware,NA,October_2023,2.7445000410079956
Togo,Kara,TGO.2.7_1,Dankpen,Naware,NA,November_2023,1.3995000123977661
Togo,Kara,TGO.2.7_1,Dankpen,Naware,NA,December_2023,0.722000002861023
Togo,Kara,TGO.2.4_1,Doufelgou,Agbandi-Yaka,NA,January_2023,0.4410000145435333
Togo,Kara,TGO.2.4_1,Doufelgou,Agbandi-Yaka,NA,February_2023,0.6769999861717224
Togo,Kara,TGO.2.4_1,Doufelgou,Agbandi-Yaka,NA,March_2023,1.184999942779541
Togo,Kara,TGO.2.4_1,Doufelgou,Agbandi-Yaka,NA,April_2023,2.5999999046325684
Togo,Kara,TGO.2.4_1,Doufelgou,Agbandi-Yaka,NA,May_2023,2.88700008392334
Togo,Kara,TGO.2.4_1,Doufelgou,Agbandi-Yaka,NA,June_2023,2.515000104904175
Togo,Kara,TGO.2.4_1,Doufelgou,Agbandi-Yaka,NA,July_2023,2.365999937057495
Togo,Kara,TGO.2.4_1,Doufelgou,Agbandi-Yaka,NA,August_2023,1.7589999437332153
Togo,Kara,TGO.2.4_1,Doufelgou,Agbandi-Yaka,NA,September_2023,1.812000036239624
Togo,Kara,TGO.2.4_1,Doufelgou,Agbandi-Yaka,NA,October_2023,2.3320000171661377
Togo,Kara,TGO.2.4_1,Doufelgou,Agbandi-Yaka,NA,November_2023,1.1030000448226929
Togo,Kara,TGO.2.4_1,Doufelgou,Agbandi-Yaka,NA,December_2023,0.6119999885559082
Togo,Kara,TGO.2.4_1,Doufelgou,Aloum,NA,January_2023,0.46399998664855957
Togo,Kara,TGO.2.4_1,Doufelgou,Aloum,NA,February_2023,0.703000009059906
Togo,Kara,TGO.2.4_1,Doufelgou,Aloum,NA,March_2023,1.1150000095367432
Togo,Kara,TGO.2.4_1,Doufelgou,Aloum,NA,April_2023,2.5810000896453857
Togo,Kara,TGO.2.4_1,Doufelgou,Aloum,NA,May_2023,2.9489998817443848
Togo,Kara,TGO.2.4_1,Doufelgou,Aloum,NA,June_2023,2.6489999294281006
Togo,Kara,TGO.2.4_1,Doufelgou,Aloum,NA,July_2023,2.6070001125335693
Togo,Kara,TGO.2.4_1,Doufelgou,Aloum,NA,August_2023,2.4760000705718994
Togo,Kara,TGO.2.4_1,Doufelgou,Aloum,NA,September_2023,1.9889999628067017
Togo,Kara,TGO.2.4_1,Doufelgou,Aloum,NA,October_2023,2.562999963760376
Togo,Kara,TGO.2.4_1,Doufelgou,Aloum,NA,November_2023,1.2380000352859497
Togo,Kara,TGO.2.4_1,Doufelgou,Aloum,NA,December_2023,0.6740000247955322
Togo,Kara,TGO.2.4_1,Doufelgou,Baga,NA,January_2023,0.4359999895095825
Togo,Kara,TGO.2.4_1,Doufelgou,Baga,NA,February_2023,0.6510000228881836
Togo,Kara,TGO.2.4_1,Doufelgou,Baga,NA,March_2023,1.024999976158142
Togo,Kara,TGO.2.4_1,Doufelgou,Baga,NA,April_2023,2.5859999656677246
Togo,Kara,TGO.2.4_1,Doufelgou,Baga,NA,May_2023,2.9040000438690186
Togo,Kara,TGO.2.4_1,Doufelgou,Baga,NA,June_2023,2.5799999237060547
Togo,Kara,TGO.2.4_1,Doufelgou,Baga,NA,July_2023,2.503000020980835
Togo,Kara,TGO.2.4_1,Doufelgou,Baga,NA,August_2023,1.8370000123977661
Togo,Kara,TGO.2.4_1,Doufelgou,Baga,NA,September_2023,1.9010000228881836
Togo,Kara,TGO.2.4_1,Doufelgou,Baga,NA,October_2023,2.428999900817871
Togo,Kara,TGO.2.4_1,Doufelgou,Baga,NA,November_2023,1.1030000448226929
Togo,Kara,TGO.2.4_1,Doufelgou,Baga,NA,December_2023,0.6159999966621399
Togo,Kara,TGO.2.4_1,Doufelgou,Defale,NA,January_2023,0.4740000069141388
Togo,Kara,TGO.2.4_1,Doufelgou,Defale,NA,February_2023,0.6859999895095825
Togo,Kara,TGO.2.4_1,Doufelgou,Defale,NA,March_2023,0.9120000004768372
Togo,Kara,TGO.2.4_1,Doufelgou,Defale,NA,April_2023,2.5980000495910645
Togo,Kara,TGO.2.4_1,Doufelgou,Defale,NA,May_2023,2.9509999752044678
Togo,Kara,TGO.2.4_1,Doufelgou,Defale,NA,June_2023,2.6610000133514404
Togo,Kara,TGO.2.4_1,Doufelgou,Defale,NA,July_2023,2.561000108718872
Togo,Kara,TGO.2.4_1,Doufelgou,Defale,NA,August_2023,1.9110000133514404
Togo,Kara,TGO.2.4_1,Doufelgou,Defale,NA,September_2023,1.9670000076293945
Togo,Kara,TGO.2.4_1,Doufelgou,Defale,NA,October_2023,2.492000102996826
Togo,Kara,TGO.2.4_1,Doufelgou,Defale,NA,November_2023,1.1460000276565552
Togo,Kara,TGO.2.4_1,Doufelgou,Defale,NA,December_2023,0.6570000052452087
Togo,Kara,TGO.2.4_1,Doufelgou,Kadjalla,NA,January_2023,0.4619999974966049
Togo,Kara,TGO.2.4_1,Doufelgou,Kadjalla,NA,February_2023,0.6934999823570251
Togo,Kara,TGO.2.4_1,Doufelgou,Kadjalla,NA,March_2023,0.9444999992847443
Togo,Kara,TGO.2.4_1,Doufelgou,Kadjalla,NA,April_2023,2.549999952316284
Togo,Kara,TGO.2.4_1,Doufelgou,Kadjalla,NA,May_2023,2.935499906539917
Togo,Kara,TGO.2.4_1,Doufelgou,Kadjalla,NA,June_2023,2.6679999828338623
Togo,Kara,TGO.2.4_1,Doufelgou,Kadjalla,NA,July_2023,2.6649999618530273
Togo,Kara,TGO.2.4_1,Doufelgou,Kadjalla,NA,August_2023,2.509500026702881
Togo,Kara,TGO.2.4_1,Doufelgou,Kadjalla,NA,September_2023,2.319000005722046
Togo,Kara,TGO.2.4_1,Doufelgou,Kadjalla,NA,October_2023,2.6045000553131104
Togo,Kara,TGO.2.4_1,Doufelgou,Kadjalla,NA,November_2023,1.2114999890327454
Togo,Kara,TGO.2.4_1,Doufelgou,Kadjalla,NA,December_2023,0.6665000021457672
Togo,Kara,TGO.2.4_1,Doufelgou,Koka,NA,January_2023,0.4399999976158142
Togo,Kara,TGO.2.4_1,Doufelgou,Koka,NA,February_2023,0.6570000052452087
Togo,Kara,TGO.2.4_1,Doufelgou,Koka,NA,March_2023,1.059000015258789
Togo,Kara,TGO.2.4_1,Doufelgou,Koka,NA,April_2023,2.621500015258789
Togo,Kara,TGO.2.4_1,Doufelgou,Koka,NA,May_2023,2.9290000200271606
Togo,Kara,TGO.2.4_1,Doufelgou,Koka,NA,June_2023,2.5749999284744263
Togo,Kara,TGO.2.4_1,Doufelgou,Koka,NA,July_2023,2.4539999961853027
Togo,Kara,TGO.2.4_1,Doufelgou,Koka,NA,August_2023,1.8209999799728394
Togo,Kara,TGO.2.4_1,Doufelgou,Koka,NA,September_2023,1.8725000023841858
Togo,Kara,TGO.2.4_1,Doufelgou,Koka,NA,October_2023,2.3874999284744263
Togo,Kara,TGO.2.4_1,Doufelgou,Koka,NA,November_2023,1.097000002861023
Togo,Kara,TGO.2.4_1,Doufelgou,Koka,NA,December_2023,0.6164999902248383
Togo,Kara,TGO.2.4_1,Doufelgou,Kpaha,NA,January_2023,0.46679999828338625
Togo,Kara,TGO.2.4_1,Doufelgou,Kpaha,NA,February_2023,0.6745999932289124
Togo,Kara,TGO.2.4_1,Doufelgou,Kpaha,NA,March_2023,0.9258000016212463
Togo,Kara,TGO.2.4_1,Doufelgou,Kpaha,NA,April_2023,2.6185999870300294
Togo,Kara,TGO.2.4_1,Doufelgou,Kpaha,NA,May_2023,2.9730000495910645
Togo,Kara,TGO.2.4_1,Doufelgou,Kpaha,NA,June_2023,2.659999942779541
Togo,Kara,TGO.2.4_1,Doufelgou,Kpaha,NA,July_2023,2.565999984741211
Togo,Kara,TGO.2.4_1,Doufelgou,Kpaha,NA,August_2023,2.014400005340576
Togo,Kara,TGO.2.4_1,Doufelgou,Kpaha,NA,September_2023,1.959600019454956
Togo,Kara,TGO.2.4_1,Doufelgou,Kpaha,NA,October_2023,2.4754000186920164
Togo,Kara,TGO.2.4_1,Doufelgou,Kpaha,NA,November_2023,1.1276000261306762
Togo,Kara,TGO.2.4_1,Doufelgou,Kpaha,NA,December_2023,0.6465999960899353
Togo,Kara,TGO.2.4_1,Doufelgou,Leon,NA,January_2023,0.4532499983906746
Togo,Kara,TGO.2.4_1,Doufelgou,Leon,NA,February_2023,0.6965000033378601
Togo,Kara,TGO.2.4_1,Doufelgou,Leon,NA,March_2023,1.2422500252723694
Togo,Kara,TGO.2.4_1,Doufelgou,Leon,NA,April_2023,2.6162500381469727
Togo,Kara,TGO.2.4_1,Doufelgou,Leon,NA,May_2023,2.9464999437332153
Togo,Kara,TGO.2.4_1,Doufelgou,Leon,NA,June_2023,2.603250026702881
Togo,Kara,TGO.2.4_1,Doufelgou,Leon,NA,July_2023,2.5162500143051147
Togo,Kara,TGO.2.4_1,Doufelgou,Leon,NA,August_2023,2.1200000047683716
Togo,Kara,TGO.2.4_1,Doufelgou,Leon,NA,September_2023,1.9110000133514404
Togo,Kara,TGO.2.4_1,Doufelgou,Leon,NA,October_2023,2.466000020503998
Togo,Kara,TGO.2.4_1,Doufelgou,Leon,NA,November_2023,1.1895000338554382
Togo,Kara,TGO.2.4_1,Doufelgou,Leon,NA,December_2023,0.6557500064373016
Togo,Kara,TGO.2.4_1,Doufelgou,Massedena,NA,January_2023,0.4819999933242798
Togo,Kara,TGO.2.4_1,Doufelgou,Massedena,NA,February_2023,0.6890000104904175
Togo,Kara,TGO.2.4_1,Doufelgou,Massedena,NA,March_2023,0.9620000123977661
Togo,Kara,TGO.2.4_1,Doufelgou,Massedena,NA,April_2023,2.703000068664551
Togo,Kara,TGO.2.4_1,Doufelgou,Massedena,NA,May_2023,3.0829999446868896
Togo,Kara,TGO.2.4_1,Doufelgou,Massedena,NA,June_2023,2.688999891281128
Togo,Kara,TGO.2.4_1,Doufelgou,Massedena,NA,July_2023,2.5199999809265137
Togo,Kara,TGO.2.4_1,Doufelgou,Massedena,NA,August_2023,1.8919999599456787
Togo,Kara,TGO.2.4_1,Doufelgou,Massedena,NA,September_2023,1.9429999589920044
Togo,Kara,TGO.2.4_1,Doufelgou,Massedena,NA,October_2023,2.371000051498413
Togo,Kara,TGO.2.4_1,Doufelgou,Massedena,NA,November_2023,1.0870000123977661
Togo,Kara,TGO.2.4_1,Doufelgou,Massedena,NA,December_2023,0.6439999938011169
Togo,Kara,TGO.2.4_1,Doufelgou,Niamtougou,NA,January_2023,0.4580000042915344
Togo,Kara,TGO.2.4_1,Doufelgou,Niamtougou,NA,February_2023,0.699999988079071
Togo,Kara,TGO.2.4_1,Doufelgou,Niamtougou,NA,March_2023,1.1740000247955322
Togo,Kara,TGO.2.4_1,Doufelgou,Niamtougou,NA,April_2023,2.6040000915527344
Togo,Kara,TGO.2.4_1,Doufelgou,Niamtougou,NA,May_2023,2.9049999713897705
Togo,Kara,TGO.2.4_1,Doufelgou,Niamtougou,NA,June_2023,2.5840001106262207
Togo,Kara,TGO.2.4_1,Doufelgou,Niamtougou,NA,July_2023,2.4670000076293945
Togo,Kara,TGO.2.4_1,Doufelgou,Niamtougou,NA,August_2023,1.809000015258789
Togo,Kara,TGO.2.4_1,Doufelgou,Niamtougou,NA,September_2023,1.871000051498413
Togo,Kara,TGO.2.4_1,Doufelgou,Niamtougou,NA,October_2023,2.4570000171661377
Togo,Kara,TGO.2.4_1,Doufelgou,Niamtougou,NA,November_2023,1.1710000038146973
Togo,Kara,TGO.2.4_1,Doufelgou,Niamtougou,NA,December_2023,0.6579999923706055
Togo,Kara,TGO.2.4_1,Doufelgou,Pouda,NA,January_2023,0.46399999658266705
Togo,Kara,TGO.2.4_1,Doufelgou,Pouda,NA,February_2023,0.6763333280881246
Togo,Kara,TGO.2.4_1,Doufelgou,Pouda,NA,March_2023,0.9800000190734863
Togo,Kara,TGO.2.4_1,Doufelgou,Pouda,NA,April_2023,2.68233331044515
Togo,Kara,TGO.2.4_1,Doufelgou,Pouda,NA,May_2023,3.0296667416890464
Togo,Kara,TGO.2.4_1,Doufelgou,Pouda,NA,June_2023,2.6623332500457764
Togo,Kara,TGO.2.4_1,Doufelgou,Pouda,NA,July_2023,2.5263333320617676
Togo,Kara,TGO.2.4_1,Doufelgou,Pouda,NA,August_2023,1.8909999926884968
Togo,Kara,TGO.2.4_1,Doufelgou,Pouda,NA,September_2023,1.9320000410079956
Togo,Kara,TGO.2.4_1,Doufelgou,Pouda,NA,October_2023,2.4120000203450522
Togo,Kara,TGO.2.4_1,Doufelgou,Pouda,NA,November_2023,1.100333333015442
Togo,Kara,TGO.2.4_1,Doufelgou,Pouda,NA,December_2023,0.6383333206176758
Togo,Kara,TGO.2.4_1,Doufelgou,Siou,NA,January_2023,0.4520000070333481
Togo,Kara,TGO.2.4_1,Doufelgou,Siou,NA,February_2023,0.6674999892711639
Togo,Kara,TGO.2.4_1,Doufelgou,Siou,NA,March_2023,1.049500048160553
Togo,Kara,TGO.2.4_1,Doufelgou,Siou,NA,April_2023,2.6640000343322754
Togo,Kara,TGO.2.4_1,Doufelgou,Siou,NA,May_2023,2.9795000553131104
Togo,Kara,TGO.2.4_1,Doufelgou,Siou,NA,June_2023,2.609499931335449
Togo,Kara,TGO.2.4_1,Doufelgou,Siou,NA,July_2023,2.4679999351501465
Togo,Kara,TGO.2.4_1,Doufelgou,Siou,NA,August_2023,1.8394999504089355
Togo,Kara,TGO.2.4_1,Doufelgou,Siou,NA,September_2023,1.8740000128746033
Togo,Kara,TGO.2.4_1,Doufelgou,Siou,NA,October_2023,2.3795000314712524
Togo,Kara,TGO.2.4_1,Doufelgou,Siou,NA,November_2023,1.1014999747276306
Togo,Kara,TGO.2.4_1,Doufelgou,Siou,NA,December_2023,0.6279999911785126
Togo,Kara,TGO.2.4_1,Doufelgou,Tchore,NA,January_2023,0.48333332935969037
Togo,Kara,TGO.2.4_1,Doufelgou,Tchore,NA,February_2023,0.7003333270549774
Togo,Kara,TGO.2.4_1,Doufelgou,Tchore,NA,March_2023,0.7906666696071625
Togo,Kara,TGO.2.4_1,Doufelgou,Tchore,NA,April_2023,2.5051666498184204
Togo,Kara,TGO.2.4_1,Doufelgou,Tchore,NA,May_2023,2.9406666358311973
Togo,Kara,TGO.2.4_1,Doufelgou,Tchore,NA,June_2023,2.743833303451538
Togo,Kara,TGO.2.4_1,Doufelgou,Tchore,NA,July_2023,2.7916666666666665
Togo,Kara,TGO.2.4_1,Doufelgou,Tchore,NA,August_2023,2.6363333463668823
Togo,Kara,TGO.2.4_1,Doufelgou,Tchore,NA,September_2023,2.524333357810974
Togo,Kara,TGO.2.4_1,Doufelgou,Tchore,NA,October_2023,2.703499992688497
Togo,Kara,TGO.2.4_1,Doufelgou,Tchore,NA,November_2023,1.2596666812896729
Togo,Kara,TGO.2.4_1,Doufelgou,Tchore,NA,December_2023,0.698333332935969
Togo,Kara,TGO.2.4_1,Doufelgou,Tenega,NA,January_2023,0.45350000262260437
Togo,Kara,TGO.2.4_1,Doufelgou,Tenega,NA,February_2023,0.6679999977350235
Togo,Kara,TGO.2.4_1,Doufelgou,Tenega,NA,March_2023,1.0090000182390213
Togo,Kara,TGO.2.4_1,Doufelgou,Tenega,NA,April_2023,2.628000020980835
Togo,Kara,TGO.2.4_1,Doufelgou,Tenega,NA,May_2023,2.9535000324249268
Togo,Kara,TGO.2.4_1,Doufelgou,Tenega,NA,June_2023,2.6149999499320984
Togo,Kara,TGO.2.4_1,Doufelgou,Tenega,NA,July_2023,2.5
Togo,Kara,TGO.2.4_1,Doufelgou,Tenega,NA,August_2023,1.8567499816417694
Togo,Kara,TGO.2.4_1,Doufelgou,Tenega,NA,September_2023,1.9040000140666962
Togo,Kara,TGO.2.4_1,Doufelgou,Tenega,NA,October_2023,2.4200000166893005
Togo,Kara,TGO.2.4_1,Doufelgou,Tenega,NA,November_2023,1.1130000054836273
Togo,Kara,TGO.2.4_1,Doufelgou,Tenega,NA,December_2023,0.6322499960660934
Togo,Kara,TGO.2.5_1,Kéran,Akponte,NA,January_2023,0.5350000262260437
Togo,Kara,TGO.2.5_1,Kéran,Akponte,NA,February_2023,0.6909999847412109
Togo,Kara,TGO.2.5_1,Kéran,Akponte,NA,March_2023,0.32199999690055847
Togo,Kara,TGO.2.5_1,Kéran,Akponte,NA,April_2023,2.4000000953674316
Togo,Kara,TGO.2.5_1,Kéran,Akponte,NA,May_2023,2.997999906539917
Togo,Kara,TGO.2.5_1,Kéran,Akponte,NA,June_2023,2.930999994277954
Togo,Kara,TGO.2.5_1,Kéran,Akponte,NA,July_2023,3.0769999027252197
Togo,Kara,TGO.2.5_1,Kéran,Akponte,NA,August_2023,2.936000108718872
Togo,Kara,TGO.2.5_1,Kéran,Akponte,NA,September_2023,2.9839999675750732
Togo,Kara,TGO.2.5_1,Kéran,Akponte,NA,October_2023,2.9210000038146973
Togo,Kara,TGO.2.5_1,Kéran,Akponte,NA,November_2023,1.312999963760376
Togo,Kara,TGO.2.5_1,Kéran,Akponte,NA,December_2023,0.7540000081062317
Togo,Kara,TGO.2.5_1,Kéran,Atalote,NA,January_2023,0.4960000018278758
Togo,Kara,TGO.2.5_1,Kéran,Atalote,NA,February_2023,0.6893333395322164
Togo,Kara,TGO.2.5_1,Kéran,Atalote,NA,March_2023,0.6636666655540466
Togo,Kara,TGO.2.5_1,Kéran,Atalote,NA,April_2023,2.515666643778483
Togo,Kara,TGO.2.5_1,Kéran,Atalote,NA,May_2023,2.98199995358785
Togo,Kara,TGO.2.5_1,Kéran,Atalote,NA,June_2023,2.7956666151682534
Togo,Kara,TGO.2.5_1,Kéran,Atalote,NA,July_2023,2.8526666164398193
Togo,Kara,TGO.2.5_1,Kéran,Atalote,NA,August_2023,2.70633331934611
Togo,Kara,TGO.2.5_1,Kéran,Atalote,NA,September_2023,2.5800000031789145
Togo,Kara,TGO.2.5_1,Kéran,Atalote,NA,October_2023,2.747666597366333
Togo,Kara,TGO.2.5_1,Kéran,Atalote,NA,November_2023,1.2620000044504802
Togo,Kara,TGO.2.5_1,Kéran,Atalote,NA,December_2023,0.7069999972979227
Togo,Kara,TGO.2.5_1,Kéran,Helota,NA,January_2023,0.5230000019073486
Togo,Kara,TGO.2.5_1,Kéran,Helota,NA,February_2023,0.7064999938011169
Togo,Kara,TGO.2.5_1,Kéran,Helota,NA,March_2023,0.43400000035762787
Togo,Kara,TGO.2.5_1,Kéran,Helota,NA,April_2023,2.371000051498413
Togo,Kara,TGO.2.5_1,Kéran,Helota,NA,May_2023,2.909500002861023
Togo,Kara,TGO.2.5_1,Kéran,Helota,NA,June_2023,3.100000023841858
Togo,Kara,TGO.2.5_1,Kéran,Helota,NA,July_2023,3.0360000133514404
Togo,Kara,TGO.2.5_1,Kéran,Helota,NA,August_2023,2.884000062942505
Togo,Kara,TGO.2.5_1,Kéran,Helota,NA,September_2023,2.947499990463257
Togo,Kara,TGO.2.5_1,Kéran,Helota,NA,October_2023,2.91949999332428
Togo,Kara,TGO.2.5_1,Kéran,Helota,NA,November_2023,1.3760000467300415
Togo,Kara,TGO.2.5_1,Kéran,Helota,NA,December_2023,0.7664999961853027
Togo,Kara,TGO.2.5_1,Kéran,Kande,NA,January_2023,0.5104999989271164
Togo,Kara,TGO.2.5_1,Kéran,Kande,NA,February_2023,0.6895000040531158
Togo,Kara,TGO.2.5_1,Kéran,Kande,NA,March_2023,0.5949999988079071
Togo,Kara,TGO.2.5_1,Kéran,Kande,NA,April_2023,2.5199999809265137
Togo,Kara,TGO.2.5_1,Kéran,Kande,NA,May_2023,3.0040000677108765
Togo,Kara,TGO.2.5_1,Kéran,Kande,NA,June_2023,2.831499934196472
Togo,Kara,TGO.2.5_1,Kéran,Kande,NA,July_2023,2.8554999828338623
Togo,Kara,TGO.2.5_1,Kéran,Kande,NA,August_2023,2.715999960899353
Togo,Kara,TGO.2.5_1,Kéran,Kande,NA,September_2023,2.506500005722046
Togo,Kara,TGO.2.5_1,Kéran,Kande,NA,October_2023,2.7440000772476196
Togo,Kara,TGO.2.5_1,Kéran,Kande,NA,November_2023,1.2445000410079956
Togo,Kara,TGO.2.5_1,Kéran,Kande,NA,December_2023,0.7134999930858612
Togo,Kara,TGO.2.5_1,Kéran,Koutougou,NA,January_2023,0.4729999899864197
Togo,Kara,TGO.2.5_1,Kéran,Koutougou,NA,February_2023,0.6875
Togo,Kara,TGO.2.5_1,Kéran,Koutougou,NA,March_2023,0.9334999918937683
Togo,Kara,TGO.2.5_1,Kéran,Koutougou,NA,April_2023,2.674999952316284
Togo,Kara,TGO.2.5_1,Kéran,Koutougou,NA,May_2023,3.0570000410079956
Togo,Kara,TGO.2.5_1,Kéran,Koutougou,NA,June_2023,2.698499917984009
Togo,Kara,TGO.2.5_1,Kéran,Koutougou,NA,July_2023,2.566499948501587
Togo,Kara,TGO.2.5_1,Kéran,Koutougou,NA,August_2023,1.9305000305175781
Togo,Kara,TGO.2.5_1,Kéran,Koutougou,NA,September_2023,1.9765000343322754
Togo,Kara,TGO.2.5_1,Kéran,Koutougou,NA,October_2023,2.4509999752044678
Togo,Kara,TGO.2.5_1,Kéran,Koutougou,NA,November_2023,1.109499990940094
Togo,Kara,TGO.2.5_1,Kéran,Koutougou,NA,December_2023,0.6464999914169312
Togo,Kara,TGO.2.5_1,Kéran,Nadoba,NA,January_2023,0.5090000033378601
Togo,Kara,TGO.2.5_1,Kéran,Nadoba,NA,February_2023,0.6994999945163727
Togo,Kara,TGO.2.5_1,Kéran,Nadoba,NA,March_2023,0.6400000154972076
Togo,Kara,TGO.2.5_1,Kéran,Nadoba,NA,April_2023,2.533500075340271
Togo,Kara,TGO.2.5_1,Kéran,Nadoba,NA,May_2023,3.0360000133514404
Togo,Kara,TGO.2.5_1,Kéran,Nadoba,NA,June_2023,2.812000036239624
Togo,Kara,TGO.2.5_1,Kéran,Nadoba,NA,July_2023,2.8669999837875366
Togo,Kara,TGO.2.5_1,Kéran,Nadoba,NA,August_2023,2.72599995136261
Togo,Kara,TGO.2.5_1,Kéran,Nadoba,NA,September_2023,2.7834999561309814
Togo,Kara,TGO.2.5_1,Kéran,Nadoba,NA,October_2023,2.728000044822693
Togo,Kara,TGO.2.5_1,Kéran,Nadoba,NA,November_2023,1.240500032901764
Togo,Kara,TGO.2.5_1,Kéran,Nadoba,NA,December_2023,0.7100000083446503
Togo,Kara,TGO.2.5_1,Kéran,Ossacre,NA,January_2023,0.643666684627533
Togo,Kara,TGO.2.5_1,Kéran,Ossacre,NA,February_2023,0.700000007947286
Togo,Kara,TGO.2.5_1,Kéran,Ossacre,NA,March_2023,0.019333332777023315
Togo,Kara,TGO.2.5_1,Kéran,Ossacre,NA,April_2023,2.359999974568685
Togo,Kara,TGO.2.5_1,Kéran,Ossacre,NA,May_2023,2.8700000445048013
Togo,Kara,TGO.2.5_1,Kéran,Ossacre,NA,June_2023,3.3913333415985107
Togo,Kara,TGO.2.5_1,Kéran,Ossacre,NA,July_2023,3.168000062306722
Togo,Kara,TGO.2.5_1,Kéran,Ossacre,NA,August_2023,3.0706666310628257
Togo,Kara,TGO.2.5_1,Kéran,Ossacre,NA,September_2023,3.125
Togo,Kara,TGO.2.5_1,Kéran,Ossacre,NA,October_2023,3.0393333435058594
Togo,Kara,TGO.2.5_1,Kéran,Ossacre,NA,November_2023,1.5439999898274739
Togo,Kara,TGO.2.5_1,Kéran,Ossacre,NA,December_2023,0.7853333155314127
Togo,Kara,TGO.2.5_1,Kéran,Pesside,NA,January_2023,0.5205000042915344
Togo,Kara,TGO.2.5_1,Kéran,Pesside,NA,February_2023,0.6755000054836273
Togo,Kara,TGO.2.5_1,Kéran,Pesside,NA,March_2023,0.34299999475479126
Togo,Kara,TGO.2.5_1,Kéran,Pesside,NA,April_2023,2.521000027656555
Togo,Kara,TGO.2.5_1,Kéran,Pesside,NA,May_2023,2.962499976158142
Togo,Kara,TGO.2.5_1,Kéran,Pesside,NA,June_2023,3.094499945640564
Togo,Kara,TGO.2.5_1,Kéran,Pesside,NA,July_2023,2.9835000038146973
Togo,Kara,TGO.2.5_1,Kéran,Pesside,NA,August_2023,2.867500066757202
Togo,Kara,TGO.2.5_1,Kéran,Pesside,NA,September_2023,2.940999984741211
Togo,Kara,TGO.2.5_1,Kéran,Pesside,NA,October_2023,2.8610000610351562
Togo,Kara,TGO.2.5_1,Kéran,Pesside,NA,November_2023,1.2944999933242798
Togo,Kara,TGO.2.5_1,Kéran,Pesside,NA,December_2023,0.7384999990463257
Togo,Kara,TGO.2.5_1,Kéran,Warengo,NA,January_2023,0.4880000054836273
Togo,Kara,TGO.2.5_1,Kéran,Warengo,NA,February_2023,0.7009999752044678
Togo,Kara,TGO.2.5_1,Kéran,Warengo,NA,March_2023,0.8159999847412109
Togo,Kara,TGO.2.5_1,Kéran,Warengo,NA,April_2023,2.5980000495910645
Togo,Kara,TGO.2.5_1,Kéran,Warengo,NA,May_2023,3.003000020980835
Togo,Kara,TGO.2.5_1,Kéran,Warengo,NA,June_2023,2.7260000705718994
Togo,Kara,TGO.2.5_1,Kéran,Warengo,NA,July_2023,2.640000104904175
Togo,Kara,TGO.2.5_1,Kéran,Warengo,NA,August_2023,2.5169999599456787
Togo,Kara,TGO.2.5_1,Kéran,Warengo,NA,September_2023,2.061000108718872
Togo,Kara,TGO.2.5_1,Kéran,Warengo,NA,October_2023,2.553999900817871
Togo,Kara,TGO.2.5_1,Kéran,Warengo,NA,November_2023,1.156999945640564
Togo,Kara,TGO.2.5_1,Kéran,Warengo,NA,December_2023,0.671999990940094
Togo,Kara,TGO.2.6_1,Kozah,Atchangbade,NA,January_2023,0.4235000014305115
Togo,Kara,TGO.2.6_1,Kozah,Atchangbade,NA,February_2023,0.7084999978542328
Togo,Kara,TGO.2.6_1,Kozah,Atchangbade,NA,March_2023,1.5440000295639038
Togo,Kara,TGO.2.6_1,Kozah,Atchangbade,NA,April_2023,2.6244999170303345
Togo,Kara,TGO.2.6_1,Kozah,Atchangbade,NA,May_2023,2.478500008583069
Togo,Kara,TGO.2.6_1,Kozah,Atchangbade,NA,June_2023,2.3270000219345093
Togo,Kara,TGO.2.6_1,Kozah,Atchangbade,NA,July_2023,1.712499976158142
Togo,Kara,TGO.2.6_1,Kozah,Atchangbade,NA,August_2023,1.6150000095367432
Togo,Kara,TGO.2.6_1,Kozah,Atchangbade,NA,September_2023,1.6480000019073486
Togo,Kara,TGO.2.6_1,Kozah,Atchangbade,NA,October_2023,2.1470000743865967
Togo,Kara,TGO.2.6_1,Kozah,Atchangbade,NA,November_2023,1.0699999928474426
Togo,Kara,TGO.2.6_1,Kozah,Atchangbade,NA,December_2023,0.5979999899864197
Togo,Kara,TGO.2.6_1,Kozah,Awandjelo,NA,January_2023,0.3970000147819519
Togo,Kara,TGO.2.6_1,Kozah,Awandjelo,NA,February_2023,0.6869999766349792
Togo,Kara,TGO.2.6_1,Kozah,Awandjelo,NA,March_2023,1.4199999570846558
Togo,Kara,TGO.2.6_1,Kozah,Awandjelo,NA,April_2023,2.617000102996826
Togo,Kara,TGO.2.6_1,Kozah,Awandjelo,NA,May_2023,2.4660000801086426
Togo,Kara,TGO.2.6_1,Kozah,Awandjelo,NA,June_2023,2.252000093460083
Togo,Kara,TGO.2.6_1,Kozah,Awandjelo,NA,July_2023,1.6710000038146973
Togo,Kara,TGO.2.6_1,Kozah,Awandjelo,NA,August_2023,1.5809999704360962
Togo,Kara,TGO.2.6_1,Kozah,Awandjelo,NA,September_2023,1.6230000257492065
Togo,Kara,TGO.2.6_1,Kozah,Awandjelo,NA,October_2023,2.071000099182129
Togo,Kara,TGO.2.6_1,Kozah,Awandjelo,NA,November_2023,1.0049999952316284
Togo,Kara,TGO.2.6_1,Kozah,Awandjelo,NA,December_2023,0.5580000281333923
Togo,Kara,TGO.2.6_1,Kozah,Bohou,NA,January_2023,0.41700000564257306
Togo,Kara,TGO.2.6_1,Kozah,Bohou,NA,February_2023,0.6813333431879679
Togo,Kara,TGO.2.6_1,Kozah,Bohou,NA,March_2023,1.4473333756128948
Togo,Kara,TGO.2.6_1,Kozah,Bohou,NA,April_2023,2.6449999809265137
Togo,Kara,TGO.2.6_1,Kozah,Bohou,NA,May_2023,2.5073333581288657
Togo,Kara,TGO.2.6_1,Kozah,Bohou,NA,June_2023,2.4009999434153237
Togo,Kara,TGO.2.6_1,Kozah,Bohou,NA,July_2023,1.9253333409627278
Togo,Kara,TGO.2.6_1,Kozah,Bohou,NA,August_2023,1.6673333644866943
Togo,Kara,TGO.2.6_1,Kozah,Bohou,NA,September_2023,1.7089999914169312
Togo,Kara,TGO.2.6_1,Kozah,Bohou,NA,October_2023,2.2040000756581626
Togo,Kara,TGO.2.6_1,Kozah,Bohou,NA,November_2023,1.0643333196640015
Togo,Kara,TGO.2.6_1,Kozah,Bohou,NA,December_2023,0.5886666774749756
Togo,Kara,TGO.2.6_1,Kozah,Djamde,NA,January_2023,0.42800000309944153
Togo,Kara,TGO.2.6_1,Kozah,Djamde,NA,February_2023,0.6819999814033508
Togo,Kara,TGO.2.6_1,Kozah,Djamde,NA,March_2023,1.5260000228881836
Togo,Kara,TGO.2.6_1,Kozah,Djamde,NA,April_2023,2.6459999084472656
Togo,Kara,TGO.2.6_1,Kozah,Djamde,NA,May_2023,2.5190000534057617
Togo,Kara,TGO.2.6_1,Kozah,Djamde,NA,June_2023,2.438999891281128
Togo,Kara,TGO.2.6_1,Kozah,Djamde,NA,July_2023,2.2730000019073486
Togo,Kara,TGO.2.6_1,Kozah,Djamde,NA,August_2023,1.6970000267028809
Togo,Kara,TGO.2.6_1,Kozah,Djamde,NA,September_2023,1.7450000047683716
Togo,Kara,TGO.2.6_1,Kozah,Djamde,NA,October_2023,2.2669999599456787
Togo,Kara,TGO.2.6_1,Kozah,Djamde,NA,November_2023,1.1059999465942383
Togo,Kara,TGO.2.6_1,Kozah,Djamde,NA,December_2023,0.6140000224113464
Togo,Kara,TGO.2.6_1,Kozah,Koumea,NA,January_2023,0.41999998688697815
Togo,Kara,TGO.2.6_1,Kozah,Koumea,NA,February_2023,0.6520000100135803
Togo,Kara,TGO.2.6_1,Kozah,Koumea,NA,March_2023,1.2259999513626099
Togo,Kara,TGO.2.6_1,Kozah,Koumea,NA,April_2023,2.6689999103546143
Togo,Kara,TGO.2.6_1,Kozah,Koumea,NA,May_2023,2.9179999828338623
Togo,Kara,TGO.2.6_1,Kozah,Koumea,NA,June_2023,2.493000030517578
Togo,Kara,TGO.2.6_1,Kozah,Koumea,NA,July_2023,2.3489999771118164
Togo,Kara,TGO.2.6_1,Kozah,Koumea,NA,August_2023,1.7319999933242798
Togo,Kara,TGO.2.6_1,Kozah,Koumea,NA,September_2023,1.8049999475479126
Togo,Kara,TGO.2.6_1,Kozah,Koumea,NA,October_2023,2.2660000324249268
Togo,Kara,TGO.2.6_1,Kozah,Koumea,NA,November_2023,1.0570000410079956
Togo,Kara,TGO.2.6_1,Kozah,Koumea,NA,December_2023,0.5830000042915344
Togo,Kara,TGO.2.6_1,Kozah,Lama,NA,January_2023,0.3970000147819519
Togo,Kara,TGO.2.6_1,Kozah,Lama,NA,February_2023,0.656000018119812
Togo,Kara,TGO.2.6_1,Kozah,Lama,NA,March_2023,1.3890000581741333
Togo,Kara,TGO.2.6_1,Kozah,Lama,NA,April_2023,2.6570000648498535
Togo,Kara,TGO.2.6_1,Kozah,Lama,NA,May_2023,2.496000051498413
Togo,Kara,TGO.2.6_1,Kozah,Lama,NA,June_2023,2.385999917984009
Togo,Kara,TGO.2.6_1,Kozah,Lama,NA,July_2023,1.7610000371932983
Togo,Kara,TGO.2.6_1,Kozah,Lama,NA,August_2023,1.6740000247955322
Togo,Kara,TGO.2.6_1,Kozah,Lama,NA,September_2023,1.7230000495910645
Togo,Kara,TGO.2.6_1,Kozah,Lama,NA,October_2023,2.1710000038146973
Togo,Kara,TGO.2.6_1,Kozah,Lama,NA,November_2023,1.0219999551773071
Togo,Kara,TGO.2.6_1,Kozah,Lama,NA,December_2023,0.5640000104904175
Togo,Kara,TGO.2.6_1,Kozah,Landa,NA,January_2023,0.41866666078567505
Togo,Kara,TGO.2.6_1,Kozah,Landa,NA,February_2023,0.6669999957084656
Togo,Kara,TGO.2.6_1,Kozah,Landa,NA,March_2023,1.3040000200271606
Togo,Kara,TGO.2.6_1,Kozah,Landa,NA,April_2023,2.694666624069214
Togo,Kara,TGO.2.6_1,Kozah,Landa,NA,May_2023,2.689333359400431
Togo,Kara,TGO.2.6_1,Kozah,Landa,NA,June_2023,2.4516666730244956
Togo,Kara,TGO.2.6_1,Kozah,Landa,NA,July_2023,1.9879999955495198
Togo,Kara,TGO.2.6_1,Kozah,Landa,NA,August_2023,1.712999979654948
Togo,Kara,TGO.2.6_1,Kozah,Landa,NA,September_2023,1.7669999599456787
Togo,Kara,TGO.2.6_1,Kozah,Landa,NA,October_2023,2.2180000146230063
Togo,Kara,TGO.2.6_1,Kozah,Landa,NA,November_2023,1.0423333247502644
Togo,Kara,TGO.2.6_1,Kozah,Landa,NA,December_2023,0.5806666612625122
Togo,Kara,TGO.2.6_1,Kozah,Landa-Pozenda/Kpinzinde,NA,January_2023,0.3959999978542328
Togo,Kara,TGO.2.6_1,Kozah,Landa-Pozenda/Kpinzinde,NA,February_2023,0.7089999914169312
Togo,Kara,TGO.2.6_1,Kozah,Landa-Pozenda/Kpinzinde,NA,March_2023,1.4709999561309814
Togo,Kara,TGO.2.6_1,Kozah,Landa-Pozenda/Kpinzinde,NA,April_2023,2.7249999046325684
Togo,Kara,TGO.2.6_1,Kozah,Landa-Pozenda/Kpinzinde,NA,May_2023,2.5420000553131104
Togo,Kara,TGO.2.6_1,Kozah,Landa-Pozenda/Kpinzinde,NA,June_2023,2.3259999752044678
Togo,Kara,TGO.2.6_1,Kozah,Landa-Pozenda/Kpinzinde,NA,July_2023,1.718000054359436
Togo,Kara,TGO.2.6_1,Kozah,Landa-Pozenda/Kpinzinde,NA,August_2023,1.628999948501587
Togo,Kara,TGO.2.6_1,Kozah,Landa-Pozenda/Kpinzinde,NA,September_2023,1.6749999523162842
Togo,Kara,TGO.2.6_1,Kozah,Landa-Pozenda/Kpinzinde,NA,October_2023,2.1080000400543213
Togo,Kara,TGO.2.6_1,Kozah,Landa-Pozenda/Kpinzinde,NA,November_2023,1.0190000534057617
Togo,Kara,TGO.2.6_1,Kozah,Landa-Pozenda/Kpinzinde,NA,December_2023,0.5619999766349792
Togo,Kara,TGO.2.6_1,Kozah,Lassa,NA,January_2023,0.4059999982515971
Togo,Kara,TGO.2.6_1,Kozah,Lassa,NA,February_2023,0.6603333353996277
Togo,Kara,TGO.2.6_1,Kozah,Lassa,NA,March_2023,1.3456666866938274
Togo,Kara,TGO.2.6_1,Kozah,Lassa,NA,April_2023,2.678999980290731
Togo,Kara,TGO.2.6_1,Kozah,Lassa,NA,May_2023,2.6540000438690186
Togo,Kara,TGO.2.6_1,Kozah,Lassa,NA,June_2023,2.4236666361490884
Togo,Kara,TGO.2.6_1,Kozah,Lassa,NA,July_2023,1.959333340326945
Togo,Kara,TGO.2.6_1,Kozah,Lassa,NA,August_2023,1.6953333218892415
Togo,Kara,TGO.2.6_1,Kozah,Lassa,NA,September_2023,1.7523333231608074
Togo,Kara,TGO.2.6_1,Kozah,Lassa,NA,October_2023,2.197666645050049
Togo,Kara,TGO.2.6_1,Kozah,Lassa,NA,November_2023,1.031333327293396
Togo,Kara,TGO.2.6_1,Kozah,Lassa,NA,December_2023,0.5706666707992554
Togo,Kara,TGO.2.6_1,Kozah,Pya,NA,January_2023,0.4215000048279762
Togo,Kara,TGO.2.6_1,Kozah,Pya,NA,February_2023,0.6665000021457672
Togo,Kara,TGO.2.6_1,Kozah,Pya,NA,March_2023,1.295749992132187
Togo,Kara,TGO.2.6_1,Kozah,Pya,NA,April_2023,2.6387499570846558
Togo,Kara,TGO.2.6_1,Kozah,Pya,NA,May_2023,2.7032500505447388
Togo,Kara,TGO.2.6_1,Kozah,Pya,NA,June_2023,2.4605000019073486
Togo,Kara,TGO.2.6_1,Kozah,Pya,NA,July_2023,2.189749985933304
Togo,Kara,TGO.2.6_1,Kozah,Pya,NA,August_2023,1.7117500007152557
Togo,Kara,TGO.2.6_1,Kozah,Pya,NA,September_2023,1.7660000026226044
Togo,Kara,TGO.2.6_1,Kozah,Pya,NA,October_2023,2.25600004196167
Togo,Kara,TGO.2.6_1,Kozah,Pya,NA,November_2023,1.0682500004768372
Togo,Kara,TGO.2.6_1,Kozah,Pya,NA,December_2023,0.5897500067949295
Togo,Kara,TGO.2.6_1,Kozah,Sarakawa,NA,January_2023,0.43799999356269836
Togo,Kara,TGO.2.6_1,Kozah,Sarakawa,NA,February_2023,0.6800000071525574
Togo,Kara,TGO.2.6_1,Kozah,Sarakawa,NA,March_2023,1.350000023841858
Togo,Kara,TGO.2.6_1,Kozah,Sarakawa,NA,April_2023,2.625
Togo,Kara,TGO.2.6_1,Kozah,Sarakawa,NA,May_2023,2.930999994277954
Togo,Kara,TGO.2.6_1,Kozah,Sarakawa,NA,June_2023,2.5280001163482666
Togo,Kara,TGO.2.6_1,Kozah,Sarakawa,NA,July_2023,2.4089999198913574
Togo,Kara,TGO.2.6_1,Kozah,Sarakawa,NA,August_2023,1.7760000228881836
Togo,Kara,TGO.2.6_1,Kozah,Sarakawa,NA,September_2023,1.8289999961853027
Togo,Kara,TGO.2.6_1,Kozah,Sarakawa,NA,October_2023,2.3510000705718994
Togo,Kara,TGO.2.6_1,Kozah,Sarakawa,NA,November_2023,1.1390000581741333
Togo,Kara,TGO.2.6_1,Kozah,Sarakawa,NA,December_2023,0.625
Togo,Kara,TGO.2.6_1,Kozah,Somdina,NA,January_2023,0.4009999930858612
Togo,Kara,TGO.2.6_1,Kozah,Somdina,NA,February_2023,0.6729999780654907
Togo,Kara,TGO.2.6_1,Kozah,Somdina,NA,March_2023,1.4220000505447388
Togo,Kara,TGO.2.6_1,Kozah,Somdina,NA,April_2023,2.7109999656677246
Togo,Kara,TGO.2.6_1,Kozah,Somdina,NA,May_2023,2.5480000972747803
Togo,Kara,TGO.2.6_1,Kozah,Somdina,NA,June_2023,2.3919999599456787
Togo,Kara,TGO.2.6_1,Kozah,Somdina,NA,July_2023,1.7680000066757202
Togo,Kara,TGO.2.6_1,Kozah,Somdina,NA,August_2023,1.6799999475479126
Togo,Kara,TGO.2.6_1,Kozah,Somdina,NA,September_2023,1.7289999723434448
Togo,Kara,TGO.2.6_1,Kozah,Somdina,NA,October_2023,2.1559998989105225
Togo,Kara,TGO.2.6_1,Kozah,Somdina,NA,November_2023,1.0149999856948853
Togo,Kara,TGO.2.6_1,Kozah,Somdina,NA,December_2023,0.5649999976158142
Togo,Kara,TGO.2.6_1,Kozah,Tchare,NA,January_2023,0.408500000834465
Togo,Kara,TGO.2.6_1,Kozah,Tchare,NA,February_2023,0.6540000140666962
Togo,Kara,TGO.2.6_1,Kozah,Tchare,NA,March_2023,1.3075000047683716
Togo,Kara,TGO.2.6_1,Kozah,Tchare,NA,April_2023,2.662999987602234
Togo,Kara,TGO.2.6_1,Kozah,Tchare,NA,May_2023,2.7070000171661377
Togo,Kara,TGO.2.6_1,Kozah,Tchare,NA,June_2023,2.4394999742507935
Togo,Kara,TGO.2.6_1,Kozah,Tchare,NA,July_2023,2.0550000071525574
Togo,Kara,TGO.2.6_1,Kozah,Tchare,NA,August_2023,1.703000009059906
Togo,Kara,TGO.2.6_1,Kozah,Tchare,NA,September_2023,1.7639999985694885
Togo,Kara,TGO.2.6_1,Kozah,Tchare,NA,October_2023,2.218500018119812
Togo,Kara,TGO.2.6_1,Kozah,Tchare,NA,November_2023,1.0394999980926514
Togo,Kara,TGO.2.6_1,Kozah,Tchare,NA,December_2023,0.573500007390976
Togo,Kara,TGO.2.6_1,Kozah,Tchitchao,NA,January_2023,0.42800000309944153
Togo,Kara,TGO.2.6_1,Kozah,Tchitchao,NA,February_2023,0.6809999942779541
Togo,Kara,TGO.2.6_1,Kozah,Tchitchao,NA,March_2023,1.3830000162124634
Togo,Kara,TGO.2.6_1,Kozah,Tchitchao,NA,April_2023,2.628999948501587
Togo,Kara,TGO.2.6_1,Kozah,Tchitchao,NA,May_2023,2.51200008392334
Togo,Kara,TGO.2.6_1,Kozah,Tchitchao,NA,June_2023,2.447999954223633
Togo,Kara,TGO.2.6_1,Kozah,Tchitchao,NA,July_2023,2.2829999923706055
Togo,Kara,TGO.2.6_1,Kozah,Tchitchao,NA,August_2023,1.6820000410079956
Togo,Kara,TGO.2.6_1,Kozah,Tchitchao,NA,September_2023,1.7239999771118164
Togo,Kara,TGO.2.6_1,Kozah,Tchitchao,NA,October_2023,2.255000114440918
Togo,Kara,TGO.2.6_1,Kozah,Tchitchao,NA,November_2023,1.090999960899353
Togo,Kara,TGO.2.6_1,Kozah,Tchitchao,NA,December_2023,0.6000000238418579
Togo,Kara,TGO.2.6_1,Kozah,Yade,NA,January_2023,0.41700000564257306
Togo,Kara,TGO.2.6_1,Kozah,Yade,NA,February_2023,0.6813333431879679
Togo,Kara,TGO.2.6_1,Kozah,Yade,NA,March_2023,1.4473333756128948
Togo,Kara,TGO.2.6_1,Kozah,Yade,NA,April_2023,2.6449999809265137
Togo,Kara,TGO.2.6_1,Kozah,Yade,NA,May_2023,2.5073333581288657
Togo,Kara,TGO.2.6_1,Kozah,Yade,NA,June_2023,2.4009999434153237
Togo,Kara,TGO.2.6_1,Kozah,Yade,NA,July_2023,1.9253333409627278
Togo,Kara,TGO.2.6_1,Kozah,Yade,NA,August_2023,1.6673333644866943
Togo,Kara,TGO.2.6_1,Kozah,Yade,NA,September_2023,1.7089999914169312
Togo,Kara,TGO.2.6_1,Kozah,Yade,NA,October_2023,2.2040000756581626
Togo,Kara,TGO.2.6_1,Kozah,Yade,NA,November_2023,1.0643333196640015
Togo,Kara,TGO.2.6_1,Kozah,Yade,NA,December_2023,0.5886666774749756
Togo,Maritime,TGO.3.1_2,Agoe-Nyive,Adetikope,NA,January_2023,1.4019999504089355
Togo,Maritime,TGO.3.1_2,Agoe-Nyive,Adetikope,NA,February_2023,1.8940000534057617
Togo,Maritime,TGO.3.1_2,Agoe-Nyive,Adetikope,NA,March_2023,1.753000020980835
Togo,Maritime,TGO.3.1_2,Agoe-Nyive,Adetikope,NA,April_2023,2.134000062942505
Togo,Maritime,TGO.3.1_2,Agoe-Nyive,Adetikope,NA,May_2023,2.2869999408721924
Togo,Maritime,TGO.3.1_2,Agoe-Nyive,Adetikope,NA,June_2023,1.8619999885559082
Togo,Maritime,TGO.3.1_2,Agoe-Nyive,Adetikope,NA,July_2023,1.5210000276565552
Togo,Maritime,TGO.3.1_2,Agoe-Nyive,Adetikope,NA,August_2023,1.1050000190734863
Togo,Maritime,TGO.3.1_2,Agoe-Nyive,Adetikope,NA,September_2023,1.7350000143051147
Togo,Maritime,TGO.3.1_2,Agoe-Nyive,Adetikope,NA,October_2023,1.9390000104904175
Togo,Maritime,TGO.3.1_2,Agoe-Nyive,Adetikope,NA,November_2023,1.8300000429153442
Togo,Maritime,TGO.3.1_2,Agoe-Nyive,Adetikope,NA,December_2023,1.4299999475479126
Togo,Maritime,TGO.3.1_2,Agoe-Nyive,Agoenyive,NA,January_2023,1.4600000381469727
Togo,Maritime,TGO.3.1_2,Agoe-Nyive,Agoenyive,NA,February_2023,2.055000066757202
Togo,Maritime,TGO.3.1_2,Agoe-Nyive,Agoenyive,NA,March_2023,1.8480000495910645
Togo,Maritime,TGO.3.1_2,Agoe-Nyive,Agoenyive,NA,April_2023,2.0989999771118164
Togo,Maritime,TGO.3.1_2,Agoe-Nyive,Agoenyive,NA,May_2023,2.2149999141693115
Togo,Maritime,TGO.3.1_2,Agoe-Nyive,Agoenyive,NA,June_2023,1.8049999475479126
Togo,Maritime,TGO.3.1_2,Agoe-Nyive,Agoenyive,NA,July_2023,1.5010000467300415
Togo,Maritime,TGO.3.1_2,Agoe-Nyive,Agoenyive,NA,August_2023,1.1369999647140503
Togo,Maritime,TGO.3.1_2,Agoe-Nyive,Agoenyive,NA,September_2023,1.7280000448226929
Togo,Maritime,TGO.3.1_2,Agoe-Nyive,Agoenyive,NA,October_2023,1.9140000343322754
Togo,Maritime,TGO.3.1_2,Agoe-Nyive,Agoenyive,NA,November_2023,2.0409998893737793
Togo,Maritime,TGO.3.1_2,Agoe-Nyive,Agoenyive,NA,December_2023,1.4110000133514404
Togo,Maritime,TGO.3.1_2,Agoe-Nyive,Legbassito,NA,January_2023,1.3847499787807465
Togo,Maritime,TGO.3.1_2,Agoe-Nyive,Legbassito,NA,February_2023,1.9072500467300415
Togo,Maritime,TGO.3.1_2,Agoe-Nyive,Legbassito,NA,March_2023,1.734250009059906
Togo,Maritime,TGO.3.1_2,Agoe-Nyive,Legbassito,NA,April_2023,2.105750024318695
Togo,Maritime,TGO.3.1_2,Agoe-Nyive,Legbassito,NA,May_2023,2.2737499475479126
Togo,Maritime,TGO.3.1_2,Agoe-Nyive,Legbassito,NA,June_2023,1.8497499823570251
Togo,Maritime,TGO.3.1_2,Agoe-Nyive,Legbassito,NA,July_2023,1.5175000131130219
Togo,Maritime,TGO.3.1_2,Agoe-Nyive,Legbassito,NA,August_2023,1.1144999861717224
Togo,Maritime,TGO.3.1_2,Agoe-Nyive,Legbassito,NA,September_2023,1.7400000393390656
Togo,Maritime,TGO.3.1_2,Agoe-Nyive,Legbassito,NA,October_2023,1.936000019311905
Togo,Maritime,TGO.3.1_2,Agoe-Nyive,Legbassito,NA,November_2023,1.9462499618530273
Togo,Maritime,TGO.3.1_2,Agoe-Nyive,Legbassito,NA,December_2023,1.5164999961853027
Togo,Maritime,TGO.3.1_2,Agoe-Nyive,Togblekope,NA,January_2023,1.4717499911785126
Togo,Maritime,TGO.3.1_2,Agoe-Nyive,Togblekope,NA,February_2023,2.035500019788742
Togo,Maritime,TGO.3.1_2,Agoe-Nyive,Togblekope,NA,March_2023,1.8552500009536743
Togo,Maritime,TGO.3.1_2,Agoe-Nyive,Togblekope,NA,April_2023,2.1352500319480896
Togo,Maritime,TGO.3.1_2,Agoe-Nyive,Togblekope,NA,May_2023,2.2494999766349792
Togo,Maritime,TGO.3.1_2,Agoe-Nyive,Togblekope,NA,June_2023,1.836249977350235
Togo,Maritime,TGO.3.1_2,Agoe-Nyive,Togblekope,NA,July_2023,1.527750015258789
Togo,Maritime,TGO.3.1_2,Agoe-Nyive,Togblekope,NA,August_2023,1.1287499964237213
Togo,Maritime,TGO.3.1_2,Agoe-Nyive,Togblekope,NA,September_2023,1.7430000305175781
Togo,Maritime,TGO.3.1_2,Agoe-Nyive,Togblekope,NA,October_2023,1.9422500133514404
Togo,Maritime,TGO.3.1_2,Agoe-Nyive,Togblekope,NA,November_2023,2.0182500183582306
Togo,Maritime,TGO.3.1_2,Agoe-Nyive,Togblekope,NA,December_2023,1.4474999904632568
Togo,Maritime,TGO.3.1_2,Agoe-Nyive,Vakpossito,NA,January_2023,1.4600000381469727
Togo,Maritime,TGO.3.1_2,Agoe-Nyive,Vakpossito,NA,February_2023,2.055000066757202
Togo,Maritime,TGO.3.1_2,Agoe-Nyive,Vakpossito,NA,March_2023,1.8480000495910645
Togo,Maritime,TGO.3.1_2,Agoe-Nyive,Vakpossito,NA,April_2023,2.0989999771118164
Togo,Maritime,TGO.3.1_2,Agoe-Nyive,Vakpossito,NA,May_2023,2.2149999141693115
Togo,Maritime,TGO.3.1_2,Agoe-Nyive,Vakpossito,NA,June_2023,1.8049999475479126
Togo,Maritime,TGO.3.1_2,Agoe-Nyive,Vakpossito,NA,July_2023,1.5010000467300415
Togo,Maritime,TGO.3.1_2,Agoe-Nyive,Vakpossito,NA,August_2023,1.1369999647140503
Togo,Maritime,TGO.3.1_2,Agoe-Nyive,Vakpossito,NA,September_2023,1.7280000448226929
Togo,Maritime,TGO.3.1_2,Agoe-Nyive,Vakpossito,NA,October_2023,1.9140000343322754
Togo,Maritime,TGO.3.1_2,Agoe-Nyive,Vakpossito,NA,November_2023,2.0409998893737793
Togo,Maritime,TGO.3.1_2,Agoe-Nyive,Vakpossito,NA,December_2023,1.4110000133514404
Togo,Maritime,TGO.3.1_2,Agoe-Nyive,Zanguera,NA,January_2023,1.3789999882380168
Togo,Maritime,TGO.3.1_2,Agoe-Nyive,Zanguera,NA,February_2023,1.911666711171468
Togo,Maritime,TGO.3.1_2,Agoe-Nyive,Zanguera,NA,March_2023,1.728000005086263
Togo,Maritime,TGO.3.1_2,Agoe-Nyive,Zanguera,NA,April_2023,2.0963333447774253
Togo,Maritime,TGO.3.1_2,Agoe-Nyive,Zanguera,NA,May_2023,2.269333283106486
Togo,Maritime,TGO.3.1_2,Agoe-Nyive,Zanguera,NA,June_2023,1.8456666469573975
Togo,Maritime,TGO.3.1_2,Agoe-Nyive,Zanguera,NA,July_2023,1.5163333415985107
Togo,Maritime,TGO.3.1_2,Agoe-Nyive,Zanguera,NA,August_2023,1.1176666418711345
Togo,Maritime,TGO.3.1_2,Agoe-Nyive,Zanguera,NA,September_2023,1.7416667143503826
Togo,Maritime,TGO.3.1_2,Agoe-Nyive,Zanguera,NA,October_2023,1.9350000222524006
Togo,Maritime,TGO.3.1_2,Agoe-Nyive,Zanguera,NA,November_2023,1.9849999348322551
Togo,Maritime,TGO.3.1_2,Agoe-Nyive,Zanguera,NA,December_2023,1.5453333457310994
Togo,Maritime,TGO.3.2_2,Avé,Akepe,NA,January_2023,1.3274999856948853
Togo,Maritime,TGO.3.2_2,Avé,Akepe,NA,February_2023,1.800249993801117
Togo,Maritime,TGO.3.2_2,Avé,Akepe,NA,March_2023,1.6310000121593475
Togo,Maritime,TGO.3.2_2,Avé,Akepe,NA,April_2023,2.105500042438507
Togo,Maritime,TGO.3.2_2,Avé,Akepe,NA,May_2023,2.330749988555908
Togo,Maritime,TGO.3.2_2,Avé,Akepe,NA,June_2023,1.899999976158142
Togo,Maritime,TGO.3.2_2,Avé,Akepe,NA,July_2023,1.5439999997615814
Togo,Maritime,TGO.3.2_2,Avé,Akepe,NA,August_2023,1.1167500019073486
Togo,Maritime,TGO.3.2_2,Avé,Akepe,NA,September_2023,1.7755000293254852
Togo,Maritime,TGO.3.2_2,Avé,Akepe,NA,October_2023,1.9749999940395355
Togo,Maritime,TGO.3.2_2,Avé,Akepe,NA,November_2023,1.9930000007152557
Togo,Maritime,TGO.3.2_2,Avé,Akepe,NA,December_2023,1.612500011920929
Togo,Maritime,TGO.3.2_2,Avé,Assahoun/Ando Peme,NA,January_2023,1.1535000205039978
Togo,Maritime,TGO.3.2_2,Avé,Assahoun/Ando Peme,NA,February_2023,1.5270000100135803
Togo,Maritime,TGO.3.2_2,Avé,Assahoun/Ando Peme,NA,March_2023,1.6130000352859497
Togo,Maritime,TGO.3.2_2,Avé,Assahoun/Ando Peme,NA,April_2023,2.118000030517578
Togo,Maritime,TGO.3.2_2,Avé,Assahoun/Ando Peme,NA,May_2023,2.025999903678894
Togo,Maritime,TGO.3.2_2,Avé,Assahoun/Ando Peme,NA,June_2023,1.8700000047683716
Togo,Maritime,TGO.3.2_2,Avé,Assahoun/Ando Peme,NA,July_2023,1.4925000071525574
Togo,Maritime,TGO.3.2_2,Avé,Assahoun/Ando Peme,NA,August_2023,1.0544999837875366
Togo,Maritime,TGO.3.2_2,Avé,Assahoun/Ando Peme,NA,September_2023,1.7050000429153442
Togo,Maritime,TGO.3.2_2,Avé,Assahoun/Ando Peme,NA,October_2023,1.9485000371932983
Togo,Maritime,TGO.3.2_2,Avé,Assahoun/Ando Peme,NA,November_2023,1.8285000324249268
Togo,Maritime,TGO.3.2_2,Avé,Assahoun/Ando Peme,NA,December_2023,1.3195000290870667
Togo,Maritime,TGO.3.2_2,Avé,Badja,NA,January_2023,1.2649999856948853
Togo,Maritime,TGO.3.2_2,Avé,Badja,NA,February_2023,1.6929999589920044
Togo,Maritime,TGO.3.2_2,Avé,Badja,NA,March_2023,1.6349999904632568
Togo,Maritime,TGO.3.2_2,Avé,Badja,NA,April_2023,2.1740000247955322
Togo,Maritime,TGO.3.2_2,Avé,Badja,NA,May_2023,2.1059999465942383
Togo,Maritime,TGO.3.2_2,Avé,Badja,NA,June_2023,1.9450000524520874
Togo,Maritime,TGO.3.2_2,Avé,Badja,NA,July_2023,1.5720000267028809
Togo,Maritime,TGO.3.2_2,Avé,Badja,NA,August_2023,1.093999981880188
Togo,Maritime,TGO.3.2_2,Avé,Badja,NA,September_2023,1.7890000343322754
Togo,Maritime,TGO.3.2_2,Avé,Badja,NA,October_2023,2.0239999294281006
Togo,Maritime,TGO.3.2_2,Avé,Badja,NA,November_2023,1.8899999856948853
Togo,Maritime,TGO.3.2_2,Avé,Badja,NA,December_2023,1.375
Togo,Maritime,TGO.3.2_2,Avé,Dzolo,NA,January_2023,1.215999960899353
Togo,Maritime,TGO.3.2_2,Avé,Dzolo,NA,February_2023,1.6169999837875366
Togo,Maritime,TGO.3.2_2,Avé,Dzolo,NA,March_2023,1.590000033378601
Togo,Maritime,TGO.3.2_2,Avé,Dzolo,NA,April_2023,2.1429998874664307
Togo,Maritime,TGO.3.2_2,Avé,Dzolo,NA,May_2023,2.0510001182556152
Togo,Maritime,TGO.3.2_2,Avé,Dzolo,NA,June_2023,1.9390000104904175
Togo,Maritime,TGO.3.2_2,Avé,Dzolo,NA,July_2023,1.5260000228881836
Togo,Maritime,TGO.3.2_2,Avé,Dzolo,NA,August_2023,1.0920000076293945
Togo,Maritime,TGO.3.2_2,Avé,Dzolo,NA,September_2023,1.7519999742507935
Togo,Maritime,TGO.3.2_2,Avé,Dzolo,NA,October_2023,2.01200008392334
Togo,Maritime,TGO.3.2_2,Avé,Dzolo,NA,November_2023,1.8730000257492065
Togo,Maritime,TGO.3.2_2,Avé,Dzolo,NA,December_2023,1.3669999837875366
Togo,Maritime,TGO.3.2_2,Avé,Keve,NA,January_2023,1.222000002861023
Togo,Maritime,TGO.3.2_2,Avé,Keve,NA,February_2023,1.5980000495910645
Togo,Maritime,TGO.3.2_2,Avé,Keve,NA,March_2023,1.6510000228881836
Togo,Maritime,TGO.3.2_2,Avé,Keve,NA,April_2023,1.8250000476837158
Togo,Maritime,TGO.3.2_2,Avé,Keve,NA,May_2023,2.0290000438690186
Togo,Maritime,TGO.3.2_2,Avé,Keve,NA,June_2023,1.8509999513626099
Togo,Maritime,TGO.3.2_2,Avé,Keve,NA,July_2023,1.4850000143051147
Togo,Maritime,TGO.3.2_2,Avé,Keve,NA,August_2023,1.0399999618530273
Togo,Maritime,TGO.3.2_2,Avé,Keve,NA,September_2023,1.6749999523162842
Togo,Maritime,TGO.3.2_2,Avé,Keve,NA,October_2023,1.9259999990463257
Togo,Maritime,TGO.3.2_2,Avé,Keve,NA,November_2023,1.8209999799728394
Togo,Maritime,TGO.3.2_2,Avé,Keve,NA,December_2023,1.3539999723434448
Togo,Maritime,TGO.3.2_2,Avé,Noepe,NA,January_2023,1.3263333241144817
Togo,Maritime,TGO.3.2_2,Avé,Noepe,NA,February_2023,1.774999976158142
Togo,Maritime,TGO.3.2_2,Avé,Noepe,NA,March_2023,1.6203333536783855
Togo,Maritime,TGO.3.2_2,Avé,Noepe,NA,April_2023,2.1233333746592202
Togo,Maritime,TGO.3.2_2,Avé,Noepe,NA,May_2023,2.3640000025431314
Togo,Maritime,TGO.3.2_2,Avé,Noepe,NA,June_2023,1.928666631380717
Togo,Maritime,TGO.3.2_2,Avé,Noepe,NA,July_2023,1.562666654586792
Togo,Maritime,TGO.3.2_2,Avé,Noepe,NA,August_2023,1.118333339691162
Togo,Maritime,TGO.3.2_2,Avé,Noepe,NA,September_2023,1.7930000225702922
Togo,Maritime,TGO.3.2_2,Avé,Noepe,NA,October_2023,1.999666651089986
Togo,Maritime,TGO.3.2_2,Avé,Noepe,NA,November_2023,1.9770000378290813
Togo,Maritime,TGO.3.2_2,Avé,Noepe,NA,December_2023,1.6233333349227905
Togo,Maritime,TGO.3.2_2,Avé,Tovegan,NA,January_2023,1.071999967098236
Togo,Maritime,TGO.3.2_2,Avé,Tovegan,NA,February_2023,1.472000002861023
Togo,Maritime,TGO.3.2_2,Avé,Tovegan,NA,March_2023,1.6894999742507935
Togo,Maritime,TGO.3.2_2,Avé,Tovegan,NA,April_2023,1.8510000109672546
Togo,Maritime,TGO.3.2_2,Avé,Tovegan,NA,May_2023,2.0399999618530273
Togo,Maritime,TGO.3.2_2,Avé,Tovegan,NA,June_2023,1.856499969959259
Togo,Maritime,TGO.3.2_2,Avé,Tovegan,NA,July_2023,1.5174999833106995
Togo,Maritime,TGO.3.2_2,Avé,Tovegan,NA,August_2023,1.05349999666214
Togo,Maritime,TGO.3.2_2,Avé,Tovegan,NA,September_2023,1.6920000314712524
Togo,Maritime,TGO.3.2_2,Avé,Tovegan,NA,October_2023,1.9399999976158142
Togo,Maritime,TGO.3.2_2,Avé,Tovegan,NA,November_2023,1.7829999923706055
Togo,Maritime,TGO.3.2_2,Avé,Tovegan,NA,December_2023,1.25900000333786
Togo,Maritime,TGO.3.3_2,Bas-Mono,Afagnan / Afagnagan,NA,January_2023,1.2890000343322754
Togo,Maritime,TGO.3.3_2,Bas-Mono,Afagnan / Afagnagan,NA,February_2023,1.7009999752044678
Togo,Maritime,TGO.3.3_2,Bas-Mono,Afagnan / Afagnagan,NA,March_2023,1.6490000486373901
Togo,Maritime,TGO.3.3_2,Bas-Mono,Afagnan / Afagnagan,NA,April_2023,2.055000066757202
Togo,Maritime,TGO.3.3_2,Bas-Mono,Afagnan / Afagnagan,NA,May_2023,2.305000066757202
Togo,Maritime,TGO.3.3_2,Bas-Mono,Afagnan / Afagnagan,NA,June_2023,1.937000036239624
Togo,Maritime,TGO.3.3_2,Bas-Mono,Afagnan / Afagnagan,NA,July_2023,1.5889999866485596
Togo,Maritime,TGO.3.3_2,Bas-Mono,Afagnan / Afagnagan,NA,August_2023,1.100000023841858
Togo,Maritime,TGO.3.3_2,Bas-Mono,Afagnan / Afagnagan,NA,September_2023,1.7699999809265137
Togo,Maritime,TGO.3.3_2,Bas-Mono,Afagnan / Afagnagan,NA,October_2023,1.972000002861023
Togo,Maritime,TGO.3.3_2,Bas-Mono,Afagnan / Afagnagan,NA,November_2023,2.1579999923706055
Togo,Maritime,TGO.3.3_2,Bas-Mono,Afagnan / Afagnagan,NA,December_2023,1.6230000257492065
Togo,Maritime,TGO.3.3_2,Bas-Mono,Agome Glozou/Agbetiko,NA,January_2023,1.2600000103314717
Togo,Maritime,TGO.3.3_2,Bas-Mono,Agome Glozou/Agbetiko,NA,February_2023,1.687833348910014
Togo,Maritime,TGO.3.3_2,Bas-Mono,Agome Glozou/Agbetiko,NA,March_2023,1.6304999987284343
Togo,Maritime,TGO.3.3_2,Bas-Mono,Agome Glozou/Agbetiko,NA,April_2023,2.0771666765213013
Togo,Maritime,TGO.3.3_2,Bas-Mono,Agome Glozou/Agbetiko,NA,May_2023,2.3081667025883994
Togo,Maritime,TGO.3.3_2,Bas-Mono,Agome Glozou/Agbetiko,NA,June_2023,1.9600000182787578
Togo,Maritime,TGO.3.3_2,Bas-Mono,Agome Glozou/Agbetiko,NA,July_2023,1.608999987443288
Togo,Maritime,TGO.3.3_2,Bas-Mono,Agome Glozou/Agbetiko,NA,August_2023,1.1071666479110718
Togo,Maritime,TGO.3.3_2,Bas-Mono,Agome Glozou/Agbetiko,NA,September_2023,1.7766666809717815
Togo,Maritime,TGO.3.3_2,Bas-Mono,Agome Glozou/Agbetiko,NA,October_2023,2.0048333207766214
Togo,Maritime,TGO.3.3_2,Bas-Mono,Agome Glozou/Agbetiko,NA,November_2023,2.1721667051315308
Togo,Maritime,TGO.3.3_2,Bas-Mono,Agome Glozou/Agbetiko,NA,December_2023,1.6366666754086812
Togo,Maritime,TGO.3.3_2,Bas-Mono,Attitogon,NA,January_2023,1.2885000109672546
Togo,Maritime,TGO.3.3_2,Bas-Mono,Attitogon,NA,February_2023,1.738750010728836
Togo,Maritime,TGO.3.3_2,Bas-Mono,Attitogon,NA,March_2023,1.651500016450882
Togo,Maritime,TGO.3.3_2,Bas-Mono,Attitogon,NA,April_2023,2.0570000410079956
Togo,Maritime,TGO.3.3_2,Bas-Mono,Attitogon,NA,May_2023,2.2800000309944153
Togo,Maritime,TGO.3.3_2,Bas-Mono,Attitogon,NA,June_2023,1.9307500123977661
Togo,Maritime,TGO.3.3_2,Bas-Mono,Attitogon,NA,July_2023,1.5897499918937683
Togo,Maritime,TGO.3.3_2,Bas-Mono,Attitogon,NA,August_2023,1.1089999973773956
Togo,Maritime,TGO.3.3_2,Bas-Mono,Attitogon,NA,September_2023,1.7587499916553497
Togo,Maritime,TGO.3.3_2,Bas-Mono,Attitogon,NA,October_2023,1.973749965429306
Togo,Maritime,TGO.3.3_2,Bas-Mono,Attitogon,NA,November_2023,2.1517500281333923
Togo,Maritime,TGO.3.3_2,Bas-Mono,Attitogon,NA,December_2023,1.6319999992847443
Togo,Maritime,TGO.3.3_2,Bas-Mono,Hompou,NA,January_2023,1.281000018119812
Togo,Maritime,TGO.3.3_2,Bas-Mono,Hompou,NA,February_2023,1.7680000066757202
Togo,Maritime,TGO.3.3_2,Bas-Mono,Hompou,NA,March_2023,1.6449999809265137
Togo,Maritime,TGO.3.3_2,Bas-Mono,Hompou,NA,April_2023,2.0280001163482666
Togo,Maritime,TGO.3.3_2,Bas-Mono,Hompou,NA,May_2023,2.2290000915527344
Togo,Maritime,TGO.3.3_2,Bas-Mono,Hompou,NA,June_2023,1.902999997138977
Togo,Maritime,TGO.3.3_2,Bas-Mono,Hompou,NA,July_2023,1.5820000171661377
Togo,Maritime,TGO.3.3_2,Bas-Mono,Hompou,NA,August_2023,1.1089999675750732
Togo,Maritime,TGO.3.3_2,Bas-Mono,Hompou,NA,September_2023,1.7259999513626099
Togo,Maritime,TGO.3.3_2,Bas-Mono,Hompou,NA,October_2023,1.9429999589920044
Togo,Maritime,TGO.3.3_2,Bas-Mono,Hompou,NA,November_2023,2.121999979019165
Togo,Maritime,TGO.3.3_2,Bas-Mono,Hompou,NA,December_2023,1.628000020980835
Togo,Maritime,TGO.3.3_2,Bas-Mono,Kpetsou,NA,January_2023,1.2535000443458557
Togo,Maritime,TGO.3.3_2,Bas-Mono,Kpetsou,NA,February_2023,1.659500002861023
Togo,Maritime,TGO.3.3_2,Bas-Mono,Kpetsou,NA,March_2023,1.6335000395774841
Togo,Maritime,TGO.3.3_2,Bas-Mono,Kpetsou,NA,April_2023,2.083999991416931
Togo,Maritime,TGO.3.3_2,Bas-Mono,Kpetsou,NA,May_2023,2.3265000581741333
Togo,Maritime,TGO.3.3_2,Bas-Mono,Kpetsou,NA,June_2023,1.9510000348091125
Togo,Maritime,TGO.3.3_2,Bas-Mono,Kpetsou,NA,July_2023,1.5964999794960022
Togo,Maritime,TGO.3.3_2,Bas-Mono,Kpetsou,NA,August_2023,1.0995000004768372
Togo,Maritime,TGO.3.3_2,Bas-Mono,Kpetsou,NA,September_2023,1.7745000123977661
Togo,Maritime,TGO.3.3_2,Bas-Mono,Kpetsou,NA,October_2023,1.9894999861717224
Togo,Maritime,TGO.3.3_2,Bas-Mono,Kpetsou,NA,November_2023,2.1575000286102295
Togo,Maritime,TGO.3.3_2,Bas-Mono,Kpetsou,NA,December_2023,1.6110000014305115
Togo,Maritime,TGO.3.4_2,Golfe,Aflao Gakli,NA,January_2023,1.3955000042915344
Togo,Maritime,TGO.3.4_2,Golfe,Aflao Gakli,NA,February_2023,1.9655000567436218
Togo,Maritime,TGO.3.4_2,Golfe,Aflao Gakli,NA,March_2023,1.7555000185966492
Togo,Maritime,TGO.3.4_2,Golfe,Aflao Gakli,NA,April_2023,2.075500011444092
Togo,Maritime,TGO.3.4_2,Golfe,Aflao Gakli,NA,May_2023,2.222999930381775
Togo,Maritime,TGO.3.4_2,Golfe,Aflao Gakli,NA,June_2023,1.809499979019165
Togo,Maritime,TGO.3.4_2,Golfe,Aflao Gakli,NA,July_2023,1.4945000410079956
Togo,Maritime,TGO.3.4_2,Golfe,Aflao Gakli,NA,August_2023,1.1244999766349792
Togo,Maritime,TGO.3.4_2,Golfe,Aflao Gakli,NA,September_2023,1.7255000472068787
Togo,Maritime,TGO.3.4_2,Golfe,Aflao Gakli,NA,October_2023,1.9075000286102295
Togo,Maritime,TGO.3.4_2,Golfe,Aflao Gakli,NA,November_2023,2.0409998893737793
Togo,Maritime,TGO.3.4_2,Golfe,Aflao Gakli,NA,December_2023,1.4955000281333923
Togo,Maritime,TGO.3.4_2,Golfe,Amoutive,NA,January_2023,1.4950000047683716
Togo,Maritime,TGO.3.4_2,Golfe,Amoutive,NA,February_2023,2.0826666752497354
Togo,Maritime,TGO.3.4_2,Golfe,Amoutive,NA,March_2023,1.8893333276112874
Togo,Maritime,TGO.3.4_2,Golfe,Amoutive,NA,April_2023,2.1356666882832847
Togo,Maritime,TGO.3.4_2,Golfe,Amoutive,NA,May_2023,2.236999988555908
Togo,Maritime,TGO.3.4_2,Golfe,Amoutive,NA,June_2023,1.8276666402816772
Togo,Maritime,TGO.3.4_2,Golfe,Amoutive,NA,July_2023,1.5300000111262004
Togo,Maritime,TGO.3.4_2,Golfe,Amoutive,NA,August_2023,1.1366666555404663
Togo,Maritime,TGO.3.4_2,Golfe,Amoutive,NA,September_2023,1.7456667025883992
Togo,Maritime,TGO.3.4_2,Golfe,Amoutive,NA,October_2023,1.943333347638448
Togo,Maritime,TGO.3.4_2,Golfe,Amoutive,NA,November_2023,2.081000010172526
Togo,Maritime,TGO.3.4_2,Golfe,Amoutive,NA,December_2023,1.4533333381017048
Togo,Maritime,TGO.3.4_2,Golfe,Baguida,NA,January_2023,1.593999981880188
Togo,Maritime,TGO.3.4_2,Golfe,Baguida,NA,February_2023,2.249500036239624
Togo,Maritime,TGO.3.4_2,Golfe,Baguida,NA,March_2023,2.028999984264374
Togo,Maritime,TGO.3.4_2,Golfe,Baguida,NA,April_2023,2.1670000553131104
Togo,Maritime,TGO.3.4_2,Golfe,Baguida,NA,May_2023,2.2265000343322754
Togo,Maritime,TGO.3.4_2,Golfe,Baguida,NA,June_2023,1.8205000162124634
Togo,Maritime,TGO.3.4_2,Golfe,Baguida,NA,July_2023,1.5554999709129333
Togo,Maritime,TGO.3.4_2,Golfe,Baguida,NA,August_2023,1.1744999885559082
Togo,Maritime,TGO.3.4_2,Golfe,Baguida,NA,September_2023,1.7555000185966492
Togo,Maritime,TGO.3.4_2,Golfe,Baguida,NA,October_2023,1.9519999623298645
Togo,Maritime,TGO.3.4_2,Golfe,Baguida,NA,November_2023,2.0800000429153442
Togo,Maritime,TGO.3.4_2,Golfe,Baguida,NA,December_2023,1.6455000042915344
Togo,Maritime,TGO.3.4_2,Golfe,Sagbado,NA,January_2023,1.3309999704360962
Togo,Maritime,TGO.3.4_2,Golfe,Sagbado,NA,February_2023,1.8760000467300415
Togo,Maritime,TGO.3.4_2,Golfe,Sagbado,NA,March_2023,1.6629999876022339
Togo,Maritime,TGO.3.4_2,Golfe,Sagbado,NA,April_2023,2.052000045776367
Togo,Maritime,TGO.3.4_2,Golfe,Sagbado,NA,May_2023,2.2309999465942383
Togo,Maritime,TGO.3.4_2,Golfe,Sagbado,NA,June_2023,1.8140000104904175
Togo,Maritime,TGO.3.4_2,Golfe,Sagbado,NA,July_2023,1.4880000352859497
Togo,Maritime,TGO.3.4_2,Golfe,Sagbado,NA,August_2023,1.1119999885559082
Togo,Maritime,TGO.3.4_2,Golfe,Sagbado,NA,September_2023,1.7230000495910645
Togo,Maritime,TGO.3.4_2,Golfe,Sagbado,NA,October_2023,1.9010000228881836
Togo,Maritime,TGO.3.4_2,Golfe,Sagbado,NA,November_2023,2.0409998893737793
Togo,Maritime,TGO.3.4_2,Golfe,Sagbado,NA,December_2023,1.5800000429153442
Togo,Maritime,TGO.3.5_2,Lacs,Agbodrafo,NA,January_2023,1.6319999694824219
Togo,Maritime,TGO.3.5_2,Lacs,Agbodrafo,NA,February_2023,2.2920000553131104
Togo,Maritime,TGO.3.5_2,Lacs,Agbodrafo,NA,March_2023,2.065999984741211
Togo,Maritime,TGO.3.5_2,Lacs,Agbodrafo,NA,April_2023,2.1579999923706055
Togo,Maritime,TGO.3.5_2,Lacs,Agbodrafo,NA,May_2023,2.2290000915527344
Togo,Maritime,TGO.3.5_2,Lacs,Agbodrafo,NA,June_2023,1.8200000524520874
Togo,Maritime,TGO.3.5_2,Lacs,Agbodrafo,NA,July_2023,1.562999963760376
Togo,Maritime,TGO.3.5_2,Lacs,Agbodrafo,NA,August_2023,1.1799999475479126
Togo,Maritime,TGO.3.5_2,Lacs,Agbodrafo,NA,September_2023,1.7430000305175781
Togo,Maritime,TGO.3.5_2,Lacs,Agbodrafo,NA,October_2023,1.934999942779541
Togo,Maritime,TGO.3.5_2,Lacs,Agbodrafo,NA,November_2023,2.0980000495910645
Togo,Maritime,TGO.3.5_2,Lacs,Agbodrafo,NA,December_2023,1.8040000200271606
Togo,Maritime,TGO.3.5_2,Lacs,Agouegan,NA,January_2023,1.4210000038146973
Togo,Maritime,TGO.3.5_2,Lacs,Agouegan,NA,February_2023,2.013333320617676
Togo,Maritime,TGO.3.5_2,Lacs,Agouegan,NA,March_2023,1.8356666564941406
Togo,Maritime,TGO.3.5_2,Lacs,Agouegan,NA,April_2023,2.0726667245229087
Togo,Maritime,TGO.3.5_2,Lacs,Agouegan,NA,May_2023,2.2013332843780518
Togo,Maritime,TGO.3.5_2,Lacs,Agouegan,NA,June_2023,1.8983333508173625
Togo,Maritime,TGO.3.5_2,Lacs,Agouegan,NA,July_2023,1.6119999488194783
Togo,Maritime,TGO.3.5_2,Lacs,Agouegan,NA,August_2023,1.1656666994094849
Togo,Maritime,TGO.3.5_2,Lacs,Agouegan,NA,September_2023,1.7769999901453655
Togo,Maritime,TGO.3.5_2,Lacs,Agouegan,NA,October_2023,1.971666653951009
Togo,Maritime,TGO.3.5_2,Lacs,Agouegan,NA,November_2023,2.118333339691162
Togo,Maritime,TGO.3.5_2,Lacs,Agouegan,NA,December_2023,1.7120000123977661
Togo,Maritime,TGO.3.5_2,Lacs,Aklakou,NA,January_2023,1.3910000324249268
Togo,Maritime,TGO.3.5_2,Lacs,Aklakou,NA,February_2023,1.9930000305175781
Togo,Maritime,TGO.3.5_2,Lacs,Aklakou,NA,March_2023,1.8179999589920044
Togo,Maritime,TGO.3.5_2,Lacs,Aklakou,NA,April_2023,2.055000066757202
Togo,Maritime,TGO.3.5_2,Lacs,Aklakou,NA,May_2023,2.197999954223633
Togo,Maritime,TGO.3.5_2,Lacs,Aklakou,NA,June_2023,1.871000051498413
Togo,Maritime,TGO.3.5_2,Lacs,Aklakou,NA,July_2023,1.5959999561309814
Togo,Maritime,TGO.3.5_2,Lacs,Aklakou,NA,August_2023,1.1510000228881836
Togo,Maritime,TGO.3.5_2,Lacs,Aklakou,NA,September_2023,1.7569999694824219
Togo,Maritime,TGO.3.5_2,Lacs,Aklakou,NA,October_2023,1.9500000476837158
Togo,Maritime,TGO.3.5_2,Lacs,Aklakou,NA,November_2023,2.1080000400543213
Togo,Maritime,TGO.3.5_2,Lacs,Aklakou,NA,December_2023,1.7020000219345093
Togo,Maritime,TGO.3.5_2,Lacs,Aneho,NA,January_2023,1.4110000133514404
Togo,Maritime,TGO.3.5_2,Lacs,Aneho,NA,February_2023,2.010999917984009
Togo,Maritime,TGO.3.5_2,Lacs,Aneho,NA,March_2023,1.8250000476837158
Togo,Maritime,TGO.3.5_2,Lacs,Aneho,NA,April_2023,2.058000087738037
Togo,Maritime,TGO.3.5_2,Lacs,Aneho,NA,May_2023,2.184999942779541
Togo,Maritime,TGO.3.5_2,Lacs,Aneho,NA,June_2023,1.8559999465942383
Togo,Maritime,TGO.3.5_2,Lacs,Aneho,NA,July_2023,1.5829999446868896
Togo,Maritime,TGO.3.5_2,Lacs,Aneho,NA,August_2023,1.1510000228881836
Togo,Maritime,TGO.3.5_2,Lacs,Aneho,NA,September_2023,1.7389999628067017
Togo,Maritime,TGO.3.5_2,Lacs,Aneho,NA,October_2023,1.9249999523162842
Togo,Maritime,TGO.3.5_2,Lacs,Aneho,NA,November_2023,2.0899999141693115
Togo,Maritime,TGO.3.5_2,Lacs,Aneho,NA,December_2023,1.6790000200271606
Togo,Maritime,TGO.3.5_2,Lacs,Anfoin,NA,January_2023,1.3700000047683716
Togo,Maritime,TGO.3.5_2,Lacs,Anfoin,NA,February_2023,1.918999969959259
Togo,Maritime,TGO.3.5_2,Lacs,Anfoin,NA,March_2023,1.76500004529953
Togo,Maritime,TGO.3.5_2,Lacs,Anfoin,NA,April_2023,2.0570000410079956
Togo,Maritime,TGO.3.5_2,Lacs,Anfoin,NA,May_2023,2.2170000076293945
Togo,Maritime,TGO.3.5_2,Lacs,Anfoin,NA,June_2023,1.8779999613761902
Togo,Maritime,TGO.3.5_2,Lacs,Anfoin,NA,July_2023,1.5779999494552612
Togo,Maritime,TGO.3.5_2,Lacs,Anfoin,NA,August_2023,1.1335000395774841
Togo,Maritime,TGO.3.5_2,Lacs,Anfoin,NA,September_2023,1.743499994277954
Togo,Maritime,TGO.3.5_2,Lacs,Anfoin,NA,October_2023,1.9419999718666077
Togo,Maritime,TGO.3.5_2,Lacs,Anfoin,NA,November_2023,2.1054999828338623
Togo,Maritime,TGO.3.5_2,Lacs,Anfoin,NA,December_2023,1.6570000052452087
Togo,Maritime,TGO.3.5_2,Lacs,Ganave/Fiata,NA,January_2023,1.3530000150203705
Togo,Maritime,TGO.3.5_2,Lacs,Ganave/Fiata,NA,February_2023,1.899749994277954
Togo,Maritime,TGO.3.5_2,Lacs,Ganave/Fiata,NA,March_2023,1.7482500076293945
Togo,Maritime,TGO.3.5_2,Lacs,Ganave/Fiata,NA,April_2023,2.049250066280365
Togo,Maritime,TGO.3.5_2,Lacs,Ganave/Fiata,NA,May_2023,2.215250015258789
Togo,Maritime,TGO.3.5_2,Lacs,Ganave/Fiata,NA,June_2023,1.8824999928474426
Togo,Maritime,TGO.3.5_2,Lacs,Ganave/Fiata,NA,July_2023,1.5834999680519104
Togo,Maritime,TGO.3.5_2,Lacs,Ganave/Fiata,NA,August_2023,1.1317500174045563
Togo,Maritime,TGO.3.5_2,Lacs,Ganave/Fiata,NA,September_2023,1.742499977350235
Togo,Maritime,TGO.3.5_2,Lacs,Ganave/Fiata,NA,October_2023,1.9442499876022339
Togo,Maritime,TGO.3.5_2,Lacs,Ganave/Fiata,NA,November_2023,2.1102499961853027
Togo,Maritime,TGO.3.5_2,Lacs,Ganave/Fiata,NA,December_2023,1.6610000133514404
Togo,Maritime,TGO.3.5_2,Lacs,Glidji,NA,January_2023,1.4110000133514404
Togo,Maritime,TGO.3.5_2,Lacs,Glidji,NA,February_2023,2.010999917984009
Togo,Maritime,TGO.3.5_2,Lacs,Glidji,NA,March_2023,1.8250000476837158
Togo,Maritime,TGO.3.5_2,Lacs,Glidji,NA,April_2023,2.058000087738037
Togo,Maritime,TGO.3.5_2,Lacs,Glidji,NA,May_2023,2.184999942779541
Togo,Maritime,TGO.3.5_2,Lacs,Glidji,NA,June_2023,1.8559999465942383
Togo,Maritime,TGO.3.5_2,Lacs,Glidji,NA,July_2023,1.5829999446868896
Togo,Maritime,TGO.3.5_2,Lacs,Glidji,NA,August_2023,1.1510000228881836
Togo,Maritime,TGO.3.5_2,Lacs,Glidji,NA,September_2023,1.7389999628067017
Togo,Maritime,TGO.3.5_2,Lacs,Glidji,NA,October_2023,1.9249999523162842
Togo,Maritime,TGO.3.5_2,Lacs,Glidji,NA,November_2023,2.0899999141693115
Togo,Maritime,TGO.3.5_2,Lacs,Glidji,NA,December_2023,1.6790000200271606
Togo,Maritime,TGO.3.6_2,Lomé,Lomé,NA,January_2023,1.5080000162124634
Togo,Maritime,TGO.3.6_2,Lomé,Lomé,NA,February_2023,2.13100004196167
Togo,Maritime,TGO.3.6_2,Lomé,Lomé,NA,March_2023,1.9200000166893005
Togo,Maritime,TGO.3.6_2,Lomé,Lomé,NA,April_2023,2.137500047683716
Togo,Maritime,TGO.3.6_2,Lomé,Lomé,NA,May_2023,2.219499945640564
Togo,Maritime,TGO.3.6_2,Lomé,Lomé,NA,June_2023,1.812999963760376
Togo,Maritime,TGO.3.6_2,Lomé,Lomé,NA,July_2023,1.5245000123977661
Togo,Maritime,TGO.3.6_2,Lomé,Lomé,NA,August_2023,1.152999997138977
Togo,Maritime,TGO.3.6_2,Lomé,Lomé,NA,September_2023,1.7480000257492065
Togo,Maritime,TGO.3.6_2,Lomé,Lomé,NA,October_2023,1.9415000081062317
Togo,Maritime,TGO.3.6_2,Lomé,Lomé,NA,November_2023,2.0514999628067017
Togo,Maritime,TGO.3.6_2,Lomé,Lomé,NA,December_2023,1.4490000009536743
Togo,Maritime,TGO.3.7_2,Vo,Akoumape,NA,January_2023,1.3662000179290772
Togo,Maritime,TGO.3.7_2,Vo,Akoumape,NA,February_2023,1.859000015258789
Togo,Maritime,TGO.3.7_2,Vo,Akoumape,NA,March_2023,1.7613999843597412
Togo,Maritime,TGO.3.7_2,Vo,Akoumape,NA,April_2023,2.1269999980926513
Togo,Maritime,TGO.3.7_2,Vo,Akoumape,NA,May_2023,2.331600046157837
Togo,Maritime,TGO.3.7_2,Vo,Akoumape,NA,June_2023,1.9450000286102296
Togo,Maritime,TGO.3.7_2,Vo,Akoumape,NA,July_2023,1.6038000106811523
Togo,Maritime,TGO.3.7_2,Vo,Akoumape,NA,August_2023,1.130799984931946
Togo,Maritime,TGO.3.7_2,Vo,Akoumape,NA,September_2023,1.7968000173568726
Togo,Maritime,TGO.3.7_2,Vo,Akoumape,NA,October_2023,1.9925999879837035
Togo,Maritime,TGO.3.7_2,Vo,Akoumape,NA,November_2023,2.110200023651123
Togo,Maritime,TGO.3.7_2,Vo,Akoumape,NA,December_2023,1.6672000169754029
Togo,Maritime,TGO.3.7_2,Vo,Anyron Kope,NA,January_2023,1.4455000162124634
Togo,Maritime,TGO.3.7_2,Vo,Anyron Kope,NA,February_2023,2.0394999980926514
Togo,Maritime,TGO.3.7_2,Vo,Anyron Kope,NA,March_2023,1.8540000319480896
Togo,Maritime,TGO.3.7_2,Vo,Anyron Kope,NA,April_2023,2.078000068664551
Togo,Maritime,TGO.3.7_2,Vo,Anyron Kope,NA,May_2023,2.2014999389648438
Togo,Maritime,TGO.3.7_2,Vo,Anyron Kope,NA,June_2023,1.8604999780654907
Togo,Maritime,TGO.3.7_2,Vo,Anyron Kope,NA,July_2023,1.5889999866485596
Togo,Maritime,TGO.3.7_2,Vo,Anyron Kope,NA,August_2023,1.1464999914169312
Togo,Maritime,TGO.3.7_2,Vo,Anyron Kope,NA,September_2023,1.7484999895095825
Togo,Maritime,TGO.3.7_2,Vo,Anyron Kope,NA,October_2023,1.9404999613761902
Togo,Maritime,TGO.3.7_2,Vo,Anyron Kope,NA,November_2023,2.109499931335449
Togo,Maritime,TGO.3.7_2,Vo,Anyron Kope,NA,December_2023,1.7039999961853027
Togo,Maritime,TGO.3.7_2,Vo,Dagbati,NA,January_2023,1.253000020980835
Togo,Maritime,TGO.3.7_2,Vo,Dagbati,NA,February_2023,1.694000005722046
Togo,Maritime,TGO.3.7_2,Vo,Dagbati,NA,March_2023,1.6410000324249268
Togo,Maritime,TGO.3.7_2,Vo,Dagbati,NA,April_2023,2.065999984741211
Togo,Maritime,TGO.3.7_2,Vo,Dagbati,NA,May_2023,2.311000108718872
Togo,Maritime,TGO.3.7_2,Vo,Dagbati,NA,June_2023,1.940000057220459
Togo,Maritime,TGO.3.7_2,Vo,Dagbati,NA,July_2023,1.5850000381469727
Togo,Maritime,TGO.3.7_2,Vo,Dagbati,NA,August_2023,1.0989999771118164
Togo,Maritime,TGO.3.7_2,Vo,Dagbati,NA,September_2023,1.7829999923706055
Togo,Maritime,TGO.3.7_2,Vo,Dagbati,NA,October_2023,1.9759999513626099
Togo,Maritime,TGO.3.7_2,Vo,Dagbati,NA,November_2023,2.13100004196167
Togo,Maritime,TGO.3.7_2,Vo,Dagbati,NA,December_2023,1.5950000286102295
Togo,Maritime,TGO.3.7_2,Vo,Dzrekpo,NA,January_2023,1.3289999961853027
Togo,Maritime,TGO.3.7_2,Vo,Dzrekpo,NA,February_2023,1.8270000219345093
Togo,Maritime,TGO.3.7_2,Vo,Dzrekpo,NA,March_2023,1.7050000429153442
Togo,Maritime,TGO.3.7_2,Vo,Dzrekpo,NA,April_2023,2.055999994277954
Togo,Maritime,TGO.3.7_2,Vo,Dzrekpo,NA,May_2023,2.249000072479248
Togo,Maritime,TGO.3.7_2,Vo,Dzrekpo,NA,June_2023,1.899999976158142
Togo,Maritime,TGO.3.7_2,Vo,Dzrekpo,NA,July_2023,1.5729999542236328
Togo,Maritime,TGO.3.7_2,Vo,Dzrekpo,NA,August_2023,1.1160000562667847
Togo,Maritime,TGO.3.7_2,Vo,Dzrekpo,NA,September_2023,1.7480000257492065
Togo,Maritime,TGO.3.7_2,Vo,Dzrekpo,NA,October_2023,1.9589999914169312
Togo,Maritime,TGO.3.7_2,Vo,Dzrekpo,NA,November_2023,2.121000051498413
Togo,Maritime,TGO.3.7_2,Vo,Dzrekpo,NA,December_2023,1.6349999904632568
Togo,Maritime,TGO.3.7_2,Vo,Hahotoe,NA,January_2023,1.3860000371932983
Togo,Maritime,TGO.3.7_2,Vo,Hahotoe,NA,February_2023,1.8860000371932983
Togo,Maritime,TGO.3.7_2,Vo,Hahotoe,NA,March_2023,1.7949999570846558
Togo,Maritime,TGO.3.7_2,Vo,Hahotoe,NA,April_2023,2.1389999389648438
Togo,Maritime,TGO.3.7_2,Vo,Hahotoe,NA,May_2023,2.3350000381469727
Togo,Maritime,TGO.3.7_2,Vo,Hahotoe,NA,June_2023,1.9470000267028809
Togo,Maritime,TGO.3.7_2,Vo,Hahotoe,NA,July_2023,1.6069999933242798
Togo,Maritime,TGO.3.7_2,Vo,Hahotoe,NA,August_2023,1.13100004196167
Togo,Maritime,TGO.3.7_2,Vo,Hahotoe,NA,September_2023,1.7940000295639038
Togo,Maritime,TGO.3.7_2,Vo,Hahotoe,NA,October_2023,1.9880000352859497
Togo,Maritime,TGO.3.7_2,Vo,Hahotoe,NA,November_2023,2.177000045776367
Togo,Maritime,TGO.3.7_2,Vo,Hahotoe,NA,December_2023,1.684000015258789
Togo,Maritime,TGO.3.7_2,Vo,Mome-Hounkpati,NA,January_2023,1.2562000274658203
Togo,Maritime,TGO.3.7_2,Vo,Mome-Hounkpati,NA,February_2023,1.6860000133514403
Togo,Maritime,TGO.3.7_2,Vo,Mome-Hounkpati,NA,March_2023,1.6470000267028808
Togo,Maritime,TGO.3.7_2,Vo,Mome-Hounkpati,NA,April_2023,2.0742000102996827
Togo,Maritime,TGO.3.7_2,Vo,Mome-Hounkpati,NA,May_2023,2.3040000438690185
Togo,Maritime,TGO.3.7_2,Vo,Mome-Hounkpati,NA,June_2023,1.9330000162124634
Togo,Maritime,TGO.3.7_2,Vo,Mome-Hounkpati,NA,July_2023,1.5893999814987183
Togo,Maritime,TGO.3.7_2,Vo,Mome-Hounkpati,NA,August_2023,1.1
Togo,Maritime,TGO.3.7_2,Vo,Mome-Hounkpati,NA,September_2023,1.7682000160217286
Togo,Maritime,TGO.3.7_2,Vo,Mome-Hounkpati,NA,October_2023,1.9739999771118164
Togo,Maritime,TGO.3.7_2,Vo,Mome-Hounkpati,NA,November_2023,2.1318000316619874
Togo,Maritime,TGO.3.7_2,Vo,Mome-Hounkpati,NA,December_2023,1.600600004196167
Togo,Maritime,TGO.3.7_2,Vo,Sevagan,NA,January_2023,1.503000020980835
Togo,Maritime,TGO.3.7_2,Vo,Sevagan,NA,February_2023,2.0859999656677246
Togo,Maritime,TGO.3.7_2,Vo,Sevagan,NA,March_2023,1.9019999504089355
Togo,Maritime,TGO.3.7_2,Vo,Sevagan,NA,April_2023,2.183000087738037
Togo,Maritime,TGO.3.7_2,Vo,Sevagan,NA,May_2023,2.3340001106262207
Togo,Maritime,TGO.3.7_2,Vo,Sevagan,NA,June_2023,1.9270000457763672
Togo,Maritime,TGO.3.7_2,Vo,Sevagan,NA,July_2023,1.63100004196167
Togo,Maritime,TGO.3.7_2,Vo,Sevagan,NA,August_2023,1.184999942779541
Togo,Maritime,TGO.3.7_2,Vo,Sevagan,NA,September_2023,1.815999984741211
Togo,Maritime,TGO.3.7_2,Vo,Sevagan,NA,October_2023,2.0199999809265137
Togo,Maritime,TGO.3.7_2,Vo,Sevagan,NA,November_2023,2.193000078201294
Togo,Maritime,TGO.3.7_2,Vo,Sevagan,NA,December_2023,1.7410000562667847
Togo,Maritime,TGO.3.7_2,Vo,Togoville,NA,January_2023,1.5383333365122478
Togo,Maritime,TGO.3.7_2,Vo,Togoville,NA,February_2023,2.1486666997273765
Togo,Maritime,TGO.3.7_2,Vo,Togoville,NA,March_2023,1.9503333171208699
Togo,Maritime,TGO.3.7_2,Vo,Togoville,NA,April_2023,2.146333376566569
Togo,Maritime,TGO.3.7_2,Vo,Togoville,NA,May_2023,2.2603333791097007
Togo,Maritime,TGO.3.7_2,Vo,Togoville,NA,June_2023,1.8706667025883992
Togo,Maritime,TGO.3.7_2,Vo,Togoville,NA,July_2023,1.596333344777425
Togo,Maritime,TGO.3.7_2,Vo,Togoville,NA,August_2023,1.1689999500910442
Togo,Maritime,TGO.3.7_2,Vo,Togoville,NA,September_2023,1.7723333438237507
Togo,Maritime,TGO.3.7_2,Vo,Togoville,NA,October_2023,1.9703332980473836
Togo,Maritime,TGO.3.7_2,Vo,Togoville,NA,November_2023,2.140000025431315
Togo,Maritime,TGO.3.7_2,Vo,Togoville,NA,December_2023,1.7580000162124634
Togo,Maritime,TGO.3.7_2,Vo,Vo-Koutime,NA,January_2023,1.331600022315979
Togo,Maritime,TGO.3.7_2,Vo,Vo-Koutime,NA,February_2023,1.8247999906539918
Togo,Maritime,TGO.3.7_2,Vo,Vo-Koutime,NA,March_2023,1.7180000305175782
Togo,Maritime,TGO.3.7_2,Vo,Vo-Koutime,NA,April_2023,2.0700000286102296
Togo,Maritime,TGO.3.7_2,Vo,Vo-Koutime,NA,May_2023,2.268600034713745
Togo,Maritime,TGO.3.7_2,Vo,Vo-Koutime,NA,June_2023,1.9131999969482423
Togo,Maritime,TGO.3.7_2,Vo,Vo-Koutime,NA,July_2023,1.5857999801635743
Togo,Maritime,TGO.3.7_2,Vo,Vo-Koutime,NA,August_2023,1.1182000160217285
Togo,Maritime,TGO.3.7_2,Vo,Vo-Koutime,NA,September_2023,1.764800000190735
Togo,Maritime,TGO.3.7_2,Vo,Vo-Koutime,NA,October_2023,1.9621999740600586
Togo,Maritime,TGO.3.7_2,Vo,Vo-Koutime,NA,November_2023,2.1309999942779543
Togo,Maritime,TGO.3.7_2,Vo,Vo-Koutime,NA,December_2023,1.640000009536743
Togo,Maritime,TGO.3.7_2,Vo,Vogan,NA,January_2023,1.4223333597183228
Togo,Maritime,TGO.3.7_2,Vo,Vogan,NA,February_2023,1.9900000095367432
Togo,Maritime,TGO.3.7_2,Vo,Vogan,NA,March_2023,1.8260000149408977
Togo,Maritime,TGO.3.7_2,Vo,Vogan,NA,April_2023,2.0903333822886148
Togo,Maritime,TGO.3.7_2,Vo,Vogan,NA,May_2023,2.23199995358785
Togo,Maritime,TGO.3.7_2,Vo,Vogan,NA,June_2023,1.884666641553243
Togo,Maritime,TGO.3.7_2,Vo,Vogan,NA,July_2023,1.5923333168029785
Togo,Maritime,TGO.3.7_2,Vo,Vogan,NA,August_2023,1.1393333276112874
Togo,Maritime,TGO.3.7_2,Vo,Vogan,NA,September_2023,1.7603333393732707
Togo,Maritime,TGO.3.7_2,Vo,Vogan,NA,October_2023,1.9533332983652751
Togo,Maritime,TGO.3.7_2,Vo,Vogan,NA,November_2023,2.124666611353556
Togo,Maritime,TGO.3.7_2,Vo,Vogan,NA,December_2023,1.6919999917348225
Togo,Maritime,TGO.3.8_2,Yoto,Ahepe,NA,January_2023,1.2020000219345093
Togo,Maritime,TGO.3.8_2,Yoto,Ahepe,NA,February_2023,1.5980000495910645
Togo,Maritime,TGO.3.8_2,Yoto,Ahepe,NA,March_2023,1.6540000438690186
Togo,Maritime,TGO.3.8_2,Yoto,Ahepe,NA,April_2023,2.11899995803833
Togo,Maritime,TGO.3.8_2,Yoto,Ahepe,NA,May_2023,2.0360000133514404
Togo,Maritime,TGO.3.8_2,Yoto,Ahepe,NA,June_2023,1.9639999866485596
Togo,Maritime,TGO.3.8_2,Yoto,Ahepe,NA,July_2023,1.5779999494552612
Togo,Maritime,TGO.3.8_2,Yoto,Ahepe,NA,August_2023,1.093000054359436
Togo,Maritime,TGO.3.8_2,Yoto,Ahepe,NA,September_2023,1.7899999618530273
Togo,Maritime,TGO.3.8_2,Yoto,Ahepe,NA,October_2023,1.9780000448226929
Togo,Maritime,TGO.3.8_2,Yoto,Ahepe,NA,November_2023,1.8229999542236328
Togo,Maritime,TGO.3.8_2,Yoto,Ahepe,NA,December_2023,1.5520000457763672
Togo,Maritime,TGO.3.8_2,Yoto,Amoussime,NA,January_2023,1.1665000319480896
Togo,Maritime,TGO.3.8_2,Yoto,Amoussime,NA,February_2023,1.5390000343322754
Togo,Maritime,TGO.3.8_2,Yoto,Amoussime,NA,March_2023,1.6085000038146973
Togo,Maritime,TGO.3.8_2,Yoto,Amoussime,NA,April_2023,2.0815000534057617
Togo,Maritime,TGO.3.8_2,Yoto,Amoussime,NA,May_2023,2.156999945640564
Togo,Maritime,TGO.3.8_2,Yoto,Amoussime,NA,June_2023,1.9334999918937683
Togo,Maritime,TGO.3.8_2,Yoto,Amoussime,NA,July_2023,1.5894999504089355
Togo,Maritime,TGO.3.8_2,Yoto,Amoussime,NA,August_2023,1.081499993801117
Togo,Maritime,TGO.3.8_2,Yoto,Amoussime,NA,September_2023,1.7714999914169312
Togo,Maritime,TGO.3.8_2,Yoto,Amoussime,NA,October_2023,1.9739999771118164
Togo,Maritime,TGO.3.8_2,Yoto,Amoussime,NA,November_2023,1.9369999766349792
Togo,Maritime,TGO.3.8_2,Yoto,Amoussime,NA,December_2023,1.537500023841858
Togo,Maritime,TGO.3.8_2,Yoto,Esse Godjin,NA,January_2023,1.1245000064373016
Togo,Maritime,TGO.3.8_2,Yoto,Esse Godjin,NA,February_2023,1.4590000212192535
Togo,Maritime,TGO.3.8_2,Yoto,Esse Godjin,NA,March_2023,1.582500010728836
Togo,Maritime,TGO.3.8_2,Yoto,Esse Godjin,NA,April_2023,2.081499993801117
Togo,Maritime,TGO.3.8_2,Yoto,Esse Godjin,NA,May_2023,2.0060000121593475
Togo,Maritime,TGO.3.8_2,Yoto,Esse Godjin,NA,June_2023,1.9272500276565552
Togo,Maritime,TGO.3.8_2,Yoto,Esse Godjin,NA,July_2023,1.5857499837875366
Togo,Maritime,TGO.3.8_2,Yoto,Esse Godjin,NA,August_2023,1.0730000138282776
Togo,Maritime,TGO.3.8_2,Yoto,Esse Godjin,NA,September_2023,1.761499971151352
Togo,Maritime,TGO.3.8_2,Yoto,Esse Godjin,NA,October_2023,1.972000002861023
Togo,Maritime,TGO.3.8_2,Yoto,Esse Godjin,NA,November_2023,1.7667499780654907
Togo,Maritime,TGO.3.8_2,Yoto,Esse Godjin,NA,December_2023,1.5192500054836273
Togo,Maritime,TGO.3.8_2,Yoto,Gboto,NA,January_2023,1.1410000324249268
Togo,Maritime,TGO.3.8_2,Yoto,Gboto,NA,February_2023,1.4880000352859497
Togo,Maritime,TGO.3.8_2,Yoto,Gboto,NA,March_2023,1.5950000286102295
Togo,Maritime,TGO.3.8_2,Yoto,Gboto,NA,April_2023,2.0820000171661377
Togo,Maritime,TGO.3.8_2,Yoto,Gboto,NA,May_2023,2.006999969482422
Togo,Maritime,TGO.3.8_2,Yoto,Gboto,NA,June_2023,1.944000005722046
Togo,Maritime,TGO.3.8_2,Yoto,Gboto,NA,July_2023,1.5829999446868896
Togo,Maritime,TGO.3.8_2,Yoto,Gboto,NA,August_2023,1.0770000219345093
Togo,Maritime,TGO.3.8_2,Yoto,Gboto,NA,September_2023,1.781999945640564
Togo,Maritime,TGO.3.8_2,Yoto,Gboto,NA,October_2023,1.9919999837875366
Togo,Maritime,TGO.3.8_2,Yoto,Gboto,NA,November_2023,1.781999945640564
Togo,Maritime,TGO.3.8_2,Yoto,Gboto,NA,December_2023,1.5240000486373901
Togo,Maritime,TGO.3.8_2,Yoto,Kini-Kondji,NA,January_2023,1.2050000429153442
Togo,Maritime,TGO.3.8_2,Yoto,Kini-Kondji,NA,February_2023,1.6040000319480896
Togo,Maritime,TGO.3.8_2,Yoto,Kini-Kondji,NA,March_2023,1.6200000047683716
Togo,Maritime,TGO.3.8_2,Yoto,Kini-Kondji,NA,April_2023,2.097000002861023
Togo,Maritime,TGO.3.8_2,Yoto,Kini-Kondji,NA,May_2023,2.3274999856948853
Togo,Maritime,TGO.3.8_2,Yoto,Kini-Kondji,NA,June_2023,1.944000005722046
Togo,Maritime,TGO.3.8_2,Yoto,Kini-Kondji,NA,July_2023,1.5999999642372131
Togo,Maritime,TGO.3.8_2,Yoto,Kini-Kondji,NA,August_2023,1.0924999713897705
Togo,Maritime,TGO.3.8_2,Yoto,Kini-Kondji,NA,September_2023,1.7700000405311584
Togo,Maritime,TGO.3.8_2,Yoto,Kini-Kondji,NA,October_2023,1.981499969959259
Togo,Maritime,TGO.3.8_2,Yoto,Kini-Kondji,NA,November_2023,2.124500036239624
Togo,Maritime,TGO.3.8_2,Yoto,Kini-Kondji,NA,December_2023,1.574999988079071
Togo,Maritime,TGO.3.8_2,Yoto,Kouve,NA,January_2023,1.07150000333786
Togo,Maritime,TGO.3.8_2,Yoto,Kouve,NA,February_2023,1.4249999523162842
Togo,Maritime,TGO.3.8_2,Yoto,Kouve,NA,March_2023,1.5770000219345093
Togo,Maritime,TGO.3.8_2,Yoto,Kouve,NA,April_2023,2.075000047683716
Togo,Maritime,TGO.3.8_2,Yoto,Kouve,NA,May_2023,2.0080000162124634
Togo,Maritime,TGO.3.8_2,Yoto,Kouve,NA,June_2023,1.9195000529289246
Togo,Maritime,TGO.3.8_2,Yoto,Kouve,NA,July_2023,1.5859999656677246
Togo,Maritime,TGO.3.8_2,Yoto,Kouve,NA,August_2023,1.0785000324249268
Togo,Maritime,TGO.3.8_2,Yoto,Kouve,NA,September_2023,1.7615000009536743
Togo,Maritime,TGO.3.8_2,Yoto,Kouve,NA,October_2023,1.9620000123977661
Togo,Maritime,TGO.3.8_2,Yoto,Kouve,NA,November_2023,1.734499990940094
Togo,Maritime,TGO.3.8_2,Yoto,Kouve,NA,December_2023,1.4565000534057617
Togo,Maritime,TGO.3.8_2,Yoto,Sedome,NA,January_2023,1.0920000076293945
Togo,Maritime,TGO.3.8_2,Yoto,Sedome,NA,February_2023,1.4190000295639038
Togo,Maritime,TGO.3.8_2,Yoto,Sedome,NA,March_2023,1.5609999895095825
Togo,Maritime,TGO.3.8_2,Yoto,Sedome,NA,April_2023,2.072999954223633
Togo,Maritime,TGO.3.8_2,Yoto,Sedome,NA,May_2023,1.9919999837875366
Togo,Maritime,TGO.3.8_2,Yoto,Sedome,NA,June_2023,1.9190000295639038
Togo,Maritime,TGO.3.8_2,Yoto,Sedome,NA,July_2023,1.5759999752044678
Togo,Maritime,TGO.3.8_2,Yoto,Sedome,NA,August_2023,1.0740000009536743
Togo,Maritime,TGO.3.8_2,Yoto,Sedome,NA,September_2023,1.7519999742507935
Togo,Maritime,TGO.3.8_2,Yoto,Sedome,NA,October_2023,1.965000033378601
Togo,Maritime,TGO.3.8_2,Yoto,Sedome,NA,November_2023,1.7369999885559082
Togo,Maritime,TGO.3.8_2,Yoto,Sedome,NA,December_2023,1.5069999694824219
Togo,Maritime,TGO.3.8_2,Yoto,Tabligbo,NA,January_2023,1.1920000314712524
Togo,Maritime,TGO.3.8_2,Yoto,Tabligbo,NA,February_2023,1.590000033378601
Togo,Maritime,TGO.3.8_2,Yoto,Tabligbo,NA,March_2023,1.621999979019165
Togo,Maritime,TGO.3.8_2,Yoto,Tabligbo,NA,April_2023,2.0810000896453857
Togo,Maritime,TGO.3.8_2,Yoto,Tabligbo,NA,May_2023,2.306999921798706
Togo,Maritime,TGO.3.8_2,Yoto,Tabligbo,NA,June_2023,1.9229999780654907
Togo,Maritime,TGO.3.8_2,Yoto,Tabligbo,NA,July_2023,1.5959999561309814
Togo,Maritime,TGO.3.8_2,Yoto,Tabligbo,NA,August_2023,1.0859999656677246
Togo,Maritime,TGO.3.8_2,Yoto,Tabligbo,NA,September_2023,1.7610000371932983
Togo,Maritime,TGO.3.8_2,Yoto,Tabligbo,NA,October_2023,1.9559999704360962
Togo,Maritime,TGO.3.8_2,Yoto,Tabligbo,NA,November_2023,2.0920000076293945
Togo,Maritime,TGO.3.8_2,Yoto,Tabligbo,NA,December_2023,1.5509999990463257
Togo,Maritime,TGO.3.8_2,Yoto,Tchekpo,NA,January_2023,1.2459999918937683
Togo,Maritime,TGO.3.8_2,Yoto,Tchekpo,NA,February_2023,1.6600000262260437
Togo,Maritime,TGO.3.8_2,Yoto,Tchekpo,NA,March_2023,1.6669999957084656
Togo,Maritime,TGO.3.8_2,Yoto,Tchekpo,NA,April_2023,2.1239999532699585
Togo,Maritime,TGO.3.8_2,Yoto,Tchekpo,NA,May_2023,2.2014999389648438
Togo,Maritime,TGO.3.8_2,Yoto,Tchekpo,NA,June_2023,1.9485000371932983
Togo,Maritime,TGO.3.8_2,Yoto,Tchekpo,NA,July_2023,1.5759999752044678
Togo,Maritime,TGO.3.8_2,Yoto,Tchekpo,NA,August_2023,1.0984999537467957
Togo,Maritime,TGO.3.8_2,Yoto,Tchekpo,NA,September_2023,1.7855000495910645
Togo,Maritime,TGO.3.8_2,Yoto,Tchekpo,NA,October_2023,1.9735000133514404
Togo,Maritime,TGO.3.8_2,Yoto,Tchekpo,NA,November_2023,1.840499997138977
Togo,Maritime,TGO.3.8_2,Yoto,Tchekpo,NA,December_2023,1.5885000228881836
Togo,Maritime,TGO.3.8_2,Yoto,Tokpli,NA,January_2023,1.218000054359436
Togo,Maritime,TGO.3.8_2,Yoto,Tokpli,NA,February_2023,1.6180000305175781
Togo,Maritime,TGO.3.8_2,Yoto,Tokpli,NA,March_2023,1.6180000305175781
Togo,Maritime,TGO.3.8_2,Yoto,Tokpli,NA,April_2023,2.11299991607666
Togo,Maritime,TGO.3.8_2,Yoto,Tokpli,NA,May_2023,2.3480000495910645
Togo,Maritime,TGO.3.8_2,Yoto,Tokpli,NA,June_2023,1.965000033378601
Togo,Maritime,TGO.3.8_2,Yoto,Tokpli,NA,July_2023,1.6039999723434448
Togo,Maritime,TGO.3.8_2,Yoto,Tokpli,NA,August_2023,1.0989999771118164
Togo,Maritime,TGO.3.8_2,Yoto,Tokpli,NA,September_2023,1.7790000438690186
Togo,Maritime,TGO.3.8_2,Yoto,Tokpli,NA,October_2023,2.006999969482422
Togo,Maritime,TGO.3.8_2,Yoto,Tokpli,NA,November_2023,2.1570000648498535
Togo,Maritime,TGO.3.8_2,Yoto,Tokpli,NA,December_2023,1.5989999771118164
Togo,Maritime,TGO.3.8_2,Yoto,Tomety-Kondji,NA,January_2023,1.0720000267028809
Togo,Maritime,TGO.3.8_2,Yoto,Tomety-Kondji,NA,February_2023,1.3800000548362732
Togo,Maritime,TGO.3.8_2,Yoto,Tomety-Kondji,NA,March_2023,1.5514999628067017
Togo,Maritime,TGO.3.8_2,Yoto,Tomety-Kondji,NA,April_2023,2.0740000009536743
Togo,Maritime,TGO.3.8_2,Yoto,Tomety-Kondji,NA,May_2023,1.9980000257492065
Togo,Maritime,TGO.3.8_2,Yoto,Tomety-Kondji,NA,June_2023,1.9070000052452087
Togo,Maritime,TGO.3.8_2,Yoto,Tomety-Kondji,NA,July_2023,1.5885000228881836
Togo,Maritime,TGO.3.8_2,Yoto,Tomety-Kondji,NA,August_2023,1.074500024318695
Togo,Maritime,TGO.3.8_2,Yoto,Tomety-Kondji,NA,September_2023,1.7464999556541443
Togo,Maritime,TGO.3.8_2,Yoto,Tomety-Kondji,NA,October_2023,1.9574999809265137
Togo,Maritime,TGO.3.8_2,Yoto,Tomety-Kondji,NA,November_2023,1.7300000190734863
Togo,Maritime,TGO.3.8_2,Yoto,Tomety-Kondji,NA,December_2023,1.481000006198883
Togo,Maritime,TGO.3.8_2,Yoto,Zafi,NA,January_2023,1.0509999990463257
Togo,Maritime,TGO.3.8_2,Yoto,Zafi,NA,February_2023,1.4459999799728394
Togo,Maritime,TGO.3.8_2,Yoto,Zafi,NA,March_2023,1.5679999589920044
Togo,Maritime,TGO.3.8_2,Yoto,Zafi,NA,April_2023,2.0510001182556152
Togo,Maritime,TGO.3.8_2,Yoto,Zafi,NA,May_2023,2.003000020980835
Togo,Maritime,TGO.3.8_2,Yoto,Zafi,NA,June_2023,1.8930000066757202
Togo,Maritime,TGO.3.8_2,Yoto,Zafi,NA,July_2023,1.5429999828338623
Togo,Maritime,TGO.3.8_2,Yoto,Zafi,NA,August_2023,1.0570000410079956
Togo,Maritime,TGO.3.8_2,Yoto,Zafi,NA,September_2023,1.75600004196167
Togo,Maritime,TGO.3.8_2,Yoto,Zafi,NA,October_2023,1.9359999895095825
Togo,Maritime,TGO.3.8_2,Yoto,Zafi,NA,November_2023,1.718000054359436
Togo,Maritime,TGO.3.8_2,Yoto,Zafi,NA,December_2023,1.4240000247955322
Togo,Maritime,TGO.3.9_2,Zio,Abobo,NA,January_2023,1.5399999916553497
Togo,Maritime,TGO.3.9_2,Zio,Abobo,NA,February_2023,2.14274999499321
Togo,Maritime,TGO.3.9_2,Zio,Abobo,NA,March_2023,1.946999967098236
Togo,Maritime,TGO.3.9_2,Zio,Abobo,NA,April_2023,2.16225004196167
Togo,Maritime,TGO.3.9_2,Zio,Abobo,NA,May_2023,2.264750063419342
Togo,Maritime,TGO.3.9_2,Zio,Abobo,NA,June_2023,1.8562500178813934
Togo,Maritime,TGO.3.9_2,Zio,Abobo,NA,July_2023,1.5707499980926514
Togo,Maritime,TGO.3.9_2,Zio,Abobo,NA,August_2023,1.1594999730587006
Togo,Maritime,TGO.3.9_2,Zio,Abobo,NA,September_2023,1.7670000195503235
Togo,Maritime,TGO.3.9_2,Zio,Abobo,NA,October_2023,1.9677499830722809
Togo,Maritime,TGO.3.9_2,Zio,Abobo,NA,November_2023,2.1232500672340393
Togo,Maritime,TGO.3.9_2,Zio,Abobo,NA,December_2023,1.623500019311905
Togo,Maritime,TGO.3.9_2,Zio,Agbelouve,NA,January_2023,1.0472500026226044
Togo,Maritime,TGO.3.9_2,Zio,Agbelouve,NA,February_2023,1.4410000145435333
Togo,Maritime,TGO.3.9_2,Zio,Agbelouve,NA,March_2023,1.6252500414848328
Togo,Maritime,TGO.3.9_2,Zio,Agbelouve,NA,April_2023,1.9720000326633453
Togo,Maritime,TGO.3.9_2,Zio,Agbelouve,NA,May_2023,2.032000035047531
Togo,Maritime,TGO.3.9_2,Zio,Agbelouve,NA,June_2023,1.876499980688095
Togo,Maritime,TGO.3.9_2,Zio,Agbelouve,NA,July_2023,1.5307500064373016
Togo,Maritime,TGO.3.9_2,Zio,Agbelouve,NA,August_2023,1.0609999597072601
Togo,Maritime,TGO.3.9_2,Zio,Agbelouve,NA,September_2023,1.7287500202655792
Togo,Maritime,TGO.3.9_2,Zio,Agbelouve,NA,October_2023,1.945250004529953
Togo,Maritime,TGO.3.9_2,Zio,Agbelouve,NA,November_2023,1.7399999797344208
Togo,Maritime,TGO.3.9_2,Zio,Agbelouve,NA,December_2023,1.2254999876022339
Togo,Maritime,TGO.3.9_2,Zio,Bolou Kpeta,NA,January_2023,1.2712500095367432
Togo,Maritime,TGO.3.9_2,Zio,Bolou Kpeta,NA,February_2023,1.6755000054836273
Togo,Maritime,TGO.3.9_2,Zio,Bolou Kpeta,NA,March_2023,1.6452500224113464
Togo,Maritime,TGO.3.9_2,Zio,Bolou Kpeta,NA,April_2023,2.1035000681877136
Togo,Maritime,TGO.3.9_2,Zio,Bolou Kpeta,NA,May_2023,2.0042499899864197
Togo,Maritime,TGO.3.9_2,Zio,Bolou Kpeta,NA,June_2023,1.8762500286102295
Togo,Maritime,TGO.3.9_2,Zio,Bolou Kpeta,NA,July_2023,1.501749962568283
Togo,Maritime,TGO.3.9_2,Zio,Bolou Kpeta,NA,August_2023,1.054999977350235
Togo,Maritime,TGO.3.9_2,Zio,Bolou Kpeta,NA,September_2023,1.7129999995231628
Togo,Maritime,TGO.3.9_2,Zio,Bolou Kpeta,NA,October_2023,1.936250001192093
Togo,Maritime,TGO.3.9_2,Zio,Bolou Kpeta,NA,November_2023,1.8209999799728394
Togo,Maritime,TGO.3.9_2,Zio,Bolou Kpeta,NA,December_2023,1.360749989748001
Togo,Maritime,TGO.3.9_2,Zio,Dalave,NA,January_2023,1.393999993801117
Togo,Maritime,TGO.3.9_2,Zio,Dalave,NA,February_2023,1.871749997138977
Togo,Maritime,TGO.3.9_2,Zio,Dalave,NA,March_2023,1.7529999911785126
Togo,Maritime,TGO.3.9_2,Zio,Dalave,NA,April_2023,2.1295000314712524
Togo,Maritime,TGO.3.9_2,Zio,Dalave,NA,May_2023,2.224249988794327
Togo,Maritime,TGO.3.9_2,Zio,Dalave,NA,June_2023,1.875
Togo,Maritime,TGO.3.9_2,Zio,Dalave,NA,July_2023,1.5307500064373016
Togo,Maritime,TGO.3.9_2,Zio,Dalave,NA,August_2023,1.0900000035762787
Togo,Maritime,TGO.3.9_2,Zio,Dalave,NA,September_2023,1.7360000014305115
Togo,Maritime,TGO.3.9_2,Zio,Dalave,NA,October_2023,1.9449999928474426
Togo,Maritime,TGO.3.9_2,Zio,Dalave,NA,November_2023,1.9115000367164612
Togo,Maritime,TGO.3.9_2,Zio,Dalave,NA,December_2023,1.4269999861717224
Togo,Maritime,TGO.3.9_2,Zio,Davie,NA,January_2023,1.339499980211258
Togo,Maritime,TGO.3.9_2,Zio,Davie,NA,February_2023,1.787500023841858
Togo,Maritime,TGO.3.9_2,Zio,Davie,NA,March_2023,1.6877500116825104
Togo,Maritime,TGO.3.9_2,Zio,Davie,NA,April_2023,2.1250000596046448
Togo,Maritime,TGO.3.9_2,Zio,Davie,NA,May_2023,2.1694999635219574
Togo,Maritime,TGO.3.9_2,Zio,Davie,NA,June_2023,1.8865000009536743
Togo,Maritime,TGO.3.9_2,Zio,Davie,NA,July_2023,1.5299999713897705
Togo,Maritime,TGO.3.9_2,Zio,Davie,NA,August_2023,1.086249977350235
Togo,Maritime,TGO.3.9_2,Zio,Davie,NA,September_2023,1.7457500100135803
Togo,Maritime,TGO.3.9_2,Zio,Davie,NA,October_2023,1.9594999849796295
Togo,Maritime,TGO.3.9_2,Zio,Davie,NA,November_2023,1.842250019311905
Togo,Maritime,TGO.3.9_2,Zio,Davie,NA,December_2023,1.4587499797344208
Togo,Maritime,TGO.3.9_2,Zio,Djagble,NA,January_2023,1.555999994277954
Togo,Maritime,TGO.3.9_2,Zio,Djagble,NA,February_2023,2.2070000171661377
Togo,Maritime,TGO.3.9_2,Zio,Djagble,NA,March_2023,1.9919999837875366
Togo,Maritime,TGO.3.9_2,Zio,Djagble,NA,April_2023,2.1760001182556152
Togo,Maritime,TGO.3.9_2,Zio,Djagble,NA,May_2023,2.2239999771118164
Togo,Maritime,TGO.3.9_2,Zio,Djagble,NA,June_2023,1.8209999799728394
Togo,Maritime,TGO.3.9_2,Zio,Djagble,NA,July_2023,1.5479999780654907
Togo,Maritime,TGO.3.9_2,Zio,Djagble,NA,August_2023,1.1690000295639038
Togo,Maritime,TGO.3.9_2,Zio,Djagble,NA,September_2023,1.7680000066757202
Togo,Maritime,TGO.3.9_2,Zio,Djagble,NA,October_2023,1.968999981880188
Togo,Maritime,TGO.3.9_2,Zio,Djagble,NA,November_2023,2.062000036239624
Togo,Maritime,TGO.3.9_2,Zio,Djagble,NA,December_2023,1.4869999885559082
Togo,Maritime,TGO.3.9_2,Zio,Game,NA,January_2023,1.0245000123977661
Togo,Maritime,TGO.3.9_2,Zio,Game,NA,February_2023,1.4269999861717224
Togo,Maritime,TGO.3.9_2,Zio,Game,NA,March_2023,1.60999995470047
Togo,Maritime,TGO.3.9_2,Zio,Game,NA,April_2023,1.9510000348091125
Togo,Maritime,TGO.3.9_2,Zio,Game,NA,May_2023,2.0269999504089355
Togo,Maritime,TGO.3.9_2,Zio,Game,NA,June_2023,1.9004999995231628
Togo,Maritime,TGO.3.9_2,Zio,Game,NA,July_2023,1.5445000529289246
Togo,Maritime,TGO.3.9_2,Zio,Game,NA,August_2023,1.0670000314712524
Togo,Maritime,TGO.3.9_2,Zio,Game,NA,September_2023,1.7419999837875366
Togo,Maritime,TGO.3.9_2,Zio,Game,NA,October_2023,1.9429999589920044
Togo,Maritime,TGO.3.9_2,Zio,Game,NA,November_2023,1.7089999914169312
Togo,Maritime,TGO.3.9_2,Zio,Game,NA,December_2023,1.2055000066757202
Togo,Maritime,TGO.3.9_2,Zio,Gape-Centre,NA,January_2023,1.1054999828338623
Togo,Maritime,TGO.3.9_2,Zio,Gape-Centre,NA,February_2023,1.4975000023841858
Togo,Maritime,TGO.3.9_2,Zio,Gape-Centre,NA,March_2023,1.6269999742507935
Togo,Maritime,TGO.3.9_2,Zio,Gape-Centre,NA,April_2023,1.9545000791549683
Togo,Maritime,TGO.3.9_2,Zio,Gape-Centre,NA,May_2023,2.0084999799728394
Togo,Maritime,TGO.3.9_2,Zio,Gape-Centre,NA,June_2023,1.8414999842643738
Togo,Maritime,TGO.3.9_2,Zio,Gape-Centre,NA,July_2023,1.4944999814033508
Togo,Maritime,TGO.3.9_2,Zio,Gape-Centre,NA,August_2023,1.050000011920929
Togo,Maritime,TGO.3.9_2,Zio,Gape-Centre,NA,September_2023,1.709500014781952
Togo,Maritime,TGO.3.9_2,Zio,Gape-Centre,NA,October_2023,1.9200000166893005
Togo,Maritime,TGO.3.9_2,Zio,Gape-Centre,NA,November_2023,1.7630000114440918
Togo,Maritime,TGO.3.9_2,Zio,Gape-Centre,NA,December_2023,1.2610000371932983
Togo,Maritime,TGO.3.9_2,Zio,Gape Kpodji,NA,January_2023,1.0449999868869781
Togo,Maritime,TGO.3.9_2,Zio,Gape Kpodji,NA,February_2023,1.4443333347638447
Togo,Maritime,TGO.3.9_2,Zio,Gape Kpodji,NA,March_2023,1.675166666507721
Togo,Maritime,TGO.3.9_2,Zio,Gape Kpodji,NA,April_2023,1.8480000098546345
Togo,Maritime,TGO.3.9_2,Zio,Gape Kpodji,NA,May_2023,2.040166656176249
Togo,Maritime,TGO.3.9_2,Zio,Gape Kpodji,NA,June_2023,1.8586666584014893
Togo,Maritime,TGO.3.9_2,Zio,Gape Kpodji,NA,July_2023,1.5226666728655498
Togo,Maritime,TGO.3.9_2,Zio,Gape Kpodji,NA,August_2023,1.056499977906545
Togo,Maritime,TGO.3.9_2,Zio,Gape Kpodji,NA,September_2023,1.634500006834666
Togo,Maritime,TGO.3.9_2,Zio,Gape Kpodji,NA,October_2023,1.9356666604677837
Togo,Maritime,TGO.3.9_2,Zio,Gape Kpodji,NA,November_2023,1.7518333196640015
Togo,Maritime,TGO.3.9_2,Zio,Gape Kpodji,NA,December_2023,1.2346666653951008
Togo,Maritime,TGO.3.9_2,Zio,Gbatope,NA,January_2023,1.3420000076293945
Togo,Maritime,TGO.3.9_2,Zio,Gbatope,NA,February_2023,1.7764999866485596
Togo,Maritime,TGO.3.9_2,Zio,Gbatope,NA,March_2023,1.7109999656677246
Togo,Maritime,TGO.3.9_2,Zio,Gbatope,NA,April_2023,2.1274999380111694
Togo,Maritime,TGO.3.9_2,Zio,Gbatope,NA,May_2023,2.187999963760376
Togo,Maritime,TGO.3.9_2,Zio,Gbatope,NA,June_2023,1.9205000400543213
Togo,Maritime,TGO.3.9_2,Zio,Gbatope,NA,July_2023,1.5485000014305115
Togo,Maritime,TGO.3.9_2,Zio,Gbatope,NA,August_2023,1.081000030040741
Togo,Maritime,TGO.3.9_2,Zio,Gbatope,NA,September_2023,1.753499984741211
Togo,Maritime,TGO.3.9_2,Zio,Gbatope,NA,October_2023,1.9539999961853027
Togo,Maritime,TGO.3.9_2,Zio,Gbatope,NA,November_2023,1.8569999933242798
Togo,Maritime,TGO.3.9_2,Zio,Gbatope,NA,December_2023,1.5254999995231628
Togo,Maritime,TGO.3.9_2,Zio,Gblainvie,NA,January_2023,1.2059999704360962
Togo,Maritime,TGO.3.9_2,Zio,Gblainvie,NA,February_2023,1.6039999723434448
Togo,Maritime,TGO.3.9_2,Zio,Gblainvie,NA,March_2023,1.6100000143051147
Togo,Maritime,TGO.3.9_2,Zio,Gblainvie,NA,April_2023,2.0940001010894775
Togo,Maritime,TGO.3.9_2,Zio,Gblainvie,NA,May_2023,1.9930000305175781
Togo,Maritime,TGO.3.9_2,Zio,Gblainvie,NA,June_2023,1.8680000305175781
Togo,Maritime,TGO.3.9_2,Zio,Gblainvie,NA,July_2023,1.4809999465942383
Togo,Maritime,TGO.3.9_2,Zio,Gblainvie,NA,August_2023,1.0460000038146973
Togo,Maritime,TGO.3.9_2,Zio,Gblainvie,NA,September_2023,1.684000015258789
Togo,Maritime,TGO.3.9_2,Zio,Gblainvie,NA,October_2023,1.937000036239624
Togo,Maritime,TGO.3.9_2,Zio,Gblainvie,NA,November_2023,1.8079999685287476
Togo,Maritime,TGO.3.9_2,Zio,Gblainvie,NA,December_2023,1.3370000123977661
Togo,Maritime,TGO.3.9_2,Zio,Kovie,NA,January_2023,1.318666656812032
Togo,Maritime,TGO.3.9_2,Zio,Kovie,NA,February_2023,1.7416666746139526
Togo,Maritime,TGO.3.9_2,Zio,Kovie,NA,March_2023,1.6413333415985107
Togo,Maritime,TGO.3.9_2,Zio,Kovie,NA,April_2023,2.1286667188008628
Togo,Maritime,TGO.3.9_2,Zio,Kovie,NA,May_2023,2.260333299636841
Togo,Maritime,TGO.3.9_2,Zio,Kovie,NA,June_2023,1.9173333247502644
Togo,Maritime,TGO.3.9_2,Zio,Kovie,NA,July_2023,1.5496666431427002
Togo,Maritime,TGO.3.9_2,Zio,Kovie,NA,August_2023,1.09333332379659
Togo,Maritime,TGO.3.9_2,Zio,Kovie,NA,September_2023,1.7723333438237507
Togo,Maritime,TGO.3.9_2,Zio,Kovie,NA,October_2023,1.9836666584014893
Togo,Maritime,TGO.3.9_2,Zio,Kovie,NA,November_2023,1.8706666628519695
Togo,Maritime,TGO.3.9_2,Zio,Kovie,NA,December_2023,1.5493333339691162
Togo,Maritime,TGO.3.9_2,Zio,Kpome,NA,January_2023,1.468999981880188
Togo,Maritime,TGO.3.9_2,Zio,Kpome,NA,February_2023,1.9859999418258667
Togo,Maritime,TGO.3.9_2,Zio,Kpome,NA,March_2023,1.8279999494552612
Togo,Maritime,TGO.3.9_2,Zio,Kpome,NA,April_2023,2.131999969482422
Togo,Maritime,TGO.3.9_2,Zio,Kpome,NA,May_2023,2.2720000743865967
Togo,Maritime,TGO.3.9_2,Zio,Kpome,NA,June_2023,1.8569999933242798
Togo,Maritime,TGO.3.9_2,Zio,Kpome,NA,July_2023,1.5410000085830688
Togo,Maritime,TGO.3.9_2,Zio,Kpome,NA,August_2023,1.1039999723434448
Togo,Maritime,TGO.3.9_2,Zio,Kpome,NA,September_2023,1.7410000562667847
Togo,Maritime,TGO.3.9_2,Zio,Kpome,NA,October_2023,1.9470000267028809
Togo,Maritime,TGO.3.9_2,Zio,Kpome,NA,November_2023,2.140000104904175
Togo,Maritime,TGO.3.9_2,Zio,Kpome,NA,December_2023,1.4620000123977661
Togo,Maritime,TGO.3.9_2,Zio,Mission-Tove,NA,January_2023,1.3459999561309814
Togo,Maritime,TGO.3.9_2,Zio,Mission-Tove,NA,February_2023,1.8040000200271606
Togo,Maritime,TGO.3.9_2,Zio,Mission-Tove,NA,March_2023,1.6729999780654907
Togo,Maritime,TGO.3.9_2,Zio,Mission-Tove,NA,April_2023,2.138000011444092
Togo,Maritime,TGO.3.9_2,Zio,Mission-Tove,NA,May_2023,2.361999988555908
Togo,Maritime,TGO.3.9_2,Zio,Mission-Tove,NA,June_2023,1.9179999828338623
Togo,Maritime,TGO.3.9_2,Zio,Mission-Tove,NA,July_2023,1.559999942779541
Togo,Maritime,TGO.3.9_2,Zio,Mission-Tove,NA,August_2023,1.1039999723434448
Togo,Maritime,TGO.3.9_2,Zio,Mission-Tove,NA,September_2023,1.7740000486373901
Togo,Maritime,TGO.3.9_2,Zio,Mission-Tove,NA,October_2023,1.9900000095367432
Togo,Maritime,TGO.3.9_2,Zio,Mission-Tove,NA,November_2023,1.8730000257492065
Togo,Maritime,TGO.3.9_2,Zio,Mission-Tove,NA,December_2023,1.6449999809265137
Togo,Maritime,TGO.3.9_2,Zio,Tsevie,NA,January_2023,1.2920000553131104
Togo,Maritime,TGO.3.9_2,Zio,Tsevie,NA,February_2023,1.69650000333786
Togo,Maritime,TGO.3.9_2,Zio,Tsevie,NA,March_2023,1.6575000286102295
Togo,Maritime,TGO.3.9_2,Zio,Tsevie,NA,April_2023,2.093000054359436
Togo,Maritime,TGO.3.9_2,Zio,Tsevie,NA,May_2023,1.9919999837875366
Togo,Maritime,TGO.3.9_2,Zio,Tsevie,NA,June_2023,1.8640000224113464
Togo,Maritime,TGO.3.9_2,Zio,Tsevie,NA,July_2023,1.4944999814033508
Togo,Maritime,TGO.3.9_2,Zio,Tsevie,NA,August_2023,1.0479999780654907
Togo,Maritime,TGO.3.9_2,Zio,Tsevie,NA,September_2023,1.699999988079071
Togo,Maritime,TGO.3.9_2,Zio,Tsevie,NA,October_2023,1.9110000133514404
Togo,Maritime,TGO.3.9_2,Zio,Tsevie,NA,November_2023,1.809499979019165
Togo,Maritime,TGO.3.9_2,Zio,Tsevie,NA,December_2023,1.362999975681305
Togo,Maritime,TGO.3.9_2,Zio,Wli,NA,January_2023,1.2949999570846558
Togo,Maritime,TGO.3.9_2,Zio,Wli,NA,February_2023,1.7050000429153442
Togo,Maritime,TGO.3.9_2,Zio,Wli,NA,March_2023,1.656000018119812
Togo,Maritime,TGO.3.9_2,Zio,Wli,NA,April_2023,2.134000062942505
Togo,Maritime,TGO.3.9_2,Zio,Wli,NA,May_2023,2.0399999618530273
Togo,Maritime,TGO.3.9_2,Zio,Wli,NA,June_2023,1.909000039100647
Togo,Maritime,TGO.3.9_2,Zio,Wli,NA,July_2023,1.5369999408721924
Togo,Maritime,TGO.3.9_2,Zio,Wli,NA,August_2023,1.0779999494552612
Togo,Maritime,TGO.3.9_2,Zio,Wli,NA,September_2023,1.7680000066757202
Togo,Maritime,TGO.3.9_2,Zio,Wli,NA,October_2023,1.9859999418258667
Togo,Maritime,TGO.3.9_2,Zio,Wli,NA,November_2023,1.8569999933242798
Togo,Maritime,TGO.3.9_2,Zio,Wli,NA,December_2023,1.3799999952316284
Togo,Plateaux,TGO.4.1_2,Agou,Adjahun Fiagbe,NA,January_2023,0.8769999742507935
Togo,Plateaux,TGO.4.1_2,Agou,Adjahun Fiagbe,NA,February_2023,1.3109999895095825
Togo,Plateaux,TGO.4.1_2,Agou,Adjahun Fiagbe,NA,March_2023,1.753000020980835
Togo,Plateaux,TGO.4.1_2,Agou,Adjahun Fiagbe,NA,April_2023,1.753000020980835
Togo,Plateaux,TGO.4.1_2,Agou,Adjahun Fiagbe,NA,May_2023,1.9140000343322754
Togo,Plateaux,TGO.4.1_2,Agou,Adjahun Fiagbe,NA,June_2023,1.6759999990463257
Togo,Plateaux,TGO.4.1_2,Agou,Adjahun Fiagbe,NA,July_2023,1.059999942779541
Togo,Plateaux,TGO.4.1_2,Agou,Adjahun Fiagbe,NA,August_2023,0.9700000286102295
Togo,Plateaux,TGO.4.1_2,Agou,Adjahun Fiagbe,NA,September_2023,1.1610000133514404
Togo,Plateaux,TGO.4.1_2,Agou,Adjahun Fiagbe,NA,October_2023,1.722000002861023
Togo,Plateaux,TGO.4.1_2,Agou,Adjahun Fiagbe,NA,November_2023,1.63100004196167
Togo,Plateaux,TGO.4.1_2,Agou,Adjahun Fiagbe,NA,December_2023,1.1059999465942383
Togo,Plateaux,TGO.4.1_2,Agou,Adzakpa,NA,January_2023,0.9920000036557516
Togo,Plateaux,TGO.4.1_2,Agou,Adzakpa,NA,February_2023,1.4023333390553792
Togo,Plateaux,TGO.4.1_2,Agou,Adzakpa,NA,March_2023,1.6613333622614543
Togo,Plateaux,TGO.4.1_2,Agou,Adzakpa,NA,April_2023,1.806333343187968
Togo,Plateaux,TGO.4.1_2,Agou,Adzakpa,NA,May_2023,2.001333316167196
Togo,Plateaux,TGO.4.1_2,Agou,Adzakpa,NA,June_2023,1.8213332891464233
Togo,Plateaux,TGO.4.1_2,Agou,Adzakpa,NA,July_2023,1.4599999984105427
Togo,Plateaux,TGO.4.1_2,Agou,Adzakpa,NA,August_2023,1.028999964396159
Togo,Plateaux,TGO.4.1_2,Agou,Adzakpa,NA,September_2023,1.531333327293396
Togo,Plateaux,TGO.4.1_2,Agou,Adzakpa,NA,October_2023,1.8926666975021362
Togo,Plateaux,TGO.4.1_2,Agou,Adzakpa,NA,November_2023,1.749333381652832
Togo,Plateaux,TGO.4.1_2,Agou,Adzakpa,NA,December_2023,1.21233332157135
Togo,Plateaux,TGO.4.1_2,Agou,Agotime Nord,NA,January_2023,0.9290000200271606
Togo,Plateaux,TGO.4.1_2,Agou,Agotime Nord,NA,February_2023,1.3680000305175781
Togo,Plateaux,TGO.4.1_2,Agou,Agotime Nord,NA,March_2023,1.7289999723434448
Togo,Plateaux,TGO.4.1_2,Agou,Agotime Nord,NA,April_2023,1.8140000104904175
Togo,Plateaux,TGO.4.1_2,Agou,Agotime Nord,NA,May_2023,1.9630000591278076
Togo,Plateaux,TGO.4.1_2,Agou,Agotime Nord,NA,June_2023,1.7899999618530273
Togo,Plateaux,TGO.4.1_2,Agou,Agotime Nord,NA,July_2023,1.1119999885559082
Togo,Plateaux,TGO.4.1_2,Agou,Agotime Nord,NA,August_2023,1.0110000371932983
Togo,Plateaux,TGO.4.1_2,Agou,Agotime Nord,NA,September_2023,1.2430000305175781
Togo,Plateaux,TGO.4.1_2,Agou,Agotime Nord,NA,October_2023,1.8420000076293945
Togo,Plateaux,TGO.4.1_2,Agou,Agotime Nord,NA,November_2023,1.7130000591278076
Togo,Plateaux,TGO.4.1_2,Agou,Agotime Nord,NA,December_2023,1.156000018119812
Togo,Plateaux,TGO.4.1_2,Agou,Agou-Akplolo,NA,January_2023,0.8180000185966492
Togo,Plateaux,TGO.4.1_2,Agou,Agou-Akplolo,NA,February_2023,1.3009999990463257
Togo,Plateaux,TGO.4.1_2,Agou,Agou-Akplolo,NA,March_2023,1.7619999647140503
Togo,Plateaux,TGO.4.1_2,Agou,Agou-Akplolo,NA,April_2023,1.8049999475479126
Togo,Plateaux,TGO.4.1_2,Agou,Agou-Akplolo,NA,May_2023,1.9490000009536743
Togo,Plateaux,TGO.4.1_2,Agou,Agou-Akplolo,NA,June_2023,1.715000033378601
Togo,Plateaux,TGO.4.1_2,Agou,Agou-Akplolo,NA,July_2023,1.0989999771118164
Togo,Plateaux,TGO.4.1_2,Agou,Agou-Akplolo,NA,August_2023,1
Togo,Plateaux,TGO.4.1_2,Agou,Agou-Akplolo,NA,September_2023,1.2009999752044678
Togo,Plateaux,TGO.4.1_2,Agou,Agou-Akplolo,NA,October_2023,1.715000033378601
Togo,Plateaux,TGO.4.1_2,Agou,Agou-Akplolo,NA,November_2023,1.5700000524520874
Togo,Plateaux,TGO.4.1_2,Agou,Agou-Akplolo,NA,December_2023,1.0369999408721924
Togo,Plateaux,TGO.4.1_2,Agou,Agou Agbetiko/Agou Dzidjole,NA,January_2023,0.8360000252723694
Togo,Plateaux,TGO.4.1_2,Agou,Agou Agbetiko/Agou Dzidjole,NA,February_2023,1.3009999990463257
Togo,Plateaux,TGO.4.1_2,Agou,Agou Agbetiko/Agou Dzidjole,NA,March_2023,1.8049999475479126
Togo,Plateaux,TGO.4.1_2,Agou,Agou Agbetiko/Agou Dzidjole,NA,April_2023,1.7699999809265137
Togo,Plateaux,TGO.4.1_2,Agou,Agou Agbetiko/Agou Dzidjole,NA,May_2023,1.9079999923706055
Togo,Plateaux,TGO.4.1_2,Agou,Agou Agbetiko/Agou Dzidjole,NA,June_2023,1.659000039100647
Togo,Plateaux,TGO.4.1_2,Agou,Agou Agbetiko/Agou Dzidjole,NA,July_2023,1.065999984741211
Togo,Plateaux,TGO.4.1_2,Agou,Agou Agbetiko/Agou Dzidjole,NA,August_2023,0.972000002861023
Togo,Plateaux,TGO.4.1_2,Agou,Agou Agbetiko/Agou Dzidjole,NA,September_2023,1.1640000343322754
Togo,Plateaux,TGO.4.1_2,Agou,Agou Agbetiko/Agou Dzidjole,NA,October_2023,1.6710000038146973
Togo,Plateaux,TGO.4.1_2,Agou,Agou Agbetiko/Agou Dzidjole,NA,November_2023,1.5759999752044678
Togo,Plateaux,TGO.4.1_2,Agou,Agou Agbetiko/Agou Dzidjole,NA,December_2023,1.0399999618530273
Togo,Plateaux,TGO.4.1_2,Agou,Agou Atigbe,NA,January_2023,0.921666661898295
Togo,Plateaux,TGO.4.1_2,Agou,Agou Atigbe,NA,February_2023,1.3523333470026653
Togo,Plateaux,TGO.4.1_2,Agou,Agou Atigbe,NA,March_2023,1.7410000165303547
Togo,Plateaux,TGO.4.1_2,Agou,Agou Atigbe,NA,April_2023,1.7889999945958455
Togo,Plateaux,TGO.4.1_2,Agou,Agou Atigbe,NA,May_2023,1.9570000171661377
Togo,Plateaux,TGO.4.1_2,Agou,Agou Atigbe,NA,June_2023,1.7353333234786987
Togo,Plateaux,TGO.4.1_2,Agou,Agou Atigbe,NA,July_2023,1.2069999774297078
Togo,Plateaux,TGO.4.1_2,Agou,Agou Atigbe,NA,August_2023,0.9946666757265726
Togo,Plateaux,TGO.4.1_2,Agou,Agou Atigbe,NA,September_2023,1.2170000076293945
Togo,Plateaux,TGO.4.1_2,Agou,Agou Atigbe,NA,October_2023,1.7850000063578289
Togo,Plateaux,TGO.4.1_2,Agou,Agou Atigbe,NA,November_2023,1.665333350499471
Togo,Plateaux,TGO.4.1_2,Agou,Agou Atigbe,NA,December_2023,1.1436666250228882
Togo,Plateaux,TGO.4.1_2,Agou,Agou Gadzepe,NA,January_2023,0.8564999997615814
Togo,Plateaux,TGO.4.1_2,Agou,Agou Gadzepe,NA,February_2023,1.305999994277954
Togo,Plateaux,TGO.4.1_2,Agou,Agou Gadzepe,NA,March_2023,1.7789999842643738
Togo,Plateaux,TGO.4.1_2,Agou,Agou Gadzepe,NA,April_2023,1.7615000009536743
Togo,Plateaux,TGO.4.1_2,Agou,Agou Gadzepe,NA,May_2023,1.9110000133514404
Togo,Plateaux,TGO.4.1_2,Agou,Agou Gadzepe,NA,June_2023,1.6675000190734863
Togo,Plateaux,TGO.4.1_2,Agou,Agou Gadzepe,NA,July_2023,1.062999963760376
Togo,Plateaux,TGO.4.1_2,Agou,Agou Gadzepe,NA,August_2023,0.9710000157356262
Togo,Plateaux,TGO.4.1_2,Agou,Agou Gadzepe,NA,September_2023,1.162500023841858
Togo,Plateaux,TGO.4.1_2,Agou,Agou Gadzepe,NA,October_2023,1.69650000333786
Togo,Plateaux,TGO.4.1_2,Agou,Agou Gadzepe,NA,November_2023,1.6035000085830688
Togo,Plateaux,TGO.4.1_2,Agou,Agou Gadzepe,NA,December_2023,1.0729999542236328
Togo,Plateaux,TGO.4.1_2,Agou,Agou Kebo,NA,January_2023,0.8595000058412552
Togo,Plateaux,TGO.4.1_2,Agou,Agou Kebo,NA,February_2023,1.31700000166893
Togo,Plateaux,TGO.4.1_2,Agou,Agou Kebo,NA,March_2023,1.769249975681305
Togo,Plateaux,TGO.4.1_2,Agou,Agou Kebo,NA,April_2023,1.7822499871253967
Togo,Plateaux,TGO.4.1_2,Agou,Agou Kebo,NA,May_2023,1.93299999833107
Togo,Plateaux,TGO.4.1_2,Agou,Agou Kebo,NA,June_2023,1.6962500214576721
Togo,Plateaux,TGO.4.1_2,Agou,Agou Kebo,NA,July_2023,1.0827499628067017
Togo,Plateaux,TGO.4.1_2,Agou,Agou Kebo,NA,August_2023,0.9840000122785568
Togo,Plateaux,TGO.4.1_2,Agou,Agou Kebo,NA,September_2023,1.1865000128746033
Togo,Plateaux,TGO.4.1_2,Agou,Agou Kebo,NA,October_2023,1.7222500145435333
Togo,Plateaux,TGO.4.1_2,Agou,Agou Kebo,NA,November_2023,1.606000006198883
Togo,Plateaux,TGO.4.1_2,Agou,Agou Kebo,NA,December_2023,1.0774999558925629
Togo,Plateaux,TGO.4.1_2,Agou,Agou Yiboe/Kati,NA,January_2023,0.9010000228881836
Togo,Plateaux,TGO.4.1_2,Agou,Agou Yiboe/Kati,NA,February_2023,1.3600000143051147
Togo,Plateaux,TGO.4.1_2,Agou,Agou Yiboe/Kati,NA,March_2023,1.7719999551773071
Togo,Plateaux,TGO.4.1_2,Agou,Agou Yiboe/Kati,NA,April_2023,1.8480000495910645
Togo,Plateaux,TGO.4.1_2,Agou,Agou Yiboe/Kati,NA,May_2023,1.9980000257492065
Togo,Plateaux,TGO.4.1_2,Agou,Agou Yiboe/Kati,NA,June_2023,1.7860000133514404
Togo,Plateaux,TGO.4.1_2,Agou,Agou Yiboe/Kati,NA,July_2023,1.1549999713897705
Togo,Plateaux,TGO.4.1_2,Agou,Agou Yiboe/Kati,NA,August_2023,1.0299999713897705
Togo,Plateaux,TGO.4.1_2,Agou,Agou Yiboe/Kati,NA,September_2023,1.2589999437332153
Togo,Plateaux,TGO.4.1_2,Agou,Agou Yiboe/Kati,NA,October_2023,1.815000057220459
Togo,Plateaux,TGO.4.1_2,Agou,Agou Yiboe/Kati,NA,November_2023,1.6369999647140503
Togo,Plateaux,TGO.4.1_2,Agou,Agou Yiboe/Kati,NA,December_2023,1.1050000190734863
Togo,Plateaux,TGO.4.1_2,Agou,Amoussou Kope,NA,January_2023,1.0205999851226806
Togo,Plateaux,TGO.4.1_2,Agou,Amoussou Kope,NA,February_2023,1.42260000705719
Togo,Plateaux,TGO.4.1_2,Agou,Amoussou Kope,NA,March_2023,1.6842000007629394
Togo,Plateaux,TGO.4.1_2,Agou,Amoussou Kope,NA,April_2023,1.828600001335144
Togo,Plateaux,TGO.4.1_2,Agou,Amoussou Kope,NA,May_2023,2.017799997329712
Togo,Plateaux,TGO.4.1_2,Agou,Amoussou Kope,NA,June_2023,1.8331999778747559
Togo,Plateaux,TGO.4.1_2,Agou,Amoussou Kope,NA,July_2023,1.4884000062942504
Togo,Plateaux,TGO.4.1_2,Agou,Amoussou Kope,NA,August_2023,1.0383999824523926
Togo,Plateaux,TGO.4.1_2,Agou,Amoussou Kope,NA,September_2023,1.514800000190735
Togo,Plateaux,TGO.4.1_2,Agou,Amoussou Kope,NA,October_2023,1.9
Togo,Plateaux,TGO.4.1_2,Agou,Amoussou Kope,NA,November_2023,1.7466000080108643
Togo,Plateaux,TGO.4.1_2,Agou,Amoussou Kope,NA,December_2023,1.2211999893188477
Togo,Plateaux,TGO.4.1_2,Agou,Gadja,NA,January_2023,0.9440000057220459
Togo,Plateaux,TGO.4.1_2,Agou,Gadja,NA,February_2023,1.3690000176429749
Togo,Plateaux,TGO.4.1_2,Agou,Gadja,NA,March_2023,1.737999975681305
Togo,Plateaux,TGO.4.1_2,Agou,Gadja,NA,April_2023,1.82150000333786
Togo,Plateaux,TGO.4.1_2,Agou,Gadja,NA,May_2023,1.9919999837875366
Togo,Plateaux,TGO.4.1_2,Agou,Gadja,NA,June_2023,1.7850000262260437
Togo,Plateaux,TGO.4.1_2,Agou,Gadja,NA,July_2023,1.305999994277954
Togo,Plateaux,TGO.4.1_2,Agou,Gadja,NA,August_2023,1.0185000002384186
Togo,Plateaux,TGO.4.1_2,Agou,Gadja,NA,September_2023,1.2425000071525574
Togo,Plateaux,TGO.4.1_2,Agou,Gadja,NA,October_2023,1.8274999856948853
Togo,Plateaux,TGO.4.1_2,Agou,Gadja,NA,November_2023,1.6749999523162842
Togo,Plateaux,TGO.4.1_2,Agou,Gadja,NA,December_2023,1.1514999866485596
Togo,Plateaux,TGO.4.2_2,Akébou,Djon,NA,January_2023,0.4180000126361847
Togo,Plateaux,TGO.4.2_2,Akébou,Djon,NA,February_2023,1.0496666828791301
Togo,Plateaux,TGO.4.2_2,Akébou,Djon,NA,March_2023,1.8636666536331177
Togo,Plateaux,TGO.4.2_2,Akébou,Djon,NA,April_2023,1.7929999828338623
Togo,Plateaux,TGO.4.2_2,Akébou,Djon,NA,May_2023,1.7829999923706055
Togo,Plateaux,TGO.4.2_2,Akébou,Djon,NA,June_2023,1.1643333435058594
Togo,Plateaux,TGO.4.2_2,Akébou,Djon,NA,July_2023,1.0496666431427002
Togo,Plateaux,TGO.4.2_2,Akébou,Djon,NA,August_2023,0.9536666671435038
Togo,Plateaux,TGO.4.2_2,Akébou,Djon,NA,September_2023,1.0476666688919067
Togo,Plateaux,TGO.4.2_2,Akébou,Djon,NA,October_2023,1.1116666793823242
Togo,Plateaux,TGO.4.2_2,Akébou,Djon,NA,November_2023,1.2466666301091511
Togo,Plateaux,TGO.4.2_2,Akébou,Djon,NA,December_2023,0.7020000020662943
Togo,Plateaux,TGO.4.2_2,Akébou,Gbende,NA,January_2023,0.4589999973773956
Togo,Plateaux,TGO.4.2_2,Akébou,Gbende,NA,February_2023,1.0703999996185303
Togo,Plateaux,TGO.4.2_2,Akébou,Gbende,NA,March_2023,1.944000005722046
Togo,Plateaux,TGO.4.2_2,Akébou,Gbende,NA,April_2023,1.810199999809265
Togo,Plateaux,TGO.4.2_2,Akébou,Gbende,NA,May_2023,1.8191999912261962
Togo,Plateaux,TGO.4.2_2,Akébou,Gbende,NA,June_2023,1.1950000047683715
Togo,Plateaux,TGO.4.2_2,Akébou,Gbende,NA,July_2023,1.0679999828338622
Togo,Plateaux,TGO.4.2_2,Akébou,Gbende,NA,August_2023,0.9729999899864197
Togo,Plateaux,TGO.4.2_2,Akébou,Gbende,NA,September_2023,1.0670000314712524
Togo,Plateaux,TGO.4.2_2,Akébou,Gbende,NA,October_2023,1.2986000061035157
Togo,Plateaux,TGO.4.2_2,Akébou,Gbende,NA,November_2023,1.3407999992370605
Togo,Plateaux,TGO.4.2_2,Akébou,Gbende,NA,December_2023,0.7621999859809876
Togo,Plateaux,TGO.4.2_2,Akébou,Kamina,NA,January_2023,0.414000004529953
Togo,Plateaux,TGO.4.2_2,Akébou,Kamina,NA,February_2023,0.9245000183582306
Togo,Plateaux,TGO.4.2_2,Akébou,Kamina,NA,March_2023,1.7055000066757202
Togo,Plateaux,TGO.4.2_2,Akébou,Kamina,NA,April_2023,1.9915000200271606
Togo,Plateaux,TGO.4.2_2,Akébou,Kamina,NA,May_2023,2.072000026702881
Togo,Plateaux,TGO.4.2_2,Akébou,Kamina,NA,June_2023,1.6365000009536743
Togo,Plateaux,TGO.4.2_2,Akébou,Kamina,NA,July_2023,1.32750004529953
Togo,Plateaux,TGO.4.2_2,Akébou,Kamina,NA,August_2023,1.2024999856948853
Togo,Plateaux,TGO.4.2_2,Akébou,Kamina,NA,September_2023,1.305999994277954
Togo,Plateaux,TGO.4.2_2,Akébou,Kamina,NA,October_2023,1.5609999895095825
Togo,Plateaux,TGO.4.2_2,Akébou,Kamina,NA,November_2023,1.2950000166893005
Togo,Plateaux,TGO.4.2_2,Akébou,Kamina,NA,December_2023,0.6730000078678131
Togo,Plateaux,TGO.4.2_2,Akébou,Kougnohou,NA,January_2023,0.4281666725873947
Togo,Plateaux,TGO.4.2_2,Akébou,Kougnohou,NA,February_2023,1.0576666593551636
Togo,Plateaux,TGO.4.2_2,Akébou,Kougnohou,NA,March_2023,1.7981666326522827
Togo,Plateaux,TGO.4.2_2,Akébou,Kougnohou,NA,April_2023,1.8066666722297668
Togo,Plateaux,TGO.4.2_2,Akébou,Kougnohou,NA,May_2023,1.8178333242734273
Togo,Plateaux,TGO.4.2_2,Akébou,Kougnohou,NA,June_2023,1.194166660308838
Togo,Plateaux,TGO.4.2_2,Akébou,Kougnohou,NA,July_2023,1.0831666390101116
Togo,Plateaux,TGO.4.2_2,Akébou,Kougnohou,NA,August_2023,0.973499983549118
Togo,Plateaux,TGO.4.2_2,Akébou,Kougnohou,NA,September_2023,1.0820000171661377
Togo,Plateaux,TGO.4.2_2,Akébou,Kougnohou,NA,October_2023,1.1366666555404663
Togo,Plateaux,TGO.4.2_2,Akébou,Kougnohou,NA,November_2023,1.2636666695276897
Togo,Plateaux,TGO.4.2_2,Akébou,Kougnohou,NA,December_2023,0.704666664203008
Togo,Plateaux,TGO.4.2_2,Akébou,Kpalave,NA,January_2023,0.3779999911785126
Togo,Plateaux,TGO.4.2_2,Akébou,Kpalave,NA,February_2023,0.9269999861717224
Togo,Plateaux,TGO.4.2_2,Akébou,Kpalave,NA,March_2023,1.899999976158142
Togo,Plateaux,TGO.4.2_2,Akébou,Kpalave,NA,April_2023,1.9249999523162842
Togo,Plateaux,TGO.4.2_2,Akébou,Kpalave,NA,May_2023,1.934000015258789
Togo,Plateaux,TGO.4.2_2,Akébou,Kpalave,NA,June_2023,1.281999945640564
Togo,Plateaux,TGO.4.2_2,Akébou,Kpalave,NA,July_2023,1.1679999828338623
Togo,Plateaux,TGO.4.2_2,Akébou,Kpalave,NA,August_2023,1.059000015258789
Togo,Plateaux,TGO.4.2_2,Akébou,Kpalave,NA,September_2023,1.1440000534057617
Togo,Plateaux,TGO.4.2_2,Akébou,Kpalave,NA,October_2023,1.2050000429153442
Togo,Plateaux,TGO.4.2_2,Akébou,Kpalave,NA,November_2023,1.2309999465942383
Togo,Plateaux,TGO.4.2_2,Akébou,Kpalave,NA,December_2023,0.6439999938011169
Togo,Plateaux,TGO.4.2_2,Akébou,Seregbene,NA,January_2023,0.4009999930858612
Togo,Plateaux,TGO.4.2_2,Akébou,Seregbene,NA,February_2023,0.9890000224113464
Togo,Plateaux,TGO.4.2_2,Akébou,Seregbene,NA,March_2023,1.9769999980926514
Togo,Plateaux,TGO.4.2_2,Akébou,Seregbene,NA,April_2023,1.8819999694824219
Togo,Plateaux,TGO.4.2_2,Akébou,Seregbene,NA,May_2023,1.8799999952316284
Togo,Plateaux,TGO.4.2_2,Akébou,Seregbene,NA,June_2023,1.2380000352859497
Togo,Plateaux,TGO.4.2_2,Akébou,Seregbene,NA,July_2023,1.1230000257492065
Togo,Plateaux,TGO.4.2_2,Akébou,Seregbene,NA,August_2023,1.0169999599456787
Togo,Plateaux,TGO.4.2_2,Akébou,Seregbene,NA,September_2023,1.121999979019165
Togo,Plateaux,TGO.4.2_2,Akébou,Seregbene,NA,October_2023,1.1890000104904175
Togo,Plateaux,TGO.4.2_2,Akébou,Seregbene,NA,November_2023,1.2879999876022339
Togo,Plateaux,TGO.4.2_2,Akébou,Seregbene,NA,December_2023,0.7110000252723694
Togo,Plateaux,TGO.4.2_2,Akébou,Veh,NA,January_2023,0.42500001192092896
Togo,Plateaux,TGO.4.2_2,Akébou,Veh,NA,February_2023,1.0720000267028809
Togo,Plateaux,TGO.4.2_2,Akébou,Veh,NA,March_2023,1.8355000019073486
Togo,Plateaux,TGO.4.2_2,Akébou,Veh,NA,April_2023,1.7764999866485596
Togo,Plateaux,TGO.4.2_2,Akébou,Veh,NA,May_2023,1.765999972820282
Togo,Plateaux,TGO.4.2_2,Akébou,Veh,NA,June_2023,1.1504999995231628
Togo,Plateaux,TGO.4.2_2,Akébou,Veh,NA,July_2023,1.034999966621399
Togo,Plateaux,TGO.4.2_2,Akébou,Veh,NA,August_2023,0.9429999887943268
Togo,Plateaux,TGO.4.2_2,Akébou,Veh,NA,September_2023,1.0400000214576721
Togo,Plateaux,TGO.4.2_2,Akébou,Veh,NA,October_2023,1.1044999957084656
Togo,Plateaux,TGO.4.2_2,Akébou,Veh,NA,November_2023,1.2569999694824219
Togo,Plateaux,TGO.4.2_2,Akébou,Veh,NA,December_2023,0.715499997138977
Togo,Plateaux,TGO.4.2_2,Akébou,Yalla,NA,January_2023,0.4090000092983246
Togo,Plateaux,TGO.4.2_2,Akébou,Yalla,NA,February_2023,1.0410000085830688
Togo,Plateaux,TGO.4.2_2,Akébou,Yalla,NA,March_2023,2.005000114440918
Togo,Plateaux,TGO.4.2_2,Akébou,Yalla,NA,April_2023,1.8370000123977661
Togo,Plateaux,TGO.4.2_2,Akébou,Yalla,NA,May_2023,1.8320000171661377
Togo,Plateaux,TGO.4.2_2,Akébou,Yalla,NA,June_2023,1.1970000267028809
Togo,Plateaux,TGO.4.2_2,Akébou,Yalla,NA,July_2023,1.0800000429153442
Togo,Plateaux,TGO.4.2_2,Akébou,Yalla,NA,August_2023,0.9760000109672546
Togo,Plateaux,TGO.4.2_2,Akébou,Yalla,NA,September_2023,1.069000005722046
Togo,Plateaux,TGO.4.2_2,Akébou,Yalla,NA,October_2023,1.1510000228881836
Togo,Plateaux,TGO.4.2_2,Akébou,Yalla,NA,November_2023,1.3079999685287476
Togo,Plateaux,TGO.4.2_2,Akébou,Yalla,NA,December_2023,0.7239999771118164
Togo,Plateaux,TGO.4.3_2,Amou,Adiva,NA,January_2023,0.5199999809265137
Togo,Plateaux,TGO.4.3_2,Amou,Adiva,NA,February_2023,1.1820000410079956
Togo,Plateaux,TGO.4.3_2,Amou,Adiva,NA,March_2023,1.8630000352859497
Togo,Plateaux,TGO.4.3_2,Amou,Adiva,NA,April_2023,1.8530000448226929
Togo,Plateaux,TGO.4.3_2,Amou,Adiva,NA,May_2023,1.9299999475479126
Togo,Plateaux,TGO.4.3_2,Amou,Adiva,NA,June_2023,1.3049999475479126
Togo,Plateaux,TGO.4.3_2,Amou,Adiva,NA,July_2023,1.1779999732971191
Togo,Plateaux,TGO.4.3_2,Amou,Adiva,NA,August_2023,1.0529999732971191
Togo,Plateaux,TGO.4.3_2,Amou,Adiva,NA,September_2023,1.2050000429153442
Togo,Plateaux,TGO.4.3_2,Amou,Adiva,NA,October_2023,1.2389999628067017
Togo,Plateaux,TGO.4.3_2,Amou,Adiva,NA,November_2023,1.38100004196167
Togo,Plateaux,TGO.4.3_2,Amou,Adiva,NA,December_2023,0.7929999828338623
Togo,Plateaux,TGO.4.3_2,Amou,Amou-Oblo,NA,January_2023,0.5209999978542328
Togo,Plateaux,TGO.4.3_2,Amou,Amou-Oblo,NA,February_2023,1.1639999866485595
Togo,Plateaux,TGO.4.3_2,Amou,Amou-Oblo,NA,March_2023,1.7641999959945678
Togo,Plateaux,TGO.4.3_2,Amou,Amou-Oblo,NA,April_2023,1.7625999927520752
Togo,Plateaux,TGO.4.3_2,Amou,Amou-Oblo,NA,May_2023,1.8321999788284302
Togo,Plateaux,TGO.4.3_2,Amou,Amou-Oblo,NA,June_2023,1.2137999773025512
Togo,Plateaux,TGO.4.3_2,Amou,Amou-Oblo,NA,July_2023,1.0802000045776368
Togo,Plateaux,TGO.4.3_2,Amou,Amou-Oblo,NA,August_2023,0.9689999938011169
Togo,Plateaux,TGO.4.3_2,Amou,Amou-Oblo,NA,September_2023,1.1184000253677369
Togo,Plateaux,TGO.4.3_2,Amou,Amou-Oblo,NA,October_2023,1.323199987411499
Togo,Plateaux,TGO.4.3_2,Amou,Amou-Oblo,NA,November_2023,1.3634000062942504
Togo,Plateaux,TGO.4.3_2,Amou,Amou-Oblo,NA,December_2023,0.8099999904632569
Togo,Plateaux,TGO.4.3_2,Amou,Avedje,NA,January_2023,0.5795000195503235
Togo,Plateaux,TGO.4.3_2,Amou,Avedje,NA,February_2023,1.2170000076293945
Togo,Plateaux,TGO.4.3_2,Amou,Avedje,NA,March_2023,1.784500002861023
Togo,Plateaux,TGO.4.3_2,Amou,Avedje,NA,April_2023,1.9699999690055847
Togo,Plateaux,TGO.4.3_2,Amou,Avedje,NA,May_2023,2.103999972343445
Togo,Plateaux,TGO.4.3_2,Amou,Avedje,NA,June_2023,1.9169999957084656
Togo,Plateaux,TGO.4.3_2,Amou,Avedje,NA,July_2023,1.3305000066757202
Togo,Plateaux,TGO.4.3_2,Amou,Avedje,NA,August_2023,1.1859999895095825
Togo,Plateaux,TGO.4.3_2,Amou,Avedje,NA,September_2023,1.3859999775886536
Togo,Plateaux,TGO.4.3_2,Amou,Avedje,NA,October_2023,1.874500036239624
Togo,Plateaux,TGO.4.3_2,Amou,Avedje,NA,November_2023,1.550000011920929
Togo,Plateaux,TGO.4.3_2,Amou,Avedje,NA,December_2023,0.8924999833106995
Togo,Plateaux,TGO.4.3_2,Amou,Ekpegnon,NA,January_2023,0.5399999916553497
Togo,Plateaux,TGO.4.3_2,Amou,Ekpegnon,NA,February_2023,1.1520000100135803
Togo,Plateaux,TGO.4.3_2,Amou,Ekpegnon,NA,March_2023,1.7039999961853027
Togo,Plateaux,TGO.4.3_2,Amou,Ekpegnon,NA,April_2023,1.8224999904632568
Togo,Plateaux,TGO.4.3_2,Amou,Ekpegnon,NA,May_2023,1.9359999895095825
Togo,Plateaux,TGO.4.3_2,Amou,Ekpegnon,NA,June_2023,1.534000039100647
Togo,Plateaux,TGO.4.3_2,Amou,Ekpegnon,NA,July_2023,1.1855000257492065
Togo,Plateaux,TGO.4.3_2,Amou,Ekpegnon,NA,August_2023,1.0619999766349792
Togo,Plateaux,TGO.4.3_2,Amou,Ekpegnon,NA,September_2023,1.237000048160553
Togo,Plateaux,TGO.4.3_2,Amou,Ekpegnon,NA,October_2023,1.6679999828338623
Togo,Plateaux,TGO.4.3_2,Amou,Ekpegnon,NA,November_2023,1.4045000076293945
Togo,Plateaux,TGO.4.3_2,Amou,Ekpegnon,NA,December_2023,0.8299999833106995
Togo,Plateaux,TGO.4.3_2,Amou,Evou,NA,January_2023,0.5253333350022634
Togo,Plateaux,TGO.4.3_2,Amou,Evou,NA,February_2023,1.1756666898727417
Togo,Plateaux,TGO.4.3_2,Amou,Evou,NA,March_2023,1.846333344777425
Togo,Plateaux,TGO.4.3_2,Amou,Evou,NA,April_2023,1.9176666736602783
Togo,Plateaux,TGO.4.3_2,Amou,Evou,NA,May_2023,2.016666611035665
Togo,Plateaux,TGO.4.3_2,Amou,Evou,NA,June_2023,1.5179999669392903
Togo,Plateaux,TGO.4.3_2,Amou,Evou,NA,July_2023,1.2479999860127766
Togo,Plateaux,TGO.4.3_2,Amou,Evou,NA,August_2023,1.1116666396458943
Togo,Plateaux,TGO.4.3_2,Amou,Evou,NA,September_2023,1.275000015894572
Togo,Plateaux,TGO.4.3_2,Amou,Evou,NA,October_2023,1.4616666634877522
Togo,Plateaux,TGO.4.3_2,Amou,Evou,NA,November_2023,1.4306666851043701
Togo,Plateaux,TGO.4.3_2,Amou,Evou,NA,December_2023,0.8113333185513815
Togo,Plateaux,TGO.4.3_2,Amou,Game,NA,January_2023,0.5433333317438761
Togo,Plateaux,TGO.4.3_2,Amou,Game,NA,February_2023,1.0479999979337056
Togo,Plateaux,TGO.4.3_2,Amou,Game,NA,March_2023,1.7079999844233196
Togo,Plateaux,TGO.4.3_2,Amou,Game,NA,April_2023,2.0703333616256714
Togo,Plateaux,TGO.4.3_2,Amou,Game,NA,May_2023,2.179333289464315
Togo,Plateaux,TGO.4.3_2,Amou,Game,NA,June_2023,1.9830000003178914
Togo,Plateaux,TGO.4.3_2,Amou,Game,NA,July_2023,1.4259999990463257
Togo,Plateaux,TGO.4.3_2,Amou,Game,NA,August_2023,1.2819999853769939
Togo,Plateaux,TGO.4.3_2,Amou,Game,NA,September_2023,1.415999968846639
Togo,Plateaux,TGO.4.3_2,Amou,Game,NA,October_2023,1.9073333740234375
Togo,Plateaux,TGO.4.3_2,Amou,Game,NA,November_2023,1.440000017484029
Togo,Plateaux,TGO.4.3_2,Amou,Game,NA,December_2023,0.7663333415985107
Togo,Plateaux,TGO.4.3_2,Amou,Hiheatro,NA,January_2023,0.5316666662693024
Togo,Plateaux,TGO.4.3_2,Amou,Hiheatro,NA,February_2023,1.1683333317438762
Togo,Plateaux,TGO.4.3_2,Amou,Hiheatro,NA,March_2023,1.8143333196640015
Togo,Plateaux,TGO.4.3_2,Amou,Hiheatro,NA,April_2023,1.9760000308354695
Togo,Plateaux,TGO.4.3_2,Amou,Hiheatro,NA,May_2023,2.0913333098093667
Togo,Plateaux,TGO.4.3_2,Amou,Hiheatro,NA,June_2023,1.7366666396458943
Togo,Plateaux,TGO.4.3_2,Amou,Hiheatro,NA,July_2023,1.3140000104904175
Togo,Plateaux,TGO.4.3_2,Amou,Hiheatro,NA,August_2023,1.1716666618982952
Togo,Plateaux,TGO.4.3_2,Amou,Hiheatro,NA,September_2023,1.34333332379659
Togo,Plateaux,TGO.4.3_2,Amou,Hiheatro,NA,October_2023,1.6763333479563396
Togo,Plateaux,TGO.4.3_2,Amou,Hiheatro,NA,November_2023,1.4769999980926514
Togo,Plateaux,TGO.4.3_2,Amou,Hiheatro,NA,December_2023,0.8309999903043112
Togo,Plateaux,TGO.4.3_2,Amou,Imle,NA,January_2023,0.5199999809265137
Togo,Plateaux,TGO.4.3_2,Amou,Imle,NA,February_2023,1.1820000410079956
Togo,Plateaux,TGO.4.3_2,Amou,Imle,NA,March_2023,1.8630000352859497
Togo,Plateaux,TGO.4.3_2,Amou,Imle,NA,April_2023,1.8530000448226929
Togo,Plateaux,TGO.4.3_2,Amou,Imle,NA,May_2023,1.9299999475479126
Togo,Plateaux,TGO.4.3_2,Amou,Imle,NA,June_2023,1.3049999475479126
Togo,Plateaux,TGO.4.3_2,Amou,Imle,NA,July_2023,1.1779999732971191
Togo,Plateaux,TGO.4.3_2,Amou,Imle,NA,August_2023,1.0529999732971191
Togo,Plateaux,TGO.4.3_2,Amou,Imle,NA,September_2023,1.2050000429153442
Togo,Plateaux,TGO.4.3_2,Amou,Imle,NA,October_2023,1.2389999628067017
Togo,Plateaux,TGO.4.3_2,Amou,Imle,NA,November_2023,1.38100004196167
Togo,Plateaux,TGO.4.3_2,Amou,Imle,NA,December_2023,0.7929999828338623
Togo,Plateaux,TGO.4.3_2,Amou,Kpategan,NA,January_2023,0.5901999950408936
Togo,Plateaux,TGO.4.3_2,Amou,Kpategan,NA,February_2023,1.1902000188827515
Togo,Plateaux,TGO.4.3_2,Amou,Kpategan,NA,March_2023,1.7460000038146972
Togo,Plateaux,TGO.4.3_2,Amou,Kpategan,NA,April_2023,1.8832000017166137
Togo,Plateaux,TGO.4.3_2,Amou,Kpategan,NA,May_2023,2.006399989128113
Togo,Plateaux,TGO.4.3_2,Amou,Kpategan,NA,June_2023,1.6538000106811523
Togo,Plateaux,TGO.4.3_2,Amou,Kpategan,NA,July_2023,1.24060001373291
Togo,Plateaux,TGO.4.3_2,Amou,Kpategan,NA,August_2023,1.115400004386902
Togo,Plateaux,TGO.4.3_2,Amou,Kpategan,NA,September_2023,1.2988000154495238
Togo,Plateaux,TGO.4.3_2,Amou,Kpategan,NA,October_2023,1.6833999872207641
Togo,Plateaux,TGO.4.3_2,Amou,Kpategan,NA,November_2023,1.469600009918213
Togo,Plateaux,TGO.4.3_2,Amou,Kpategan,NA,December_2023,0.8687999844551086
Togo,Plateaux,TGO.4.3_2,Amou,Okpahoe,NA,January_2023,0.4970000088214874
Togo,Plateaux,TGO.4.3_2,Amou,Okpahoe,NA,February_2023,1.1330000162124634
Togo,Plateaux,TGO.4.3_2,Amou,Okpahoe,NA,March_2023,1.8580000400543213
Togo,Plateaux,TGO.4.3_2,Amou,Okpahoe,NA,April_2023,1.9179999828338623
Togo,Plateaux,TGO.4.3_2,Amou,Okpahoe,NA,May_2023,2.006999969482422
Togo,Plateaux,TGO.4.3_2,Amou,Okpahoe,NA,June_2023,1.343999981880188
Togo,Plateaux,TGO.4.3_2,Amou,Okpahoe,NA,July_2023,1.2239999771118164
Togo,Plateaux,TGO.4.3_2,Amou,Okpahoe,NA,August_2023,1.097000002861023
Togo,Plateaux,TGO.4.3_2,Amou,Okpahoe,NA,September_2023,1.2350000143051147
Togo,Plateaux,TGO.4.3_2,Amou,Okpahoe,NA,October_2023,1.2799999713897705
Togo,Plateaux,TGO.4.3_2,Amou,Okpahoe,NA,November_2023,1.3730000257492065
Togo,Plateaux,TGO.4.3_2,Amou,Okpahoe,NA,December_2023,0.7689999938011169
Togo,Plateaux,TGO.4.3_2,Amou,Otadi,NA,January_2023,0.44566667079925537
Togo,Plateaux,TGO.4.3_2,Amou,Otadi,NA,February_2023,1.049999992052714
Togo,Plateaux,TGO.4.3_2,Amou,Otadi,NA,March_2023,1.866333285967509
Togo,Plateaux,TGO.4.3_2,Amou,Otadi,NA,April_2023,1.937333345413208
Togo,Plateaux,TGO.4.3_2,Amou,Otadi,NA,May_2023,2.003333330154419
Togo,Plateaux,TGO.4.3_2,Amou,Otadi,NA,June_2023,1.3369999726613362
Togo,Plateaux,TGO.4.3_2,Amou,Otadi,NA,July_2023,1.225333333015442
Togo,Plateaux,TGO.4.3_2,Amou,Otadi,NA,August_2023,1.0983333190282185
Togo,Plateaux,TGO.4.3_2,Amou,Otadi,NA,September_2023,1.215666651725769
Togo,Plateaux,TGO.4.3_2,Amou,Otadi,NA,October_2023,1.2619999647140503
Togo,Plateaux,TGO.4.3_2,Amou,Otadi,NA,November_2023,1.3073333501815796
Togo,Plateaux,TGO.4.3_2,Amou,Otadi,NA,December_2023,0.7119999925295512
Togo,Plateaux,TGO.4.3_2,Amou,Ouma-Amlame,NA,January_2023,0.5109999924898148
Togo,Plateaux,TGO.4.3_2,Amou,Ouma-Amlame,NA,February_2023,1.1524999737739563
Togo,Plateaux,TGO.4.3_2,Amou,Ouma-Amlame,NA,March_2023,1.8585000038146973
Togo,Plateaux,TGO.4.3_2,Amou,Ouma-Amlame,NA,April_2023,1.7705000042915344
Togo,Plateaux,TGO.4.3_2,Amou,Ouma-Amlame,NA,May_2023,1.7914999723434448
Togo,Plateaux,TGO.4.3_2,Amou,Ouma-Amlame,NA,June_2023,1.1899999976158142
Togo,Plateaux,TGO.4.3_2,Amou,Ouma-Amlame,NA,July_2023,1.0625
Togo,Plateaux,TGO.4.3_2,Amou,Ouma-Amlame,NA,August_2023,0.949999988079071
Togo,Plateaux,TGO.4.3_2,Amou,Ouma-Amlame,NA,September_2023,1.0799999833106995
Togo,Plateaux,TGO.4.3_2,Amou,Ouma-Amlame,NA,October_2023,1.1495000123977661
Togo,Plateaux,TGO.4.3_2,Amou,Ouma-Amlame,NA,November_2023,1.3230000138282776
Togo,Plateaux,TGO.4.3_2,Amou,Ouma-Amlame,NA,December_2023,0.7839999794960022
Togo,Plateaux,TGO.4.3_2,Amou,Sodo,NA,January_2023,0.5230000118414561
Togo,Plateaux,TGO.4.3_2,Amou,Sodo,NA,February_2023,1.1789999802907307
Togo,Plateaux,TGO.4.3_2,Amou,Sodo,NA,March_2023,1.756333311398824
Togo,Plateaux,TGO.4.3_2,Amou,Sodo,NA,April_2023,1.75
Togo,Plateaux,TGO.4.3_2,Amou,Sodo,NA,May_2023,1.8116666475931804
Togo,Plateaux,TGO.4.3_2,Amou,Sodo,NA,June_2023,1.191333293914795
Togo,Plateaux,TGO.4.3_2,Amou,Sodo,NA,July_2023,1.0539999802907307
Togo,Plateaux,TGO.4.3_2,Amou,Sodo,NA,August_2023,0.9466666777928671
Togo,Plateaux,TGO.4.3_2,Amou,Sodo,NA,September_2023,1.0930000146230061
Togo,Plateaux,TGO.4.3_2,Amou,Sodo,NA,October_2023,1.2793333133061726
Togo,Plateaux,TGO.4.3_2,Amou,Sodo,NA,November_2023,1.365666667620341
Togo,Plateaux,TGO.4.3_2,Amou,Sodo,NA,December_2023,0.8179999987284342
Togo,Plateaux,TGO.4.3_2,Amou,Temedja,NA,January_2023,0.6000000238418579
Togo,Plateaux,TGO.4.3_2,Amou,Temedja,NA,February_2023,1.222000002861023
Togo,Plateaux,TGO.4.3_2,Amou,Temedja,NA,March_2023,1.7510000467300415
Togo,Plateaux,TGO.4.3_2,Amou,Temedja,NA,April_2023,1.9579999446868896
Togo,Plateaux,TGO.4.3_2,Amou,Temedja,NA,May_2023,2.0950000286102295
Togo,Plateaux,TGO.4.3_2,Amou,Temedja,NA,June_2023,1.9290000200271606
Togo,Plateaux,TGO.4.3_2,Amou,Temedja,NA,July_2023,1.319000005722046
Togo,Plateaux,TGO.4.3_2,Amou,Temedja,NA,August_2023,1.187000036239624
Togo,Plateaux,TGO.4.3_2,Amou,Temedja,NA,September_2023,1.3869999647140503
Togo,Plateaux,TGO.4.3_2,Amou,Temedja,NA,October_2023,1.8830000162124634
Togo,Plateaux,TGO.4.3_2,Amou,Temedja,NA,November_2023,1.562000036239624
Togo,Plateaux,TGO.4.3_2,Amou,Temedja,NA,December_2023,0.9129999876022339
Togo,Plateaux,TGO.4.4_2,Anié,Adogbenou,NA,January_2023,0.6541428651128497
Togo,Plateaux,TGO.4.4_2,Anié,Adogbenou,NA,February_2023,0.9861428567341396
Togo,Plateaux,TGO.4.4_2,Anié,Adogbenou,NA,March_2023,1.352285725729806
Togo,Plateaux,TGO.4.4_2,Anié,Adogbenou,NA,April_2023,2.2552857058388844
Togo,Plateaux,TGO.4.4_2,Anié,Adogbenou,NA,May_2023,2.1667142936161587
Togo,Plateaux,TGO.4.4_2,Anié,Adogbenou,NA,June_2023,2.0920000076293945
Togo,Plateaux,TGO.4.4_2,Anié,Adogbenou,NA,July_2023,1.924142871584211
Togo,Plateaux,TGO.4.4_2,Anié,Adogbenou,NA,August_2023,1.3408571311405726
Togo,Plateaux,TGO.4.4_2,Anié,Adogbenou,NA,September_2023,1.8588571548461914
Togo,Plateaux,TGO.4.4_2,Anié,Adogbenou,NA,October_2023,2.1335714203970775
Togo,Plateaux,TGO.4.4_2,Anié,Adogbenou,NA,November_2023,1.877571429525103
Togo,Plateaux,TGO.4.4_2,Anié,Adogbenou,NA,December_2023,0.9608571444238935
Togo,Plateaux,TGO.4.4_2,Anié,Anie,NA,January_2023,0.6669999957084656
Togo,Plateaux,TGO.4.4_2,Anié,Anie,NA,February_2023,1.1030000448226929
Togo,Plateaux,TGO.4.4_2,Anié,Anie,NA,March_2023,1.5199999809265137
Togo,Plateaux,TGO.4.4_2,Anié,Anie,NA,April_2023,2.4179999828338623
Togo,Plateaux,TGO.4.4_2,Anié,Anie,NA,May_2023,2.250999927520752
Togo,Plateaux,TGO.4.4_2,Anié,Anie,NA,June_2023,2.1419999599456787
Togo,Plateaux,TGO.4.4_2,Anié,Anie,NA,July_2023,1.9600000381469727
Togo,Plateaux,TGO.4.4_2,Anié,Anie,NA,August_2023,1.3890000581741333
Togo,Plateaux,TGO.4.4_2,Anié,Anie,NA,September_2023,1.559999942779541
Togo,Plateaux,TGO.4.4_2,Anié,Anie,NA,October_2023,2.1080000400543213
Togo,Plateaux,TGO.4.4_2,Anié,Anie,NA,November_2023,1.6089999675750732
Togo,Plateaux,TGO.4.4_2,Anié,Anie,NA,December_2023,0.890999972820282
Togo,Plateaux,TGO.4.4_2,Anié,Atchinedji,NA,January_2023,0.669749990105629
Togo,Plateaux,TGO.4.4_2,Anié,Atchinedji,NA,February_2023,1.032499998807907
Togo,Plateaux,TGO.4.4_2,Anié,Atchinedji,NA,March_2023,1.3984999656677246
Togo,Plateaux,TGO.4.4_2,Anié,Atchinedji,NA,April_2023,2.215250015258789
Togo,Plateaux,TGO.4.4_2,Anié,Atchinedji,NA,May_2023,2.133250057697296
Togo,Plateaux,TGO.4.4_2,Anié,Atchinedji,NA,June_2023,2.082249939441681
Togo,Plateaux,TGO.4.4_2,Anié,Atchinedji,NA,July_2023,1.8842500150203705
Togo,Plateaux,TGO.4.4_2,Anié,Atchinedji,NA,August_2023,1.3174999952316284
Togo,Plateaux,TGO.4.4_2,Anié,Atchinedji,NA,September_2023,1.8875000178813934
Togo,Plateaux,TGO.4.4_2,Anié,Atchinedji,NA,October_2023,2.122249960899353
Togo,Plateaux,TGO.4.4_2,Anié,Atchinedji,NA,November_2023,1.8029999732971191
Togo,Plateaux,TGO.4.4_2,Anié,Atchinedji,NA,December_2023,0.9155000001192093
Togo,Plateaux,TGO.4.4_2,Anié,Glitto,NA,January_2023,0.7309999763965607
Togo,Plateaux,TGO.4.4_2,Anié,Glitto,NA,February_2023,1.023999959230423
Togo,Plateaux,TGO.4.4_2,Anié,Glitto,NA,March_2023,1.4434999823570251
Togo,Plateaux,TGO.4.4_2,Anié,Glitto,NA,April_2023,2.2135000228881836
Togo,Plateaux,TGO.4.4_2,Anié,Glitto,NA,May_2023,2.146499991416931
Togo,Plateaux,TGO.4.4_2,Anié,Glitto,NA,June_2023,2.0924999713897705
Togo,Plateaux,TGO.4.4_2,Anié,Glitto,NA,July_2023,1.8805000185966492
Togo,Plateaux,TGO.4.4_2,Anié,Glitto,NA,August_2023,1.503499984741211
Togo,Plateaux,TGO.4.4_2,Anié,Glitto,NA,September_2023,2.0115000009536743
Togo,Plateaux,TGO.4.4_2,Anié,Glitto,NA,October_2023,2.1279999017715454
Togo,Plateaux,TGO.4.4_2,Anié,Glitto,NA,November_2023,1.9129999876022339
Togo,Plateaux,TGO.4.4_2,Anié,Glitto,NA,December_2023,1.159500002861023
Togo,Plateaux,TGO.4.4_2,Anié,Kolokope,NA,January_2023,0.6193333466847738
Togo,Plateaux,TGO.4.4_2,Anié,Kolokope,NA,February_2023,0.9853333433469137
Togo,Plateaux,TGO.4.4_2,Anié,Kolokope,NA,March_2023,1.4529999891916912
Togo,Plateaux,TGO.4.4_2,Anié,Kolokope,NA,April_2023,2.3309999306996665
Togo,Plateaux,TGO.4.4_2,Anié,Kolokope,NA,May_2023,2.193333307902018
Togo,Plateaux,TGO.4.4_2,Anié,Kolokope,NA,June_2023,2.13100004196167
Togo,Plateaux,TGO.4.4_2,Anié,Kolokope,NA,July_2023,1.9679999748865764
Togo,Plateaux,TGO.4.4_2,Anié,Kolokope,NA,August_2023,1.377666711807251
Togo,Plateaux,TGO.4.4_2,Anié,Kolokope,NA,September_2023,1.559999982515971
Togo,Plateaux,TGO.4.4_2,Anié,Kolokope,NA,October_2023,2.126000006993612
Togo,Plateaux,TGO.4.4_2,Anié,Kolokope,NA,November_2023,1.5610000292460124
Togo,Plateaux,TGO.4.4_2,Anié,Kolokope,NA,December_2023,0.8453333377838135
Togo,Plateaux,TGO.4.4_2,Anié,Pallakoko,NA,January_2023,0.5440000295639038
Togo,Plateaux,TGO.4.4_2,Anié,Pallakoko,NA,February_2023,0.9409999847412109
Togo,Plateaux,TGO.4.4_2,Anié,Pallakoko,NA,March_2023,1.524999976158142
Togo,Plateaux,TGO.4.4_2,Anié,Pallakoko,NA,April_2023,2.125999927520752
Togo,Plateaux,TGO.4.4_2,Anié,Pallakoko,NA,May_2023,2.2679998874664307
Togo,Plateaux,TGO.4.4_2,Anié,Pallakoko,NA,June_2023,2.1559998989105225
Togo,Plateaux,TGO.4.4_2,Anié,Pallakoko,NA,July_2023,1.5470000505447388
Togo,Plateaux,TGO.4.4_2,Anié,Pallakoko,NA,August_2023,1.402999997138977
Togo,Plateaux,TGO.4.4_2,Anié,Pallakoko,NA,September_2023,1.5440000295639038
Togo,Plateaux,TGO.4.4_2,Anié,Pallakoko,NA,October_2023,2.066999912261963
Togo,Plateaux,TGO.4.4_2,Anié,Pallakoko,NA,November_2023,1.465000033378601
Togo,Plateaux,TGO.4.4_2,Anié,Pallakoko,NA,December_2023,0.7490000128746033
Togo,Plateaux,TGO.4.5_2,Danyi,Ahlon,NA,January_2023,0.5900000035762787
Togo,Plateaux,TGO.4.5_2,Danyi,Ahlon,NA,February_2023,1.1743333339691162
Togo,Plateaux,TGO.4.5_2,Danyi,Ahlon,NA,March_2023,1.8204999963442485
Togo,Plateaux,TGO.4.5_2,Danyi,Ahlon,NA,April_2023,1.7331666549046834
Togo,Plateaux,TGO.4.5_2,Danyi,Ahlon,NA,May_2023,1.7823333342870076
Togo,Plateaux,TGO.4.5_2,Danyi,Ahlon,NA,June_2023,1.1671666900316875
Togo,Plateaux,TGO.4.5_2,Danyi,Ahlon,NA,July_2023,1.0266666809717815
Togo,Plateaux,TGO.4.5_2,Danyi,Ahlon,NA,August_2023,0.9224999944368998
Togo,Plateaux,TGO.4.5_2,Danyi,Ahlon,NA,September_2023,1.061999996503194
Togo,Plateaux,TGO.4.5_2,Danyi,Ahlon,NA,October_2023,1.38400000333786
Togo,Plateaux,TGO.4.5_2,Danyi,Ahlon,NA,November_2023,1.412333329518636
Togo,Plateaux,TGO.4.5_2,Danyi,Ahlon,NA,December_2023,0.8490000069141388
Togo,Plateaux,TGO.4.5_2,Danyi,Danyi-Kakpa,NA,January_2023,0.66075000166893
Togo,Plateaux,TGO.4.5_2,Danyi,Danyi-Kakpa,NA,February_2023,1.1935000121593475
Togo,Plateaux,TGO.4.5_2,Danyi,Danyi-Kakpa,NA,March_2023,1.83474999666214
Togo,Plateaux,TGO.4.5_2,Danyi,Danyi-Kakpa,NA,April_2023,1.712499976158142
Togo,Plateaux,TGO.4.5_2,Danyi,Danyi-Kakpa,NA,May_2023,1.804500013589859
Togo,Plateaux,TGO.4.5_2,Danyi,Danyi-Kakpa,NA,June_2023,1.2802500128746033
Togo,Plateaux,TGO.4.5_2,Danyi,Danyi-Kakpa,NA,July_2023,1.0252500176429749
Togo,Plateaux,TGO.4.5_2,Danyi,Danyi-Kakpa,NA,August_2023,0.9267500042915344
Togo,Plateaux,TGO.4.5_2,Danyi,Danyi-Kakpa,NA,September_2023,1.0797500014305115
Togo,Plateaux,TGO.4.5_2,Danyi,Danyi-Kakpa,NA,October_2023,1.5272499918937683
Togo,Plateaux,TGO.4.5_2,Danyi,Danyi-Kakpa,NA,November_2023,1.44200000166893
Togo,Plateaux,TGO.4.5_2,Danyi,Danyi-Kakpa,NA,December_2023,0.8975000083446503
Togo,Plateaux,TGO.4.5_2,Danyi,Danyi Kpeto-Evita,NA,January_2023,0.5860000103712082
Togo,Plateaux,TGO.4.5_2,Danyi,Danyi Kpeto-Evita,NA,February_2023,1.1969999969005585
Togo,Plateaux,TGO.4.5_2,Danyi,Danyi Kpeto-Evita,NA,March_2023,1.8565000295639038
Togo,Plateaux,TGO.4.5_2,Danyi,Danyi Kpeto-Evita,NA,April_2023,1.753250002861023
Togo,Plateaux,TGO.4.5_2,Danyi,Danyi Kpeto-Evita,NA,May_2023,1.8072500228881836
Togo,Plateaux,TGO.4.5_2,Danyi,Danyi Kpeto-Evita,NA,June_2023,1.184000015258789
Togo,Plateaux,TGO.4.5_2,Danyi,Danyi Kpeto-Evita,NA,July_2023,1.0439999997615814
Togo,Plateaux,TGO.4.5_2,Danyi,Danyi Kpeto-Evita,NA,August_2023,0.9387499988079071
Togo,Plateaux,TGO.4.5_2,Danyi,Danyi Kpeto-Evita,NA,September_2023,1.0860000252723694
Togo,Plateaux,TGO.4.5_2,Danyi,Danyi Kpeto-Evita,NA,October_2023,1.3400000035762787
Togo,Plateaux,TGO.4.5_2,Danyi,Danyi Kpeto-Evita,NA,November_2023,1.395499974489212
Togo,Plateaux,TGO.4.5_2,Danyi,Danyi Kpeto-Evita,NA,December_2023,0.8482499867677689
Togo,Plateaux,TGO.4.5_2,Danyi,Elavagnon/Atigba,NA,January_2023,0.6299999952316284
Togo,Plateaux,TGO.4.5_2,Danyi,Elavagnon/Atigba,NA,February_2023,1.194000005722046
Togo,Plateaux,TGO.4.5_2,Danyi,Elavagnon/Atigba,NA,March_2023,1.88100004196167
Togo,Plateaux,TGO.4.5_2,Danyi,Elavagnon/Atigba,NA,April_2023,1.7480000257492065
Togo,Plateaux,TGO.4.5_2,Danyi,Elavagnon/Atigba,NA,May_2023,1.793500006198883
Togo,Plateaux,TGO.4.5_2,Danyi,Elavagnon/Atigba,NA,June_2023,1.174500048160553
Togo,Plateaux,TGO.4.5_2,Danyi,Elavagnon/Atigba,NA,July_2023,1.031000018119812
Togo,Plateaux,TGO.4.5_2,Danyi,Elavagnon/Atigba,NA,August_2023,0.9255000054836273
Togo,Plateaux,TGO.4.5_2,Danyi,Elavagnon/Atigba,NA,September_2023,1.0764999985694885
Togo,Plateaux,TGO.4.5_2,Danyi,Elavagnon/Atigba,NA,October_2023,1.3330000042915344
Togo,Plateaux,TGO.4.5_2,Danyi,Elavagnon/Atigba,NA,November_2023,1.3994999527931213
Togo,Plateaux,TGO.4.5_2,Danyi,Elavagnon/Atigba,NA,December_2023,0.8519999980926514
Togo,Plateaux,TGO.4.5_2,Danyi,Yikpa,NA,January_2023,0.6610000133514404
Togo,Plateaux,TGO.4.5_2,Danyi,Yikpa,NA,February_2023,1.190500020980835
Togo,Plateaux,TGO.4.5_2,Danyi,Yikpa,NA,March_2023,1.8479999899864197
Togo,Plateaux,TGO.4.5_2,Danyi,Yikpa,NA,April_2023,1.6919999718666077
Togo,Plateaux,TGO.4.5_2,Danyi,Yikpa,NA,May_2023,1.790499985218048
Togo,Plateaux,TGO.4.5_2,Danyi,Yikpa,NA,June_2023,1.362500011920929
Togo,Plateaux,TGO.4.5_2,Danyi,Yikpa,NA,July_2023,1.0170000195503235
Togo,Plateaux,TGO.4.5_2,Danyi,Yikpa,NA,August_2023,0.9239999949932098
Togo,Plateaux,TGO.4.5_2,Danyi,Yikpa,NA,September_2023,1.0740000009536743
Togo,Plateaux,TGO.4.5_2,Danyi,Yikpa,NA,October_2023,1.524999976158142
Togo,Plateaux,TGO.4.5_2,Danyi,Yikpa,NA,November_2023,1.4575000405311584
Togo,Plateaux,TGO.4.5_2,Danyi,Yikpa,NA,December_2023,0.9115000069141388
Togo,Plateaux,TGO.4.6_2,Est-Mono,Badin,NA,January_2023,0.575600004196167
Togo,Plateaux,TGO.4.6_2,Est-Mono,Badin,NA,February_2023,0.8602000117301941
Togo,Plateaux,TGO.4.6_2,Est-Mono,Badin,NA,March_2023,1.3562000274658204
Togo,Plateaux,TGO.4.6_2,Est-Mono,Badin,NA,April_2023,2.4357999324798585
Togo,Plateaux,TGO.4.6_2,Est-Mono,Badin,NA,May_2023,2.3189999580383303
Togo,Plateaux,TGO.4.6_2,Est-Mono,Badin,NA,June_2023,2.1838000297546385
Togo,Plateaux,TGO.4.6_2,Est-Mono,Badin,NA,July_2023,2.0509999990463257
Togo,Plateaux,TGO.4.6_2,Est-Mono,Badin,NA,August_2023,1.450000023841858
Togo,Plateaux,TGO.4.6_2,Est-Mono,Badin,NA,September_2023,1.6593999862670898
Togo,Plateaux,TGO.4.6_2,Est-Mono,Badin,NA,October_2023,2.1275999546051025
Togo,Plateaux,TGO.4.6_2,Est-Mono,Badin,NA,November_2023,1.6638000011444092
Togo,Plateaux,TGO.4.6_2,Est-Mono,Badin,NA,December_2023,0.7588000059127807
Togo,Plateaux,TGO.4.6_2,Est-Mono,Elavagnon,NA,January_2023,0.5843333204587301
Togo,Plateaux,TGO.4.6_2,Est-Mono,Elavagnon,NA,February_2023,0.9279999931653341
Togo,Plateaux,TGO.4.6_2,Est-Mono,Elavagnon,NA,March_2023,1.278666655222575
Togo,Plateaux,TGO.4.6_2,Est-Mono,Elavagnon,NA,April_2023,2.309666633605957
Togo,Plateaux,TGO.4.6_2,Est-Mono,Elavagnon,NA,May_2023,2.175333340962728
Togo,Plateaux,TGO.4.6_2,Est-Mono,Elavagnon,NA,June_2023,2.1569999853769937
Togo,Plateaux,TGO.4.6_2,Est-Mono,Elavagnon,NA,July_2023,2.02400004863739
Togo,Plateaux,TGO.4.6_2,Est-Mono,Elavagnon,NA,August_2023,1.4179999828338623
Togo,Plateaux,TGO.4.6_2,Est-Mono,Elavagnon,NA,September_2023,1.5849999984105427
Togo,Plateaux,TGO.4.6_2,Est-Mono,Elavagnon,NA,October_2023,2.162333329518636
Togo,Plateaux,TGO.4.6_2,Est-Mono,Elavagnon,NA,November_2023,1.534333308537801
Togo,Plateaux,TGO.4.6_2,Est-Mono,Elavagnon,NA,December_2023,0.7983333468437195
Togo,Plateaux,TGO.4.6_2,Est-Mono,Gbadjahe,NA,January_2023,0.6076250001788139
Togo,Plateaux,TGO.4.6_2,Est-Mono,Gbadjahe,NA,February_2023,0.9518749937415123
Togo,Plateaux,TGO.4.6_2,Est-Mono,Gbadjahe,NA,March_2023,1.3718750029802322
Togo,Plateaux,TGO.4.6_2,Est-Mono,Gbadjahe,NA,April_2023,2.308499962091446
Togo,Plateaux,TGO.4.6_2,Est-Mono,Gbadjahe,NA,May_2023,2.18087500333786
Togo,Plateaux,TGO.4.6_2,Est-Mono,Gbadjahe,NA,June_2023,2.12262499332428
Togo,Plateaux,TGO.4.6_2,Est-Mono,Gbadjahe,NA,July_2023,1.9728749990463257
Togo,Plateaux,TGO.4.6_2,Est-Mono,Gbadjahe,NA,August_2023,1.3803749978542328
Togo,Plateaux,TGO.4.6_2,Est-Mono,Gbadjahe,NA,September_2023,1.613750010728836
Togo,Plateaux,TGO.4.6_2,Est-Mono,Gbadjahe,NA,October_2023,2.1348750293254852
Togo,Plateaux,TGO.4.6_2,Est-Mono,Gbadjahe,NA,November_2023,1.6566250026226044
Togo,Plateaux,TGO.4.6_2,Est-Mono,Gbadjahe,NA,December_2023,0.8285000026226044
Togo,Plateaux,TGO.4.6_2,Est-Mono,Kamina,NA,January_2023,0.582200002670288
Togo,Plateaux,TGO.4.6_2,Est-Mono,Kamina,NA,February_2023,0.8991999864578247
Togo,Plateaux,TGO.4.6_2,Est-Mono,Kamina,NA,March_2023,1.2824000120162964
Togo,Plateaux,TGO.4.6_2,Est-Mono,Kamina,NA,April_2023,2.334600019454956
Togo,Plateaux,TGO.4.6_2,Est-Mono,Kamina,NA,May_2023,2.233600044250488
Togo,Plateaux,TGO.4.6_2,Est-Mono,Kamina,NA,June_2023,2.133400058746338
Togo,Plateaux,TGO.4.6_2,Est-Mono,Kamina,NA,July_2023,1.9973999977111816
Togo,Plateaux,TGO.4.6_2,Est-Mono,Kamina,NA,August_2023,1.393400001525879
Togo,Plateaux,TGO.4.6_2,Est-Mono,Kamina,NA,September_2023,1.5472000122070313
Togo,Plateaux,TGO.4.6_2,Est-Mono,Kamina,NA,October_2023,2.146999979019165
Togo,Plateaux,TGO.4.6_2,Est-Mono,Kamina,NA,November_2023,1.7203999996185302
Togo,Plateaux,TGO.4.6_2,Est-Mono,Kamina,NA,December_2023,0.7947999954223632
Togo,Plateaux,TGO.4.6_2,Est-Mono,Kpessi,NA,January_2023,0.5573333303133646
Togo,Plateaux,TGO.4.6_2,Est-Mono,Kpessi,NA,February_2023,0.8393333355585734
Togo,Plateaux,TGO.4.6_2,Est-Mono,Kpessi,NA,March_2023,1.340000033378601
Togo,Plateaux,TGO.4.6_2,Est-Mono,Kpessi,NA,April_2023,2.3283333778381348
Togo,Plateaux,TGO.4.6_2,Est-Mono,Kpessi,NA,May_2023,2.1913333733876548
Togo,Plateaux,TGO.4.6_2,Est-Mono,Kpessi,NA,June_2023,2.1353333791097007
Togo,Plateaux,TGO.4.6_2,Est-Mono,Kpessi,NA,July_2023,2.0240000089009604
Togo,Plateaux,TGO.4.6_2,Est-Mono,Kpessi,NA,August_2023,1.4100000063578289
Togo,Plateaux,TGO.4.6_2,Est-Mono,Kpessi,NA,September_2023,1.5423333247502644
Togo,Plateaux,TGO.4.6_2,Est-Mono,Kpessi,NA,October_2023,2.134999990463257
Togo,Plateaux,TGO.4.6_2,Est-Mono,Kpessi,NA,November_2023,1.4453333218892415
Togo,Plateaux,TGO.4.6_2,Est-Mono,Kpessi,NA,December_2023,0.7453333338101705
Togo,Plateaux,TGO.4.6_2,Est-Mono,Moretan,NA,January_2023,0.521000012755394
Togo,Plateaux,TGO.4.6_2,Est-Mono,Moretan,NA,February_2023,0.7957499921321869
Togo,Plateaux,TGO.4.6_2,Est-Mono,Moretan,NA,March_2023,1.399749994277954
Togo,Plateaux,TGO.4.6_2,Est-Mono,Moretan,NA,April_2023,2.356750011444092
Togo,Plateaux,TGO.4.6_2,Est-Mono,Moretan,NA,May_2023,2.227250039577484
Togo,Plateaux,TGO.4.6_2,Est-Mono,Moretan,NA,June_2023,2.1292499899864197
Togo,Plateaux,TGO.4.6_2,Est-Mono,Moretan,NA,July_2023,2.029750019311905
Togo,Plateaux,TGO.4.6_2,Est-Mono,Moretan,NA,August_2023,1.4157499969005585
Togo,Plateaux,TGO.4.6_2,Est-Mono,Moretan,NA,September_2023,1.5317500233650208
Togo,Plateaux,TGO.4.6_2,Est-Mono,Moretan,NA,October_2023,2.102250039577484
Togo,Plateaux,TGO.4.6_2,Est-Mono,Moretan,NA,November_2023,1.3669999837875366
Togo,Plateaux,TGO.4.6_2,Est-Mono,Moretan,NA,December_2023,0.7105000168085098
Togo,Plateaux,TGO.4.6_2,Est-Mono,Nyamassila,NA,January_2023,0.5614999830722809
Togo,Plateaux,TGO.4.6_2,Est-Mono,Nyamassila,NA,February_2023,0.8964999914169312
Togo,Plateaux,TGO.4.6_2,Est-Mono,Nyamassila,NA,March_2023,1.4079999923706055
Togo,Plateaux,TGO.4.6_2,Est-Mono,Nyamassila,NA,April_2023,2.434999942779541
Togo,Plateaux,TGO.4.6_2,Est-Mono,Nyamassila,NA,May_2023,2.2725000381469727
Togo,Plateaux,TGO.4.6_2,Est-Mono,Nyamassila,NA,June_2023,2.2389999628067017
Togo,Plateaux,TGO.4.6_2,Est-Mono,Nyamassila,NA,July_2023,2.1339999437332153
Togo,Plateaux,TGO.4.6_2,Est-Mono,Nyamassila,NA,August_2023,1.5015000104904175
Togo,Plateaux,TGO.4.6_2,Est-Mono,Nyamassila,NA,September_2023,1.6604999899864197
Togo,Plateaux,TGO.4.6_2,Est-Mono,Nyamassila,NA,October_2023,2.208999991416931
Togo,Plateaux,TGO.4.6_2,Est-Mono,Nyamassila,NA,November_2023,1.5339999794960022
Togo,Plateaux,TGO.4.6_2,Est-Mono,Nyamassila,NA,December_2023,0.781499981880188
Togo,Plateaux,TGO.4.7_2,Haho,Assrama,NA,January_2023,0.9547999978065491
Togo,Plateaux,TGO.4.7_2,Haho,Assrama,NA,February_2023,1.2526000022888184
Togo,Plateaux,TGO.4.7_2,Haho,Assrama,NA,March_2023,1.4858000040054322
Togo,Plateaux,TGO.4.7_2,Haho,Assrama,NA,April_2023,2.084999990463257
Togo,Plateaux,TGO.4.7_2,Haho,Assrama,NA,May_2023,2.0010000467300415
Togo,Plateaux,TGO.4.7_2,Haho,Assrama,NA,June_2023,1.9353999853134156
Togo,Plateaux,TGO.4.7_2,Haho,Assrama,NA,July_2023,1.6348000049591065
Togo,Plateaux,TGO.4.7_2,Haho,Assrama,NA,August_2023,1.1095999956130982
Togo,Plateaux,TGO.4.7_2,Haho,Assrama,NA,September_2023,1.809600019454956
Togo,Plateaux,TGO.4.7_2,Haho,Assrama,NA,October_2023,2.006999969482422
Togo,Plateaux,TGO.4.7_2,Haho,Assrama,NA,November_2023,1.8387999773025512
Togo,Plateaux,TGO.4.7_2,Haho,Assrama,NA,December_2023,1.2378000020980835
Togo,Plateaux,TGO.4.7_2,Haho,Atsave,NA,January_2023,0.9819999784231186
Togo,Plateaux,TGO.4.7_2,Haho,Atsave,NA,February_2023,1.3474999964237213
Togo,Plateaux,TGO.4.7_2,Haho,Atsave,NA,March_2023,1.5652500092983246
Togo,Plateaux,TGO.4.7_2,Haho,Atsave,NA,April_2023,2.097499966621399
Togo,Plateaux,TGO.4.7_2,Haho,Atsave,NA,May_2023,2.0260000228881836
Togo,Plateaux,TGO.4.7_2,Haho,Atsave,NA,June_2023,1.9177500009536743
Togo,Plateaux,TGO.4.7_2,Haho,Atsave,NA,July_2023,1.6054999828338623
Togo,Plateaux,TGO.4.7_2,Haho,Atsave,NA,August_2023,1.0944999754428864
Togo,Plateaux,TGO.4.7_2,Haho,Atsave,NA,September_2023,1.7999999821186066
Togo,Plateaux,TGO.4.7_2,Haho,Atsave,NA,October_2023,1.9847499430179596
Togo,Plateaux,TGO.4.7_2,Haho,Atsave,NA,November_2023,1.7025000154972076
Togo,Plateaux,TGO.4.7_2,Haho,Atsave,NA,December_2023,1.1957500278949738
Togo,Plateaux,TGO.4.7_2,Haho,Dalia,NA,January_2023,1.0080000162124634
Togo,Plateaux,TGO.4.7_2,Haho,Dalia,NA,February_2023,1.3880000114440918
Togo,Plateaux,TGO.4.7_2,Haho,Dalia,NA,March_2023,1.590000033378601
Togo,Plateaux,TGO.4.7_2,Haho,Dalia,NA,April_2023,2.0959999561309814
Togo,Plateaux,TGO.4.7_2,Haho,Dalia,NA,May_2023,2.013000011444092
Togo,Plateaux,TGO.4.7_2,Haho,Dalia,NA,June_2023,1.9019999504089355
Togo,Plateaux,TGO.4.7_2,Haho,Dalia,NA,July_2023,1.5549999475479126
Togo,Plateaux,TGO.4.7_2,Haho,Dalia,NA,August_2023,1.069000005722046
Togo,Plateaux,TGO.4.7_2,Haho,Dalia,NA,September_2023,1.7569999694824219
Togo,Plateaux,TGO.4.7_2,Haho,Dalia,NA,October_2023,1.9600000381469727
Togo,Plateaux,TGO.4.7_2,Haho,Dalia,NA,November_2023,1.7050000429153442
Togo,Plateaux,TGO.4.7_2,Haho,Dalia,NA,December_2023,1.1929999589920044
Togo,Plateaux,TGO.4.7_2,Haho,Djemegni,NA,January_2023,0.9189999997615814
Togo,Plateaux,TGO.4.7_2,Haho,Djemegni,NA,February_2023,1.2684999704360962
Togo,Plateaux,TGO.4.7_2,Haho,Djemegni,NA,March_2023,1.5270000100135803
Togo,Plateaux,TGO.4.7_2,Haho,Djemegni,NA,April_2023,2.152000069618225
Togo,Plateaux,TGO.4.7_2,Haho,Djemegni,NA,May_2023,2.065999984741211
Togo,Plateaux,TGO.4.7_2,Haho,Djemegni,NA,June_2023,1.9979999661445618
Togo,Plateaux,TGO.4.7_2,Haho,Djemegni,NA,July_2023,1.6980000138282776
Togo,Plateaux,TGO.4.7_2,Haho,Djemegni,NA,August_2023,1.1649999618530273
Togo,Plateaux,TGO.4.7_2,Haho,Djemegni,NA,September_2023,1.8744999766349792
Togo,Plateaux,TGO.4.7_2,Haho,Djemegni,NA,October_2023,2.062999963760376
Togo,Plateaux,TGO.4.7_2,Haho,Djemegni,NA,November_2023,1.6834999918937683
Togo,Plateaux,TGO.4.7_2,Haho,Djemegni,NA,December_2023,1.1690000295639038
Togo,Plateaux,TGO.4.7_2,Haho,Kpedome,NA,January_2023,0.8916000008583069
Togo,Plateaux,TGO.4.7_2,Haho,Kpedome,NA,February_2023,1.334000015258789
Togo,Plateaux,TGO.4.7_2,Haho,Kpedome,NA,March_2023,1.689800000190735
Togo,Plateaux,TGO.4.7_2,Haho,Kpedome,NA,April_2023,2.0317999839782717
Togo,Plateaux,TGO.4.7_2,Haho,Kpedome,NA,May_2023,2.0865999698638915
Togo,Plateaux,TGO.4.7_2,Haho,Kpedome,NA,June_2023,1.9264000177383422
Togo,Plateaux,TGO.4.7_2,Haho,Kpedome,NA,July_2023,1.4227999925613404
Togo,Plateaux,TGO.4.7_2,Haho,Kpedome,NA,August_2023,1.1335999965667725
Togo,Plateaux,TGO.4.7_2,Haho,Kpedome,NA,September_2023,1.551800012588501
Togo,Plateaux,TGO.4.7_2,Haho,Kpedome,NA,October_2023,1.960200023651123
Togo,Plateaux,TGO.4.7_2,Haho,Kpedome,NA,November_2023,1.6585999965667724
Togo,Plateaux,TGO.4.7_2,Haho,Kpedome,NA,December_2023,1.1134000062942504
Togo,Plateaux,TGO.4.7_2,Haho,Kpegnon/Haito,NA,January_2023,0.6380000114440918
Togo,Plateaux,TGO.4.7_2,Haho,Kpegnon/Haito,NA,February_2023,1.2769999504089355
Togo,Plateaux,TGO.4.7_2,Haho,Kpegnon/Haito,NA,March_2023,1.7239999771118164
Togo,Plateaux,TGO.4.7_2,Haho,Kpegnon/Haito,NA,April_2023,1.8849999904632568
Togo,Plateaux,TGO.4.7_2,Haho,Kpegnon/Haito,NA,May_2023,2.013000011444092
Togo,Plateaux,TGO.4.7_2,Haho,Kpegnon/Haito,NA,June_2023,1.8020000457763672
Togo,Plateaux,TGO.4.7_2,Haho,Kpegnon/Haito,NA,July_2023,1.2280000448226929
Togo,Plateaux,TGO.4.7_2,Haho,Kpegnon/Haito,NA,August_2023,1.093000054359436
Togo,Plateaux,TGO.4.7_2,Haho,Kpegnon/Haito,NA,September_2023,1.2979999780654907
Togo,Plateaux,TGO.4.7_2,Haho,Kpegnon/Haito,NA,October_2023,1.7719999551773071
Togo,Plateaux,TGO.4.7_2,Haho,Kpegnon/Haito,NA,November_2023,1.5369999408721924
Togo,Plateaux,TGO.4.7_2,Haho,Kpegnon/Haito,NA,December_2023,0.9629999995231628
Togo,Plateaux,TGO.4.7_2,Haho,Notse,NA,January_2023,0.921666661898295
Togo,Plateaux,TGO.4.7_2,Haho,Notse,NA,February_2023,1.3836666742960613
Togo,Plateaux,TGO.4.7_2,Haho,Notse,NA,March_2023,1.7363333304723103
Togo,Plateaux,TGO.4.7_2,Haho,Notse,NA,April_2023,1.8890000184377034
Togo,Plateaux,TGO.4.7_2,Haho,Notse,NA,May_2023,2.059333324432373
Togo,Plateaux,TGO.4.7_2,Haho,Notse,NA,June_2023,1.8583333492279053
Togo,Plateaux,TGO.4.7_2,Haho,Notse,NA,July_2023,1.3286666472752888
Togo,Plateaux,TGO.4.7_2,Haho,Notse,NA,August_2023,1.0833333333333333
Togo,Plateaux,TGO.4.7_2,Haho,Notse,NA,September_2023,1.4643333355585735
Togo,Plateaux,TGO.4.7_2,Haho,Notse,NA,October_2023,1.8879999717076619
Togo,Plateaux,TGO.4.7_2,Haho,Notse,NA,November_2023,1.6446666717529297
Togo,Plateaux,TGO.4.7_2,Haho,Notse,NA,December_2023,1.124666651089986
Togo,Plateaux,TGO.4.7_2,Haho,Wahala,NA,January_2023,0.8333333333333334
Togo,Plateaux,TGO.4.7_2,Haho,Wahala,NA,February_2023,1.1916666825612385
Togo,Plateaux,TGO.4.7_2,Haho,Wahala,NA,March_2023,1.5043333371480305
Togo,Plateaux,TGO.4.7_2,Haho,Wahala,NA,April_2023,2.1736667156219482
Togo,Plateaux,TGO.4.7_2,Haho,Wahala,NA,May_2023,2.0733333428700766
Togo,Plateaux,TGO.4.7_2,Haho,Wahala,NA,June_2023,2.0233333110809326
Togo,Plateaux,TGO.4.7_2,Haho,Wahala,NA,July_2023,1.750333348910014
Togo,Plateaux,TGO.4.7_2,Haho,Wahala,NA,August_2023,1.1980000336964924
Togo,Plateaux,TGO.4.7_2,Haho,Wahala,NA,September_2023,1.9149999618530273
Togo,Plateaux,TGO.4.7_2,Haho,Wahala,NA,October_2023,2.0690000851949057
Togo,Plateaux,TGO.4.7_2,Haho,Wahala,NA,November_2023,1.7509999672571819
Togo,Plateaux,TGO.4.7_2,Haho,Wahala,NA,December_2023,1.093666672706604
Togo,Plateaux,TGO.4.8_2,Kloto,Agome,NA,January_2023,0.789000004529953
Togo,Plateaux,TGO.4.8_2,Kloto,Agome,NA,February_2023,1.265999972820282
Togo,Plateaux,TGO.4.8_2,Kloto,Agome,NA,March_2023,1.812999963760376
Togo,Plateaux,TGO.4.8_2,Kloto,Agome,NA,April_2023,1.7315000295639038
Togo,Plateaux,TGO.4.8_2,Kloto,Agome,NA,May_2023,1.8630000352859497
Togo,Plateaux,TGO.4.8_2,Kloto,Agome,NA,June_2023,1.6299999952316284
Togo,Plateaux,TGO.4.8_2,Kloto,Agome,NA,July_2023,1.0554999709129333
Togo,Plateaux,TGO.4.8_2,Kloto,Agome,NA,August_2023,0.9595000147819519
Togo,Plateaux,TGO.4.8_2,Kloto,Agome,NA,September_2023,1.1299999952316284
Togo,Plateaux,TGO.4.8_2,Kloto,Agome,NA,October_2023,1.6380000114440918
Togo,Plateaux,TGO.4.8_2,Kloto,Agome,NA,November_2023,1.5609999895095825
Togo,Plateaux,TGO.4.8_2,Kloto,Agome,NA,December_2023,1.022000014781952
Togo,Plateaux,TGO.4.8_2,Kloto,Agome-Tomegbe,NA,January_2023,0.7787500023841858
Togo,Plateaux,TGO.4.8_2,Kloto,Agome-Tomegbe,NA,February_2023,1.2647499740123749
Togo,Plateaux,TGO.4.8_2,Kloto,Agome-Tomegbe,NA,March_2023,1.8512499928474426
Togo,Plateaux,TGO.4.8_2,Kloto,Agome-Tomegbe,NA,April_2023,1.7442500293254852
Togo,Plateaux,TGO.4.8_2,Kloto,Agome-Tomegbe,NA,May_2023,1.8817500174045563
Togo,Plateaux,TGO.4.8_2,Kloto,Agome-Tomegbe,NA,June_2023,1.6512500047683716
Togo,Plateaux,TGO.4.8_2,Kloto,Agome-Tomegbe,NA,July_2023,1.074999988079071
Togo,Plateaux,TGO.4.8_2,Kloto,Agome-Tomegbe,NA,August_2023,0.9755000025033951
Togo,Plateaux,TGO.4.8_2,Kloto,Agome-Tomegbe,NA,September_2023,1.1554999947547913
Togo,Plateaux,TGO.4.8_2,Kloto,Agome-Tomegbe,NA,October_2023,1.6682499945163727
Togo,Plateaux,TGO.4.8_2,Kloto,Agome-Tomegbe,NA,November_2023,1.5992499887943268
Togo,Plateaux,TGO.4.8_2,Kloto,Agome-Tomegbe,NA,December_2023,1.0372500121593475
Togo,Plateaux,TGO.4.8_2,Kloto,Gbalave,NA,January_2023,0.8650000095367432
Togo,Plateaux,TGO.4.8_2,Kloto,Gbalave,NA,February_2023,1.3234999775886536
Togo,Plateaux,TGO.4.8_2,Kloto,Gbalave,NA,March_2023,1.8079999685287476
Togo,Plateaux,TGO.4.8_2,Kloto,Gbalave,NA,April_2023,1.7600000500679016
Togo,Plateaux,TGO.4.8_2,Kloto,Gbalave,NA,May_2023,1.8955000042915344
Togo,Plateaux,TGO.4.8_2,Kloto,Gbalave,NA,June_2023,1.671999990940094
Togo,Plateaux,TGO.4.8_2,Kloto,Gbalave,NA,July_2023,1.0609999895095825
Togo,Plateaux,TGO.4.8_2,Kloto,Gbalave,NA,August_2023,0.972000002861023
Togo,Plateaux,TGO.4.8_2,Kloto,Gbalave,NA,September_2023,1.1559999585151672
Togo,Plateaux,TGO.4.8_2,Kloto,Gbalave,NA,October_2023,1.6945000290870667
Togo,Plateaux,TGO.4.8_2,Kloto,Gbalave,NA,November_2023,1.6234999895095825
Togo,Plateaux,TGO.4.8_2,Kloto,Gbalave,NA,December_2023,1.0945000052452087
Togo,Plateaux,TGO.4.8_2,Kloto,Hanyigba,NA,January_2023,0.8410000205039978
Togo,Plateaux,TGO.4.8_2,Kloto,Hanyigba,NA,February_2023,1.3209999799728394
Togo,Plateaux,TGO.4.8_2,Kloto,Hanyigba,NA,March_2023,1.8359999656677246
Togo,Plateaux,TGO.4.8_2,Kloto,Hanyigba,NA,April_2023,1.7690000534057617
Togo,Plateaux,TGO.4.8_2,Kloto,Hanyigba,NA,May_2023,1.8990000486373901
Togo,Plateaux,TGO.4.8_2,Kloto,Hanyigba,NA,June_2023,1.6660000085830688
Togo,Plateaux,TGO.4.8_2,Kloto,Hanyigba,NA,July_2023,1.065999984741211
Togo,Plateaux,TGO.4.8_2,Kloto,Hanyigba,NA,August_2023,0.9800000190734863
Togo,Plateaux,TGO.4.8_2,Kloto,Hanyigba,NA,September_2023,1.1619999408721924
Togo,Plateaux,TGO.4.8_2,Kloto,Hanyigba,NA,October_2023,1.6820000410079956
Togo,Plateaux,TGO.4.8_2,Kloto,Hanyigba,NA,November_2023,1.6100000143051147
Togo,Plateaux,TGO.4.8_2,Kloto,Hanyigba,NA,December_2023,1.0770000219345093
Togo,Plateaux,TGO.4.8_2,Kloto,Kouma,NA,January_2023,0.7369999885559082
Togo,Plateaux,TGO.4.8_2,Kloto,Kouma,NA,February_2023,1.2109999656677246
Togo,Plateaux,TGO.4.8_2,Kloto,Kouma,NA,March_2023,1.7899999618530273
Togo,Plateaux,TGO.4.8_2,Kloto,Kouma,NA,April_2023,1.694000005722046
Togo,Plateaux,TGO.4.8_2,Kloto,Kouma,NA,May_2023,1.8270000219345093
Togo,Plateaux,TGO.4.8_2,Kloto,Kouma,NA,June_2023,1.593999981880188
Togo,Plateaux,TGO.4.8_2,Kloto,Kouma,NA,July_2023,1.0449999570846558
Togo,Plateaux,TGO.4.8_2,Kloto,Kouma,NA,August_2023,0.9390000104904175
Togo,Plateaux,TGO.4.8_2,Kloto,Kouma,NA,September_2023,1.0980000495910645
Togo,Plateaux,TGO.4.8_2,Kloto,Kouma,NA,October_2023,1.593999981880188
Togo,Plateaux,TGO.4.8_2,Kloto,Kouma,NA,November_2023,1.5119999647140503
Togo,Plateaux,TGO.4.8_2,Kloto,Kouma,NA,December_2023,0.9670000076293945
Togo,Plateaux,TGO.4.8_2,Kloto,Kpadape,NA,January_2023,0.8889999985694885
Togo,Plateaux,TGO.4.8_2,Kloto,Kpadape,NA,February_2023,1.3259999752044678
Togo,Plateaux,TGO.4.8_2,Kloto,Kpadape,NA,March_2023,1.7799999713897705
Togo,Plateaux,TGO.4.8_2,Kloto,Kpadape,NA,April_2023,1.7510000467300415
Togo,Plateaux,TGO.4.8_2,Kloto,Kpadape,NA,May_2023,1.8919999599456787
Togo,Plateaux,TGO.4.8_2,Kloto,Kpadape,NA,June_2023,1.6779999732971191
Togo,Plateaux,TGO.4.8_2,Kloto,Kpadape,NA,July_2023,1.055999994277954
Togo,Plateaux,TGO.4.8_2,Kloto,Kpadape,NA,August_2023,0.9639999866485596
Togo,Plateaux,TGO.4.8_2,Kloto,Kpadape,NA,September_2023,1.149999976158142
Togo,Plateaux,TGO.4.8_2,Kloto,Kpadape,NA,October_2023,1.7070000171661377
Togo,Plateaux,TGO.4.8_2,Kloto,Kpadape,NA,November_2023,1.6369999647140503
Togo,Plateaux,TGO.4.8_2,Kloto,Kpadape,NA,December_2023,1.1119999885559082
Togo,Plateaux,TGO.4.8_2,Kloto,Kpime,NA,January_2023,0.7522000074386597
Togo,Plateaux,TGO.4.8_2,Kloto,Kpime,NA,February_2023,1.2327999830245973
Togo,Plateaux,TGO.4.8_2,Kloto,Kpime,NA,March_2023,1.7907999753952026
Togo,Plateaux,TGO.4.8_2,Kloto,Kpime,NA,April_2023,1.7388000011444091
Togo,Plateaux,TGO.4.8_2,Kloto,Kpime,NA,May_2023,1.8661999940872191
Togo,Plateaux,TGO.4.8_2,Kloto,Kpime,NA,June_2023,1.6160000085830688
Togo,Plateaux,TGO.4.8_2,Kloto,Kpime,NA,July_2023,1.0555999994277954
Togo,Plateaux,TGO.4.8_2,Kloto,Kpime,NA,August_2023,0.9497999906539917
Togo,Plateaux,TGO.4.8_2,Kloto,Kpime,NA,September_2023,1.1254000186920166
Togo,Plateaux,TGO.4.8_2,Kloto,Kpime,NA,October_2023,1.6041999816894532
Togo,Plateaux,TGO.4.8_2,Kloto,Kpime,NA,November_2023,1.5027999877929688
Togo,Plateaux,TGO.4.8_2,Kloto,Kpime,NA,December_2023,0.9692000031471253
Togo,Plateaux,TGO.4.8_2,Kloto,Lavie/ Apedome,NA,January_2023,0.7409999966621399
Togo,Plateaux,TGO.4.8_2,Kloto,Lavie/ Apedome,NA,February_2023,1.2120000123977661
Togo,Plateaux,TGO.4.8_2,Kloto,Lavie/ Apedome,NA,March_2023,1.7599999904632568
Togo,Plateaux,TGO.4.8_2,Kloto,Lavie/ Apedome,NA,April_2023,1.7419999837875366
Togo,Plateaux,TGO.4.8_2,Kloto,Lavie/ Apedome,NA,May_2023,1.8650000095367432
Togo,Plateaux,TGO.4.8_2,Kloto,Lavie/ Apedome,NA,June_2023,1.5980000495910645
Togo,Plateaux,TGO.4.8_2,Kloto,Lavie/ Apedome,NA,July_2023,1.0529999732971191
Togo,Plateaux,TGO.4.8_2,Kloto,Lavie/ Apedome,NA,August_2023,0.9419999718666077
Togo,Plateaux,TGO.4.8_2,Kloto,Lavie/ Apedome,NA,September_2023,1.1230000257492065
Togo,Plateaux,TGO.4.8_2,Kloto,Lavie/ Apedome,NA,October_2023,1.5829999446868896
Togo,Plateaux,TGO.4.8_2,Kloto,Lavie/ Apedome,NA,November_2023,1.465999960899353
Togo,Plateaux,TGO.4.8_2,Kloto,Lavie/ Apedome,NA,December_2023,0.9430000185966492
Togo,Plateaux,TGO.4.8_2,Kloto,Tome,NA,January_2023,0.8689999977747599
Togo,Plateaux,TGO.4.8_2,Kloto,Tome,NA,February_2023,1.3193333148956299
Togo,Plateaux,TGO.4.8_2,Kloto,Tome,NA,March_2023,1.7896666526794434
Togo,Plateaux,TGO.4.8_2,Kloto,Tome,NA,April_2023,1.7576667070388794
Togo,Plateaux,TGO.4.8_2,Kloto,Tome,NA,May_2023,1.9016666809717815
Togo,Plateaux,TGO.4.8_2,Kloto,Tome,NA,June_2023,1.6733333269755046
Togo,Plateaux,TGO.4.8_2,Kloto,Tome,NA,July_2023,1.0606666405995686
Togo,Plateaux,TGO.4.8_2,Kloto,Tome,NA,August_2023,0.9713333447774252
Togo,Plateaux,TGO.4.8_2,Kloto,Tome,NA,September_2023,1.1576666434605916
Togo,Plateaux,TGO.4.8_2,Kloto,Tome,NA,October_2023,1.7036666870117188
Togo,Plateaux,TGO.4.8_2,Kloto,Tome,NA,November_2023,1.6260000069936116
Togo,Plateaux,TGO.4.8_2,Kloto,Tome,NA,December_2023,1.0983333190282185
Togo,Plateaux,TGO.4.8_2,Kloto,Tove,NA,January_2023,0.8607500046491623
Togo,Plateaux,TGO.4.8_2,Kloto,Tove,NA,February_2023,1.3147499859333038
Togo,Plateaux,TGO.4.8_2,Kloto,Tove,NA,March_2023,1.7934999763965607
Togo,Plateaux,TGO.4.8_2,Kloto,Tove,NA,April_2023,1.760750025510788
Togo,Plateaux,TGO.4.8_2,Kloto,Tove,NA,May_2023,1.9032500088214874
Togo,Plateaux,TGO.4.8_2,Kloto,Tove,NA,June_2023,1.6697500050067902
Togo,Plateaux,TGO.4.8_2,Kloto,Tove,NA,July_2023,1.0619999766349792
Togo,Plateaux,TGO.4.8_2,Kloto,Tove,NA,August_2023,0.9715000092983246
Togo,Plateaux,TGO.4.8_2,Kloto,Tove,NA,September_2023,1.1592499911785126
Togo,Plateaux,TGO.4.8_2,Kloto,Tove,NA,October_2023,1.6955000162124634
Togo,Plateaux,TGO.4.8_2,Kloto,Tove,NA,November_2023,1.6134999990463257
Togo,Plateaux,TGO.4.8_2,Kloto,Tove,NA,December_2023,1.0837499797344208
Togo,Plateaux,TGO.4.8_2,Kloto,Wome,NA,January_2023,0.8412500023841858
Togo,Plateaux,TGO.4.8_2,Kloto,Wome,NA,February_2023,1.3069999814033508
Togo,Plateaux,TGO.4.8_2,Kloto,Wome,NA,March_2023,1.8324999809265137
Togo,Plateaux,TGO.4.8_2,Kloto,Wome,NA,April_2023,1.764000028371811
Togo,Plateaux,TGO.4.8_2,Kloto,Wome,NA,May_2023,1.9020000100135803
Togo,Plateaux,TGO.4.8_2,Kloto,Wome,NA,June_2023,1.6845000088214874
Togo,Plateaux,TGO.4.8_2,Kloto,Wome,NA,July_2023,1.0830000042915344
Togo,Plateaux,TGO.4.8_2,Kloto,Wome,NA,August_2023,0.9802500009536743
Togo,Plateaux,TGO.4.8_2,Kloto,Wome,NA,September_2023,1.176499992609024
Togo,Plateaux,TGO.4.8_2,Kloto,Wome,NA,October_2023,1.7177500128746033
Togo,Plateaux,TGO.4.8_2,Kloto,Wome,NA,November_2023,1.6520000100135803
Togo,Plateaux,TGO.4.8_2,Kloto,Wome,NA,December_2023,1.0892500281333923
Togo,Plateaux,TGO.4.8_2,Kloto,Yokele,NA,January_2023,0.7824000120162964
Togo,Plateaux,TGO.4.8_2,Kloto,Yokele,NA,February_2023,1.2561999797821044
Togo,Plateaux,TGO.4.8_2,Kloto,Yokele,NA,March_2023,1.7913999795913695
Togo,Plateaux,TGO.4.8_2,Kloto,Yokele,NA,April_2023,1.7534000158309937
Togo,Plateaux,TGO.4.8_2,Kloto,Yokele,NA,May_2023,1.8838000059127809
Togo,Plateaux,TGO.4.8_2,Kloto,Yokele,NA,June_2023,1.636400008201599
Togo,Plateaux,TGO.4.8_2,Kloto,Yokele,NA,July_2023,1.0629999876022338
Togo,Plateaux,TGO.4.8_2,Kloto,Yokele,NA,August_2023,0.9585999965667724
Togo,Plateaux,TGO.4.8_2,Kloto,Yokele,NA,September_2023,1.1394000053405762
Togo,Plateaux,TGO.4.8_2,Kloto,Yokele,NA,October_2023,1.6305999994277953
Togo,Plateaux,TGO.4.8_2,Kloto,Yokele,NA,November_2023,1.530199980735779
Togo,Plateaux,TGO.4.8_2,Kloto,Yokele,NA,December_2023,0.9978000044822692
Togo,Plateaux,TGO.4.9_2,Kpélé,Adeta,NA,January_2023,0.6976666847864786
Togo,Plateaux,TGO.4.9_2,Kpélé,Adeta,NA,February_2023,1.21233336130778
Togo,Plateaux,TGO.4.9_2,Kpélé,Adeta,NA,March_2023,1.7673333088556926
Togo,Plateaux,TGO.4.9_2,Kpélé,Adeta,NA,April_2023,1.7636666297912598
Togo,Plateaux,TGO.4.9_2,Kpélé,Adeta,NA,May_2023,1.8866666952768962
Togo,Plateaux,TGO.4.9_2,Kpélé,Adeta,NA,June_2023,1.3830000162124634
Togo,Plateaux,TGO.4.9_2,Kpélé,Adeta,NA,July_2023,1.0766666730244954
Togo,Plateaux,TGO.4.9_2,Kpélé,Adeta,NA,August_2023,0.9663333098093668
Togo,Plateaux,TGO.4.9_2,Kpélé,Adeta,NA,September_2023,1.1440000136693318
Togo,Plateaux,TGO.4.9_2,Kpélé,Adeta,NA,October_2023,1.6033333539962769
Togo,Plateaux,TGO.4.9_2,Kpélé,Adeta,NA,November_2023,1.446999986966451
Togo,Plateaux,TGO.4.9_2,Kpélé,Adeta,NA,December_2023,0.9089999993642172
Togo,Plateaux,TGO.4.9_2,Kpélé,Akata,NA,January_2023,0.708500012755394
Togo,Plateaux,TGO.4.9_2,Kpélé,Akata,NA,February_2023,1.2055000066757202
Togo,Plateaux,TGO.4.9_2,Kpélé,Akata,NA,March_2023,1.7649999856948853
Togo,Plateaux,TGO.4.9_2,Kpélé,Akata,NA,April_2023,1.7529999911785126
Togo,Plateaux,TGO.4.9_2,Kpélé,Akata,NA,May_2023,1.8722500205039978
Togo,Plateaux,TGO.4.9_2,Kpélé,Akata,NA,June_2023,1.4292500019073486
Togo,Plateaux,TGO.4.9_2,Kpélé,Akata,NA,July_2023,1.059249997138977
Togo,Plateaux,TGO.4.9_2,Kpélé,Akata,NA,August_2023,0.9479999840259552
Togo,Plateaux,TGO.4.9_2,Kpélé,Akata,NA,September_2023,1.1252500116825104
Togo,Plateaux,TGO.4.9_2,Kpélé,Akata,NA,October_2023,1.5817500054836273
Togo,Plateaux,TGO.4.9_2,Kpélé,Akata,NA,November_2023,1.4509999752044678
Togo,Plateaux,TGO.4.9_2,Kpélé,Akata,NA,December_2023,0.9197500050067902
Togo,Plateaux,TGO.4.9_2,Kpélé,Gbaladze,NA,January_2023,0.5490000247955322
Togo,Plateaux,TGO.4.9_2,Kpélé,Gbaladze,NA,February_2023,1.2039999961853027
Togo,Plateaux,TGO.4.9_2,Kpélé,Gbaladze,NA,March_2023,1.809000015258789
Togo,Plateaux,TGO.4.9_2,Kpélé,Gbaladze,NA,April_2023,1.7589999437332153
Togo,Plateaux,TGO.4.9_2,Kpélé,Gbaladze,NA,May_2023,1.8380000591278076
Togo,Plateaux,TGO.4.9_2,Kpélé,Gbaladze,NA,June_2023,1.2120000123977661
Togo,Plateaux,TGO.4.9_2,Kpélé,Gbaladze,NA,July_2023,1.0770000219345093
Togo,Plateaux,TGO.4.9_2,Kpélé,Gbaladze,NA,August_2023,0.9639999866485596
Togo,Plateaux,TGO.4.9_2,Kpélé,Gbaladze,NA,September_2023,1.1160000562667847
Togo,Plateaux,TGO.4.9_2,Kpélé,Gbaladze,NA,October_2023,1.5490000247955322
Togo,Plateaux,TGO.4.9_2,Kpélé,Gbaladze,NA,November_2023,1.4010000228881836
Togo,Plateaux,TGO.4.9_2,Kpélé,Gbaladze,NA,December_2023,0.8539999723434448
Togo,Plateaux,TGO.4.9_2,Kpélé,Govie,NA,January_2023,0.6612000107765198
Togo,Plateaux,TGO.4.9_2,Kpélé,Govie,NA,February_2023,1.2120000123977661
Togo,Plateaux,TGO.4.9_2,Kpélé,Govie,NA,March_2023,1.7947999954223632
Togo,Plateaux,TGO.4.9_2,Kpélé,Govie,NA,April_2023,1.7559999704360962
Togo,Plateaux,TGO.4.9_2,Kpélé,Govie,NA,May_2023,1.8594000339508057
Togo,Plateaux,TGO.4.9_2,Kpélé,Govie,NA,June_2023,1.3076000213623047
Togo,Plateaux,TGO.4.9_2,Kpélé,Govie,NA,July_2023,1.0666000127792359
Togo,Plateaux,TGO.4.9_2,Kpélé,Govie,NA,August_2023,0.9573999881744385
Togo,Plateaux,TGO.4.9_2,Kpélé,Govie,NA,September_2023,1.1242000102996825
Togo,Plateaux,TGO.4.9_2,Kpélé,Govie,NA,October_2023,1.5728000164031983
Togo,Plateaux,TGO.4.9_2,Kpélé,Govie,NA,November_2023,1.4323999881744385
Togo,Plateaux,TGO.4.9_2,Kpélé,Govie,NA,December_2023,0.8927999973297119
Togo,Plateaux,TGO.4.9_2,Kpélé,Kame,NA,January_2023,0.565333346525828
Togo,Plateaux,TGO.4.9_2,Kpélé,Kame,NA,February_2023,1.21833332379659
Togo,Plateaux,TGO.4.9_2,Kpélé,Kame,NA,March_2023,1.809666673342387
Togo,Plateaux,TGO.4.9_2,Kpélé,Kame,NA,April_2023,1.7736666599909465
Togo,Plateaux,TGO.4.9_2,Kpélé,Kame,NA,May_2023,1.8563333749771118
Togo,Plateaux,TGO.4.9_2,Kpélé,Kame,NA,June_2023,1.3516666491826375
Togo,Plateaux,TGO.4.9_2,Kpélé,Kame,NA,July_2023,1.0766666730244954
Togo,Plateaux,TGO.4.9_2,Kpélé,Kame,NA,August_2023,0.9736666480700175
Togo,Plateaux,TGO.4.9_2,Kpélé,Kame,NA,September_2023,1.124666690826416
Togo,Plateaux,TGO.4.9_2,Kpélé,Kame,NA,October_2023,1.4429999987284343
Togo,Plateaux,TGO.4.9_2,Kpélé,Kame,NA,November_2023,1.412333329518636
Togo,Plateaux,TGO.4.9_2,Kpélé,Kame,NA,December_2023,0.8716666499773661
Togo,Plateaux,TGO.4.9_2,Kpélé,Kpele-Centre,NA,January_2023,0.6119999885559082
Togo,Plateaux,TGO.4.9_2,Kpélé,Kpele-Centre,NA,February_2023,1.2549999952316284
Togo,Plateaux,TGO.4.9_2,Kpélé,Kpele-Centre,NA,March_2023,1.7649999856948853
Togo,Plateaux,TGO.4.9_2,Kpélé,Kpele-Centre,NA,April_2023,1.8040000200271606
Togo,Plateaux,TGO.4.9_2,Kpélé,Kpele-Centre,NA,May_2023,1.9270000457763672
Togo,Plateaux,TGO.4.9_2,Kpélé,Kpele-Centre,NA,June_2023,1.6679999828338623
Togo,Plateaux,TGO.4.9_2,Kpélé,Kpele-Centre,NA,July_2023,1.1160000562667847
Togo,Plateaux,TGO.4.9_2,Kpélé,Kpele-Centre,NA,August_2023,1.0169999599456787
Togo,Plateaux,TGO.4.9_2,Kpélé,Kpele-Centre,NA,September_2023,1.1829999685287476
Togo,Plateaux,TGO.4.9_2,Kpélé,Kpele-Centre,NA,October_2023,1.6349999904632568
Togo,Plateaux,TGO.4.9_2,Kpélé,Kpele-Centre,NA,November_2023,1.4539999961853027
Togo,Plateaux,TGO.4.9_2,Kpélé,Kpele-Centre,NA,December_2023,0.9259999990463257
Togo,Plateaux,TGO.4.9_2,Kpélé,Kpele-Dawlotou,NA,January_2023,0.7875000238418579
Togo,Plateaux,TGO.4.9_2,Kpélé,Kpele-Dawlotou,NA,February_2023,1.2699999809265137
Togo,Plateaux,TGO.4.9_2,Kpélé,Kpele-Dawlotou,NA,March_2023,1.7730000019073486
Togo,Plateaux,TGO.4.9_2,Kpélé,Kpele-Dawlotou,NA,April_2023,1.8115000128746033
Togo,Plateaux,TGO.4.9_2,Kpélé,Kpele-Dawlotou,NA,May_2023,1.9429999589920044
Togo,Plateaux,TGO.4.9_2,Kpélé,Kpele-Dawlotou,NA,June_2023,1.6994999647140503
Togo,Plateaux,TGO.4.9_2,Kpélé,Kpele-Dawlotou,NA,July_2023,1.112000048160553
Togo,Plateaux,TGO.4.9_2,Kpélé,Kpele-Dawlotou,NA,August_2023,0.9849999845027924
Togo,Plateaux,TGO.4.9_2,Kpélé,Kpele-Dawlotou,NA,September_2023,1.1869999766349792
Togo,Plateaux,TGO.4.9_2,Kpélé,Kpele-Dawlotou,NA,October_2023,1.6790000200271606
Togo,Plateaux,TGO.4.9_2,Kpélé,Kpele-Dawlotou,NA,November_2023,1.5164999961853027
Togo,Plateaux,TGO.4.9_2,Kpélé,Kpele-Dawlotou,NA,December_2023,0.9909999966621399
Togo,Plateaux,TGO.4.9_2,Kpélé,Kpele-Dutoe,NA,January_2023,0.5625000149011612
Togo,Plateaux,TGO.4.9_2,Kpélé,Kpele-Dutoe,NA,February_2023,1.2119999825954437
Togo,Plateaux,TGO.4.9_2,Kpélé,Kpele-Dutoe,NA,March_2023,1.80349999666214
Togo,Plateaux,TGO.4.9_2,Kpélé,Kpele-Dutoe,NA,April_2023,1.7759999930858612
Togo,Plateaux,TGO.4.9_2,Kpélé,Kpele-Dutoe,NA,May_2023,1.8632500171661377
Togo,Plateaux,TGO.4.9_2,Kpélé,Kpele-Dutoe,NA,June_2023,1.3267499804496765
Togo,Plateaux,TGO.4.9_2,Kpélé,Kpele-Dutoe,NA,July_2023,1.082749992609024
Togo,Plateaux,TGO.4.9_2,Kpélé,Kpele-Dutoe,NA,August_2023,0.9777499884366989
Togo,Plateaux,TGO.4.9_2,Kpélé,Kpele-Dutoe,NA,September_2023,1.1287500262260437
Togo,Plateaux,TGO.4.9_2,Kpélé,Kpele-Dutoe,NA,October_2023,1.47775000333786
Togo,Plateaux,TGO.4.9_2,Kpélé,Kpele-Dutoe,NA,November_2023,1.41075000166893
Togo,Plateaux,TGO.4.9_2,Kpélé,Kpele-Dutoe,NA,December_2023,0.8654999881982803
Togo,Plateaux,TGO.4.9_2,Kpélé,Kpele-Nord,NA,January_2023,0.5445000231266022
Togo,Plateaux,TGO.4.9_2,Kpélé,Kpele-Nord,NA,February_2023,1.1944999694824219
Togo,Plateaux,TGO.4.9_2,Kpélé,Kpele-Nord,NA,March_2023,1.8199999928474426
Togo,Plateaux,TGO.4.9_2,Kpélé,Kpele-Nord,NA,April_2023,1.7705000042915344
Togo,Plateaux,TGO.4.9_2,Kpélé,Kpele-Nord,NA,May_2023,1.843999981880188
Togo,Plateaux,TGO.4.9_2,Kpélé,Kpele-Nord,NA,June_2023,1.2134999632835388
Togo,Plateaux,TGO.4.9_2,Kpélé,Kpele-Nord,NA,July_2023,1.0689999461174011
Togo,Plateaux,TGO.4.9_2,Kpélé,Kpele-Nord,NA,August_2023,0.9650000035762787
Togo,Plateaux,TGO.4.9_2,Kpélé,Kpele-Nord,NA,September_2023,1.1080000400543213
Togo,Plateaux,TGO.4.9_2,Kpélé,Kpele-Nord,NA,October_2023,1.3634999990463257
Togo,Plateaux,TGO.4.9_2,Kpélé,Kpele-Nord,NA,November_2023,1.393999993801117
Togo,Plateaux,TGO.4.9_2,Kpélé,Kpele-Nord,NA,December_2023,0.8409999907016754
Togo,Plateaux,TGO.4.10_2,Moyen-Mono,Ahassome,NA,January_2023,0.8709999918937683
Togo,Plateaux,TGO.4.10_2,Moyen-Mono,Ahassome,NA,February_2023,1.125
Togo,Plateaux,TGO.4.10_2,Moyen-Mono,Ahassome,NA,March_2023,1.430999994277954
Togo,Plateaux,TGO.4.10_2,Moyen-Mono,Ahassome,NA,April_2023,2.121000051498413
Togo,Plateaux,TGO.4.10_2,Moyen-Mono,Ahassome,NA,May_2023,2.052000045776367
Togo,Plateaux,TGO.4.10_2,Moyen-Mono,Ahassome,NA,June_2023,2.0260000228881836
Togo,Plateaux,TGO.4.10_2,Moyen-Mono,Ahassome,NA,July_2023,1.746000051498413
Togo,Plateaux,TGO.4.10_2,Moyen-Mono,Ahassome,NA,August_2023,1.5579999685287476
Togo,Plateaux,TGO.4.10_2,Moyen-Mono,Ahassome,NA,September_2023,1.9140000343322754
Togo,Plateaux,TGO.4.10_2,Moyen-Mono,Ahassome,NA,October_2023,2.1010000705718994
Togo,Plateaux,TGO.4.10_2,Moyen-Mono,Ahassome,NA,November_2023,1.9479999542236328
Togo,Plateaux,TGO.4.10_2,Moyen-Mono,Ahassome,NA,December_2023,1.3550000190734863
Togo,Plateaux,TGO.4.10_2,Moyen-Mono,Katome,NA,January_2023,0.8320000171661377
Togo,Plateaux,TGO.4.10_2,Moyen-Mono,Katome,NA,February_2023,1.0634999871253967
Togo,Plateaux,TGO.4.10_2,Moyen-Mono,Katome,NA,March_2023,1.4004999995231628
Togo,Plateaux,TGO.4.10_2,Moyen-Mono,Katome,NA,April_2023,2.1510000228881836
Togo,Plateaux,TGO.4.10_2,Moyen-Mono,Katome,NA,May_2023,2.0714999437332153
Togo,Plateaux,TGO.4.10_2,Moyen-Mono,Katome,NA,June_2023,2.0260000228881836
Togo,Plateaux,TGO.4.10_2,Moyen-Mono,Katome,NA,July_2023,1.7540000081062317
Togo,Plateaux,TGO.4.10_2,Moyen-Mono,Katome,NA,August_2023,1.3960000276565552
Togo,Plateaux,TGO.4.10_2,Moyen-Mono,Katome,NA,September_2023,1.925499975681305
Togo,Plateaux,TGO.4.10_2,Moyen-Mono,Katome,NA,October_2023,2.062999963760376
Togo,Plateaux,TGO.4.10_2,Moyen-Mono,Katome,NA,November_2023,1.925499975681305
Togo,Plateaux,TGO.4.10_2,Moyen-Mono,Katome,NA,December_2023,1.2894999980926514
Togo,Plateaux,TGO.4.10_2,Moyen-Mono,Kpekpleme,NA,January_2023,0.8740000128746033
Togo,Plateaux,TGO.4.10_2,Moyen-Mono,Kpekpleme,NA,February_2023,1.1019999980926514
Togo,Plateaux,TGO.4.10_2,Moyen-Mono,Kpekpleme,NA,March_2023,1.434999942779541
Togo,Plateaux,TGO.4.10_2,Moyen-Mono,Kpekpleme,NA,April_2023,2.1410000324249268
Togo,Plateaux,TGO.4.10_2,Moyen-Mono,Kpekpleme,NA,May_2023,2.053999900817871
Togo,Plateaux,TGO.4.10_2,Moyen-Mono,Kpekpleme,NA,June_2023,2.0199999809265137
Togo,Plateaux,TGO.4.10_2,Moyen-Mono,Kpekpleme,NA,July_2023,1.7280000448226929
Togo,Plateaux,TGO.4.10_2,Moyen-Mono,Kpekpleme,NA,August_2023,1.1990000009536743
Togo,Plateaux,TGO.4.10_2,Moyen-Mono,Kpekpleme,NA,September_2023,1.8919999599456787
Togo,Plateaux,TGO.4.10_2,Moyen-Mono,Kpekpleme,NA,October_2023,2.0399999618530273
Togo,Plateaux,TGO.4.10_2,Moyen-Mono,Kpekpleme,NA,November_2023,1.930999994277954
Togo,Plateaux,TGO.4.10_2,Moyen-Mono,Kpekpleme,NA,December_2023,1.3259999752044678
Togo,Plateaux,TGO.4.10_2,Moyen-Mono,Saligbe,NA,January_2023,0.9089999794960022
Togo,Plateaux,TGO.4.10_2,Moyen-Mono,Saligbe,NA,February_2023,1.1480000019073486
Togo,Plateaux,TGO.4.10_2,Moyen-Mono,Saligbe,NA,March_2023,1.4459999799728394
Togo,Plateaux,TGO.4.10_2,Moyen-Mono,Saligbe,NA,April_2023,2.109999895095825
Togo,Plateaux,TGO.4.10_2,Moyen-Mono,Saligbe,NA,May_2023,1.9930000305175781
Togo,Plateaux,TGO.4.10_2,Moyen-Mono,Saligbe,NA,June_2023,1.937999963760376
Togo,Plateaux,TGO.4.10_2,Moyen-Mono,Saligbe,NA,July_2023,1.6699999570846558
Togo,Plateaux,TGO.4.10_2,Moyen-Mono,Saligbe,NA,August_2023,1.156000018119812
Togo,Plateaux,TGO.4.10_2,Moyen-Mono,Saligbe,NA,September_2023,1.8309999704360962
Togo,Plateaux,TGO.4.10_2,Moyen-Mono,Saligbe,NA,October_2023,2.0260000228881836
Togo,Plateaux,TGO.4.10_2,Moyen-Mono,Saligbe,NA,November_2023,1.937999963760376
Togo,Plateaux,TGO.4.10_2,Moyen-Mono,Saligbe,NA,December_2023,1.3680000305175781
Togo,Plateaux,TGO.4.10_2,Moyen-Mono,Tado,NA,January_2023,0.8894999921321869
Togo,Plateaux,TGO.4.10_2,Moyen-Mono,Tado,NA,February_2023,1.1512500047683716
Togo,Plateaux,TGO.4.10_2,Moyen-Mono,Tado,NA,March_2023,1.4415000081062317
Togo,Plateaux,TGO.4.10_2,Moyen-Mono,Tado,NA,April_2023,2.0987499952316284
Togo,Plateaux,TGO.4.10_2,Moyen-Mono,Tado,NA,May_2023,2.0160000324249268
Togo,Plateaux,TGO.4.10_2,Moyen-Mono,Tado,NA,June_2023,1.9710000157356262
Togo,Plateaux,TGO.4.10_2,Moyen-Mono,Tado,NA,July_2023,1.6850000023841858
Togo,Plateaux,TGO.4.10_2,Moyen-Mono,Tado,NA,August_2023,1.246749997138977
Togo,Plateaux,TGO.4.10_2,Moyen-Mono,Tado,NA,September_2023,1.8540000021457672
Togo,Plateaux,TGO.4.10_2,Moyen-Mono,Tado,NA,October_2023,2.0419999957084656
Togo,Plateaux,TGO.4.10_2,Moyen-Mono,Tado,NA,November_2023,1.9359999597072601
Togo,Plateaux,TGO.4.10_2,Moyen-Mono,Tado,NA,December_2023,1.3052500188350677
Togo,Plateaux,TGO.4.10_2,Moyen-Mono,Tohoun,NA,January_2023,0.9230000078678131
Togo,Plateaux,TGO.4.10_2,Moyen-Mono,Tohoun,NA,February_2023,1.2009999752044678
Togo,Plateaux,TGO.4.10_2,Moyen-Mono,Tohoun,NA,March_2023,1.4585000276565552
Togo,Plateaux,TGO.4.10_2,Moyen-Mono,Tohoun,NA,April_2023,2.072000026702881
Togo,Plateaux,TGO.4.10_2,Moyen-Mono,Tohoun,NA,May_2023,1.9904999732971191
Togo,Plateaux,TGO.4.10_2,Moyen-Mono,Tohoun,NA,June_2023,1.9240000247955322
Togo,Plateaux,TGO.4.10_2,Moyen-Mono,Tohoun,NA,July_2023,1.6230000257492065
Togo,Plateaux,TGO.4.10_2,Moyen-Mono,Tohoun,NA,August_2023,1.1040000319480896
Togo,Plateaux,TGO.4.10_2,Moyen-Mono,Tohoun,NA,September_2023,1.7785000205039978
Togo,Plateaux,TGO.4.10_2,Moyen-Mono,Tohoun,NA,October_2023,1.9774999618530273
Togo,Plateaux,TGO.4.10_2,Moyen-Mono,Tohoun,NA,November_2023,1.9399999976158142
Togo,Plateaux,TGO.4.10_2,Moyen-Mono,Tohoun,NA,December_2023,1.3759999871253967
Togo,Plateaux,TGO.4.11_2,Ogou,Akpare,NA,January_2023,0.7150000035762787
Togo,Plateaux,TGO.4.11_2,Ogou,Akpare,NA,February_2023,1.0870000123977661
Togo,Plateaux,TGO.4.11_2,Ogou,Akpare,NA,March_2023,1.4144999980926514
Togo,Plateaux,TGO.4.11_2,Ogou,Akpare,NA,April_2023,2.1924999952316284
Togo,Plateaux,TGO.4.11_2,Ogou,Akpare,NA,May_2023,2.0950000286102295
Togo,Plateaux,TGO.4.11_2,Ogou,Akpare,NA,June_2023,2.0705000162124634
Togo,Plateaux,TGO.4.11_2,Ogou,Akpare,NA,July_2023,1.8424999713897705
Togo,Plateaux,TGO.4.11_2,Ogou,Akpare,NA,August_2023,1.2890000343322754
Togo,Plateaux,TGO.4.11_2,Ogou,Akpare,NA,September_2023,1.9894999861717224
Togo,Plateaux,TGO.4.11_2,Ogou,Akpare,NA,October_2023,2.1200000047683716
Togo,Plateaux,TGO.4.11_2,Ogou,Akpare,NA,November_2023,1.7524999976158142
Togo,Plateaux,TGO.4.11_2,Ogou,Akpare,NA,December_2023,0.9735000133514404
Togo,Plateaux,TGO.4.11_2,Ogou,Datcha,NA,January_2023,0.7509999871253967
Togo,Plateaux,TGO.4.11_2,Ogou,Datcha,NA,February_2023,1.2089999914169312
Togo,Plateaux,TGO.4.11_2,Ogou,Datcha,NA,March_2023,1.6200000047683716
Togo,Plateaux,TGO.4.11_2,Ogou,Datcha,NA,April_2023,2
Togo,Plateaux,TGO.4.11_2,Ogou,Datcha,NA,May_2023,2.187999963760376
Togo,Plateaux,TGO.4.11_2,Ogou,Datcha,NA,June_2023,2.068000078201294
Togo,Plateaux,TGO.4.11_2,Ogou,Datcha,NA,July_2023,1.850000023841858
Togo,Plateaux,TGO.4.11_2,Ogou,Datcha,NA,August_2023,1.2769999504089355
Togo,Plateaux,TGO.4.11_2,Ogou,Datcha,NA,September_2023,1.5269999504089355
Togo,Plateaux,TGO.4.11_2,Ogou,Datcha,NA,October_2023,2.061000108718872
Togo,Plateaux,TGO.4.11_2,Ogou,Datcha,NA,November_2023,1.6640000343322754
Togo,Plateaux,TGO.4.11_2,Ogou,Datcha,NA,December_2023,0.996999979019165
Togo,Plateaux,TGO.4.11_2,Ogou,Glei,NA,January_2023,0.7754999995231628
Togo,Plateaux,TGO.4.11_2,Ogou,Glei,NA,February_2023,1.2260000109672546
Togo,Plateaux,TGO.4.11_2,Ogou,Glei,NA,March_2023,1.609250009059906
Togo,Plateaux,TGO.4.11_2,Ogou,Glei,NA,April_2023,2.081499993801117
Togo,Plateaux,TGO.4.11_2,Ogou,Glei,NA,May_2023,2.115749955177307
Togo,Plateaux,TGO.4.11_2,Ogou,Glei,NA,June_2023,2.0027500092983246
Togo,Plateaux,TGO.4.11_2,Ogou,Glei,NA,July_2023,1.5557500123977661
Togo,Plateaux,TGO.4.11_2,Ogou,Glei,NA,August_2023,1.2207500040531158
Togo,Plateaux,TGO.4.11_2,Ogou,Glei,NA,September_2023,1.5665000081062317
Togo,Plateaux,TGO.4.11_2,Ogou,Glei,NA,October_2023,2.0087499618530273
Togo,Plateaux,TGO.4.11_2,Ogou,Glei,NA,November_2023,1.6292499899864197
Togo,Plateaux,TGO.4.11_2,Ogou,Glei,NA,December_2023,1.0187499970197678
Togo,Plateaux,TGO.4.11_2,Ogou,Gnagna,NA,January_2023,0.6970000267028809
Togo,Plateaux,TGO.4.11_2,Ogou,Gnagna,NA,February_2023,1.190999984741211
Togo,Plateaux,TGO.4.11_2,Ogou,Gnagna,NA,March_2023,1.6339999437332153
Togo,Plateaux,TGO.4.11_2,Ogou,Gnagna,NA,April_2023,2.000999927520752
Togo,Plateaux,TGO.4.11_2,Ogou,Gnagna,NA,May_2023,2.196000099182129
Togo,Plateaux,TGO.4.11_2,Ogou,Gnagna,NA,June_2023,2.062000036239624
Togo,Plateaux,TGO.4.11_2,Ogou,Gnagna,NA,July_2023,1.8630000352859497
Togo,Plateaux,TGO.4.11_2,Ogou,Gnagna,NA,August_2023,1.2940000295639038
Togo,Plateaux,TGO.4.11_2,Ogou,Gnagna,NA,September_2023,1.5069999694824219
Togo,Plateaux,TGO.4.11_2,Ogou,Gnagna,NA,October_2023,2.0409998893737793
Togo,Plateaux,TGO.4.11_2,Ogou,Gnagna,NA,November_2023,1.6319999694824219
Togo,Plateaux,TGO.4.11_2,Ogou,Gnagna,NA,December_2023,0.9399999976158142
Togo,Plateaux,TGO.4.11_2,Ogou,Houdou,NA,January_2023,0.6277499794960022
Togo,Plateaux,TGO.4.11_2,Ogou,Houdou,NA,February_2023,1.1312499940395355
Togo,Plateaux,TGO.4.11_2,Ogou,Houdou,NA,March_2023,1.65625
Togo,Plateaux,TGO.4.11_2,Ogou,Houdou,NA,April_2023,2.221750020980835
Togo,Plateaux,TGO.4.11_2,Ogou,Houdou,NA,May_2023,2.2049999833106995
Togo,Plateaux,TGO.4.11_2,Ogou,Houdou,NA,June_2023,2.0517500042915344
Togo,Plateaux,TGO.4.11_2,Ogou,Houdou,NA,July_2023,1.6717500388622284
Togo,Plateaux,TGO.4.11_2,Ogou,Houdou,NA,August_2023,1.3172500431537628
Togo,Plateaux,TGO.4.11_2,Ogou,Houdou,NA,September_2023,1.4842499792575836
Togo,Plateaux,TGO.4.11_2,Ogou,Houdou,NA,October_2023,2.002750039100647
Togo,Plateaux,TGO.4.11_2,Ogou,Houdou,NA,November_2023,1.5609999895095825
Togo,Plateaux,TGO.4.11_2,Ogou,Houdou,NA,December_2023,0.8669999986886978
Togo,Plateaux,TGO.4.11_2,Ogou,Katore,NA,January_2023,0.7444999814033508
Togo,Plateaux,TGO.4.11_2,Ogou,Katore,NA,February_2023,1.0995000004768372
Togo,Plateaux,TGO.4.11_2,Ogou,Katore,NA,March_2023,1.4155000448226929
Togo,Plateaux,TGO.4.11_2,Ogou,Katore,NA,April_2023,2.1764999628067017
Togo,Plateaux,TGO.4.11_2,Ogou,Katore,NA,May_2023,2.0850000381469727
Togo,Plateaux,TGO.4.11_2,Ogou,Katore,NA,June_2023,2.0575000047683716
Togo,Plateaux,TGO.4.11_2,Ogou,Katore,NA,July_2023,1.8115000128746033
Togo,Plateaux,TGO.4.11_2,Ogou,Katore,NA,August_2023,1.2509999871253967
Togo,Plateaux,TGO.4.11_2,Ogou,Katore,NA,September_2023,1.9725000262260437
Togo,Plateaux,TGO.4.11_2,Ogou,Katore,NA,October_2023,2.0915000438690186
Togo,Plateaux,TGO.4.11_2,Ogou,Katore,NA,November_2023,1.756500005722046
Togo,Plateaux,TGO.4.11_2,Ogou,Katore,NA,December_2023,1.009499967098236
Togo,Plateaux,TGO.4.11_2,Ogou,Ogou,NA,January_2023,0.6779999732971191
Togo,Plateaux,TGO.4.11_2,Ogou,Ogou,NA,February_2023,1.1380000114440918
Togo,Plateaux,TGO.4.11_2,Ogou,Ogou,NA,March_2023,1.5850000381469727
Togo,Plateaux,TGO.4.11_2,Ogou,Ogou,NA,April_2023,2.3429999351501465
Togo,Plateaux,TGO.4.11_2,Ogou,Ogou,NA,May_2023,2.190000057220459
Togo,Plateaux,TGO.4.11_2,Ogou,Ogou,NA,June_2023,2.0810000896453857
Togo,Plateaux,TGO.4.11_2,Ogou,Ogou,NA,July_2023,1.9040000438690186
Togo,Plateaux,TGO.4.11_2,Ogou,Ogou,NA,August_2023,1.3350000381469727
Togo,Plateaux,TGO.4.11_2,Ogou,Ogou,NA,September_2023,1.5240000486373901
Togo,Plateaux,TGO.4.11_2,Ogou,Ogou,NA,October_2023,2.061000108718872
Togo,Plateaux,TGO.4.11_2,Ogou,Ogou,NA,November_2023,1.5950000286102295
Togo,Plateaux,TGO.4.11_2,Ogou,Ogou,NA,December_2023,0.8960000276565552
Togo,Plateaux,TGO.4.11_2,Ogou,Ountivou,NA,January_2023,0.7799999952316284
Togo,Plateaux,TGO.4.11_2,Ogou,Ountivou,NA,February_2023,1.0396000027656556
Togo,Plateaux,TGO.4.11_2,Ogou,Ountivou,NA,March_2023,1.351200008392334
Togo,Plateaux,TGO.4.11_2,Ogou,Ountivou,NA,April_2023,2.1631999969482423
Togo,Plateaux,TGO.4.11_2,Ogou,Ountivou,NA,May_2023,2.0924000263214113
Togo,Plateaux,TGO.4.11_2,Ogou,Ountivou,NA,June_2023,2.0606000423431396
Togo,Plateaux,TGO.4.11_2,Ogou,Ountivou,NA,July_2023,1.8130000114440918
Togo,Plateaux,TGO.4.11_2,Ogou,Ountivou,NA,August_2023,1.6308000087738037
Togo,Plateaux,TGO.4.11_2,Ogou,Ountivou,NA,September_2023,1.9898000001907348
Togo,Plateaux,TGO.4.11_2,Ogou,Ountivou,NA,October_2023,2.119799995422363
Togo,Plateaux,TGO.4.11_2,Ogou,Ountivou,NA,November_2023,1.9129999876022339
Togo,Plateaux,TGO.4.11_2,Ogou,Ountivou,NA,December_2023,1.245799994468689
Togo,Plateaux,TGO.4.12_2,Wawa,Badou,NA,January_2023,0.5389999747276306
Togo,Plateaux,TGO.4.12_2,Wawa,Badou,NA,February_2023,1.1299999952316284
Togo,Plateaux,TGO.4.12_2,Wawa,Badou,NA,March_2023,2.015000104904175
Togo,Plateaux,TGO.4.12_2,Wawa,Badou,NA,April_2023,1.781999945640564
Togo,Plateaux,TGO.4.12_2,Wawa,Badou,NA,May_2023,1.819000005722046
Togo,Plateaux,TGO.4.12_2,Wawa,Badou,NA,June_2023,1.1970000267028809
Togo,Plateaux,TGO.4.12_2,Wawa,Badou,NA,July_2023,1.0720000267028809
Togo,Plateaux,TGO.4.12_2,Wawa,Badou,NA,August_2023,0.9710000157356262
Togo,Plateaux,TGO.4.12_2,Wawa,Badou,NA,September_2023,1.0640000104904175
Togo,Plateaux,TGO.4.12_2,Wawa,Badou,NA,October_2023,1.5260000228881836
Togo,Plateaux,TGO.4.12_2,Wawa,Badou,NA,November_2023,1.440000057220459
Togo,Plateaux,TGO.4.12_2,Wawa,Badou,NA,December_2023,0.8220000267028809
Togo,Plateaux,TGO.4.12_2,Wawa,Doume,NA,January_2023,0.44175000488758087
Togo,Plateaux,TGO.4.12_2,Wawa,Doume,NA,February_2023,1.094999998807907
Togo,Plateaux,TGO.4.12_2,Wawa,Doume,NA,March_2023,1.6702499687671661
Togo,Plateaux,TGO.4.12_2,Wawa,Doume,NA,April_2023,1.7132500112056732
Togo,Plateaux,TGO.4.12_2,Wawa,Doume,NA,May_2023,1.710999995470047
Togo,Plateaux,TGO.4.12_2,Wawa,Doume,NA,June_2023,1.1225000023841858
Togo,Plateaux,TGO.4.12_2,Wawa,Doume,NA,July_2023,1.0099999606609344
Togo,Plateaux,TGO.4.12_2,Wawa,Doume,NA,August_2023,0.9007499814033508
Togo,Plateaux,TGO.4.12_2,Wawa,Doume,NA,September_2023,1.0162500143051147
Togo,Plateaux,TGO.4.12_2,Wawa,Doume,NA,October_2023,1.0787500143051147
Togo,Plateaux,TGO.4.12_2,Wawa,Doume,NA,November_2023,1.2515000104904175
Togo,Plateaux,TGO.4.12_2,Wawa,Doume,NA,December_2023,0.7152500152587891
Togo,Plateaux,TGO.4.12_2,Wawa,Gobe/Eketo/Gbadi N'Kugna,NA,January_2023,0.466499999165535
Togo,Plateaux,TGO.4.12_2,Wawa,Gobe/Eketo/Gbadi N'Kugna,NA,February_2023,1.1352500021457672
Togo,Plateaux,TGO.4.12_2,Wawa,Gobe/Eketo/Gbadi N'Kugna,NA,March_2023,1.665749967098236
Togo,Plateaux,TGO.4.12_2,Wawa,Gobe/Eketo/Gbadi N'Kugna,NA,April_2023,1.7107499837875366
Togo,Plateaux,TGO.4.12_2,Wawa,Gobe/Eketo/Gbadi N'Kugna,NA,May_2023,1.7249999940395355
Togo,Plateaux,TGO.4.12_2,Wawa,Gobe/Eketo/Gbadi N'Kugna,NA,June_2023,1.1334999799728394
Togo,Plateaux,TGO.4.12_2,Wawa,Gobe/Eketo/Gbadi N'Kugna,NA,July_2023,1.011000007390976
Togo,Plateaux,TGO.4.12_2,Wawa,Gobe/Eketo/Gbadi N'Kugna,NA,August_2023,0.9022499918937683
Togo,Plateaux,TGO.4.12_2,Wawa,Gobe/Eketo/Gbadi N'Kugna,NA,September_2023,1.0309999883174896
Togo,Plateaux,TGO.4.12_2,Wawa,Gobe/Eketo/Gbadi N'Kugna,NA,October_2023,1.0972500145435333
Togo,Plateaux,TGO.4.12_2,Wawa,Gobe/Eketo/Gbadi N'Kugna,NA,November_2023,1.2919999957084656
Togo,Plateaux,TGO.4.12_2,Wawa,Gobe/Eketo/Gbadi N'Kugna,NA,December_2023,0.7555000185966492
Togo,Plateaux,TGO.4.12_2,Wawa,Kessibo,NA,January_2023,0.5299999713897705
Togo,Plateaux,TGO.4.12_2,Wawa,Kessibo,NA,February_2023,1.1139999628067017
Togo,Plateaux,TGO.4.12_2,Wawa,Kessibo,NA,March_2023,2.0199999809265137
Togo,Plateaux,TGO.4.12_2,Wawa,Kessibo,NA,April_2023,1.8200000524520874
Togo,Plateaux,TGO.4.12_2,Wawa,Kessibo,NA,May_2023,1.850000023841858
Togo,Plateaux,TGO.4.12_2,Wawa,Kessibo,NA,June_2023,1.2239999771118164
Togo,Plateaux,TGO.4.12_2,Wawa,Kessibo,NA,July_2023,1.0809999704360962
Togo,Plateaux,TGO.4.12_2,Wawa,Kessibo,NA,August_2023,0.9829999804496765
Togo,Plateaux,TGO.4.12_2,Wawa,Kessibo,NA,September_2023,1.0880000591278076
Togo,Plateaux,TGO.4.12_2,Wawa,Kessibo,NA,October_2023,1.5520000457763672
Togo,Plateaux,TGO.4.12_2,Wawa,Kessibo,NA,November_2023,1.4500000476837158
Togo,Plateaux,TGO.4.12_2,Wawa,Kessibo,NA,December_2023,0.8389999866485596
Togo,Plateaux,TGO.4.12_2,Wawa,Klabe Efoukpa,NA,January_2023,0.42900000512599945
Togo,Plateaux,TGO.4.12_2,Wawa,Klabe Efoukpa,NA,February_2023,1.0694999694824219
Togo,Plateaux,TGO.4.12_2,Wawa,Klabe Efoukpa,NA,March_2023,1.665999948978424
Togo,Plateaux,TGO.4.12_2,Wawa,Klabe Efoukpa,NA,April_2023,1.7275000214576721
Togo,Plateaux,TGO.4.12_2,Wawa,Klabe Efoukpa,NA,May_2023,1.7269999980926514
Togo,Plateaux,TGO.4.12_2,Wawa,Klabe Efoukpa,NA,June_2023,1.131500005722046
Togo,Plateaux,TGO.4.12_2,Wawa,Klabe Efoukpa,NA,July_2023,1.019499957561493
Togo,Plateaux,TGO.4.12_2,Wawa,Klabe Efoukpa,NA,August_2023,0.9089999794960022
Togo,Plateaux,TGO.4.12_2,Wawa,Klabe Efoukpa,NA,September_2023,1.0235000252723694
Togo,Plateaux,TGO.4.12_2,Wawa,Klabe Efoukpa,NA,October_2023,1.0789999961853027
Togo,Plateaux,TGO.4.12_2,Wawa,Klabe Efoukpa,NA,November_2023,1.2480000257492065
Togo,Plateaux,TGO.4.12_2,Wawa,Klabe Efoukpa,NA,December_2023,0.7025000154972076
Togo,Plateaux,TGO.4.12_2,Wawa,Kpete Bena,NA,January_2023,0.562250018119812
Togo,Plateaux,TGO.4.12_2,Wawa,Kpete Bena,NA,February_2023,1.1812500059604645
Togo,Plateaux,TGO.4.12_2,Wawa,Kpete Bena,NA,March_2023,1.8972500264644623
Togo,Plateaux,TGO.4.12_2,Wawa,Kpete Bena,NA,April_2023,1.7865000069141388
Togo,Plateaux,TGO.4.12_2,Wawa,Kpete Bena,NA,May_2023,1.832250028848648
Togo,Plateaux,TGO.4.12_2,Wawa,Kpete Bena,NA,June_2023,1.4022500216960907
Togo,Plateaux,TGO.4.12_2,Wawa,Kpete Bena,NA,July_2023,1.0764999687671661
Togo,Plateaux,TGO.4.12_2,Wawa,Kpete Bena,NA,August_2023,0.974250003695488
Togo,Plateaux,TGO.4.12_2,Wawa,Kpete Bena,NA,September_2023,1.094999998807907
Togo,Plateaux,TGO.4.12_2,Wawa,Kpete Bena,NA,October_2023,1.5687499940395355
Togo,Plateaux,TGO.4.12_2,Wawa,Kpete Bena,NA,November_2023,1.5309999883174896
Togo,Plateaux,TGO.4.12_2,Wawa,Kpete Bena,NA,December_2023,0.8777499943971634
Togo,Plateaux,TGO.4.12_2,Wawa,Okou,NA,January_2023,0.46700000762939453
Togo,Plateaux,TGO.4.12_2,Wawa,Okou,NA,February_2023,1.0989999771118164
Togo,Plateaux,TGO.4.12_2,Wawa,Okou,NA,March_2023,1.909000039100647
Togo,Plateaux,TGO.4.12_2,Wawa,Okou,NA,April_2023,1.8459999561309814
Togo,Plateaux,TGO.4.12_2,Wawa,Okou,NA,May_2023,1.8580000400543213
Togo,Plateaux,TGO.4.12_2,Wawa,Okou,NA,June_2023,1.2309999465942383
Togo,Plateaux,TGO.4.12_2,Wawa,Okou,NA,July_2023,1.1260000467300415
Togo,Plateaux,TGO.4.12_2,Wawa,Okou,NA,August_2023,1.0089999437332153
Togo,Plateaux,TGO.4.12_2,Wawa,Okou,NA,September_2023,1.1160000562667847
Togo,Plateaux,TGO.4.12_2,Wawa,Okou,NA,October_2023,1.1790000200271606
Togo,Plateaux,TGO.4.12_2,Wawa,Okou,NA,November_2023,1.3020000457763672
Togo,Plateaux,TGO.4.12_2,Wawa,Okou,NA,December_2023,0.7319999933242798
Togo,Plateaux,TGO.4.12_2,Wawa,Ounabe,NA,January_2023,0.49400000274181366
Togo,Plateaux,TGO.4.12_2,Wawa,Ounabe,NA,February_2023,1.1365000009536743
Togo,Plateaux,TGO.4.12_2,Wawa,Ounabe,NA,March_2023,1.874750018119812
Togo,Plateaux,TGO.4.12_2,Wawa,Ounabe,NA,April_2023,1.8474999964237213
Togo,Plateaux,TGO.4.12_2,Wawa,Ounabe,NA,May_2023,1.8899999856948853
Togo,Plateaux,TGO.4.12_2,Wawa,Ounabe,NA,June_2023,1.2647499740123749
Togo,Plateaux,TGO.4.12_2,Wawa,Ounabe,NA,July_2023,1.1457499861717224
Togo,Plateaux,TGO.4.12_2,Wawa,Ounabe,NA,August_2023,1.0234999805688858
Togo,Plateaux,TGO.4.12_2,Wawa,Ounabe,NA,September_2023,1.1540000140666962
Togo,Plateaux,TGO.4.12_2,Wawa,Ounabe,NA,October_2023,1.2072499990463257
Togo,Plateaux,TGO.4.12_2,Wawa,Ounabe,NA,November_2023,1.3367500305175781
Togo,Plateaux,TGO.4.12_2,Wawa,Ounabe,NA,December_2023,0.762499988079071
Togo,Plateaux,TGO.4.12_2,Wawa,Tomegbe,NA,January_2023,0.550000011920929
Togo,Plateaux,TGO.4.12_2,Wawa,Tomegbe,NA,February_2023,1.1449999809265137
Togo,Plateaux,TGO.4.12_2,Wawa,Tomegbe,NA,March_2023,1.7209999561309814
Togo,Plateaux,TGO.4.12_2,Wawa,Tomegbe,NA,April_2023,1.7549999952316284
Togo,Plateaux,TGO.4.12_2,Wawa,Tomegbe,NA,May_2023,1.7660000324249268
Togo,Plateaux,TGO.4.12_2,Wawa,Tomegbe,NA,June_2023,1.1740000247955322
Togo,Plateaux,TGO.4.12_2,Wawa,Tomegbe,NA,July_2023,1.027999997138977
Togo,Plateaux,TGO.4.12_2,Wawa,Tomegbe,NA,August_2023,0.9350000023841858
Togo,Plateaux,TGO.4.12_2,Wawa,Tomegbe,NA,September_2023,1.0529999732971191
Togo,Plateaux,TGO.4.12_2,Wawa,Tomegbe,NA,October_2023,1.4819999933242798
Togo,Plateaux,TGO.4.12_2,Wawa,Tomegbe,NA,November_2023,1.4249999523162842
Togo,Plateaux,TGO.4.12_2,Wawa,Tomegbe,NA,December_2023,0.8159999847412109
Togo,Savanes,TGO.5.1_2,Cinkassé,Biankouri,NA,January_2023,0.5810000002384186
Togo,Savanes,TGO.5.1_2,Cinkassé,Biankouri,NA,February_2023,0.7129999995231628
Togo,Savanes,TGO.5.1_2,Cinkassé,Biankouri,NA,March_2023,0
Togo,Savanes,TGO.5.1_2,Cinkassé,Biankouri,NA,April_2023,1.0720000118017197
Togo,Savanes,TGO.5.1_2,Cinkassé,Biankouri,NA,May_2023,2.3975000381469727
Togo,Savanes,TGO.5.1_2,Cinkassé,Biankouri,NA,June_2023,3.719249963760376
Togo,Savanes,TGO.5.1_2,Cinkassé,Biankouri,NA,July_2023,3.599500000476837
Togo,Savanes,TGO.5.1_2,Cinkassé,Biankouri,NA,August_2023,3.6927499771118164
Togo,Savanes,TGO.5.1_2,Cinkassé,Biankouri,NA,September_2023,3.618250012397766
Togo,Savanes,TGO.5.1_2,Cinkassé,Biankouri,NA,October_2023,3.494499981403351
Togo,Savanes,TGO.5.1_2,Cinkassé,Biankouri,NA,November_2023,1.4932500123977661
Togo,Savanes,TGO.5.1_2,Cinkassé,Biankouri,NA,December_2023,0.8240000009536743
Togo,Savanes,TGO.5.1_2,Cinkassé,Boade,NA,January_2023,0.5839999914169312
Togo,Savanes,TGO.5.1_2,Cinkassé,Boade,NA,February_2023,0.7089999914169312
Togo,Savanes,TGO.5.1_2,Cinkassé,Boade,NA,March_2023,0
Togo,Savanes,TGO.5.1_2,Cinkassé,Boade,NA,April_2023,0.9869999885559082
Togo,Savanes,TGO.5.1_2,Cinkassé,Boade,NA,May_2023,2.318000078201294
Togo,Savanes,TGO.5.1_2,Cinkassé,Boade,NA,June_2023,3.7330000400543213
Togo,Savanes,TGO.5.1_2,Cinkassé,Boade,NA,July_2023,3.6470000743865967
Togo,Savanes,TGO.5.1_2,Cinkassé,Boade,NA,August_2023,3.7339999675750732
Togo,Savanes,TGO.5.1_2,Cinkassé,Boade,NA,September_2023,3.6510000228881836
Togo,Savanes,TGO.5.1_2,Cinkassé,Boade,NA,October_2023,3.48799991607666
Togo,Savanes,TGO.5.1_2,Cinkassé,Boade,NA,November_2023,1.4880000352859497
Togo,Savanes,TGO.5.1_2,Cinkassé,Boade,NA,December_2023,0.8259999752044678
Togo,Savanes,TGO.5.1_2,Cinkassé,Cinkasse,NA,January_2023,0.5839999914169312
Togo,Savanes,TGO.5.1_2,Cinkassé,Cinkasse,NA,February_2023,0.7089999914169312
Togo,Savanes,TGO.5.1_2,Cinkassé,Cinkasse,NA,March_2023,0
Togo,Savanes,TGO.5.1_2,Cinkassé,Cinkasse,NA,April_2023,0.9869999885559082
Togo,Savanes,TGO.5.1_2,Cinkassé,Cinkasse,NA,May_2023,2.318000078201294
Togo,Savanes,TGO.5.1_2,Cinkassé,Cinkasse,NA,June_2023,3.7330000400543213
Togo,Savanes,TGO.5.1_2,Cinkassé,Cinkasse,NA,July_2023,3.6470000743865967
Togo,Savanes,TGO.5.1_2,Cinkassé,Cinkasse,NA,August_2023,3.7339999675750732
Togo,Savanes,TGO.5.1_2,Cinkassé,Cinkasse,NA,September_2023,3.6510000228881836
Togo,Savanes,TGO.5.1_2,Cinkassé,Cinkasse,NA,October_2023,3.48799991607666
Togo,Savanes,TGO.5.1_2,Cinkassé,Cinkasse,NA,November_2023,1.4880000352859497
Togo,Savanes,TGO.5.1_2,Cinkassé,Cinkasse,NA,December_2023,0.8259999752044678
Togo,Savanes,TGO.5.1_2,Cinkassé,Gnoaga,NA,January_2023,NA
Togo,Savanes,TGO.5.1_2,Cinkassé,Gnoaga,NA,February_2023,NA
Togo,Savanes,TGO.5.1_2,Cinkassé,Gnoaga,NA,March_2023,NA
Togo,Savanes,TGO.5.1_2,Cinkassé,Gnoaga,NA,April_2023,NA
Togo,Savanes,TGO.5.1_2,Cinkassé,Gnoaga,NA,May_2023,NA
Togo,Savanes,TGO.5.1_2,Cinkassé,Gnoaga,NA,June_2023,NA
Togo,Savanes,TGO.5.1_2,Cinkassé,Gnoaga,NA,July_2023,NA
Togo,Savanes,TGO.5.1_2,Cinkassé,Gnoaga,NA,August_2023,NA
Togo,Savanes,TGO.5.1_2,Cinkassé,Gnoaga,NA,September_2023,NA
Togo,Savanes,TGO.5.1_2,Cinkassé,Gnoaga,NA,October_2023,NA
Togo,Savanes,TGO.5.1_2,Cinkassé,Gnoaga,NA,November_2023,NA
Togo,Savanes,TGO.5.1_2,Cinkassé,Gnoaga,NA,December_2023,NA
Togo,Savanes,TGO.5.1_2,Cinkassé,Gouloungoussi,NA,January_2023,NA
Togo,Savanes,TGO.5.1_2,Cinkassé,Gouloungoussi,NA,February_2023,NA
Togo,Savanes,TGO.5.1_2,Cinkassé,Gouloungoussi,NA,March_2023,NA
Togo,Savanes,TGO.5.1_2,Cinkassé,Gouloungoussi,NA,April_2023,NA
Togo,Savanes,TGO.5.1_2,Cinkassé,Gouloungoussi,NA,May_2023,NA
Togo,Savanes,TGO.5.1_2,Cinkassé,Gouloungoussi,NA,June_2023,NA
Togo,Savanes,TGO.5.1_2,Cinkassé,Gouloungoussi,NA,July_2023,NA
Togo,Savanes,TGO.5.1_2,Cinkassé,Gouloungoussi,NA,August_2023,NA
Togo,Savanes,TGO.5.1_2,Cinkassé,Gouloungoussi,NA,September_2023,NA
Togo,Savanes,TGO.5.1_2,Cinkassé,Gouloungoussi,NA,October_2023,NA
Togo,Savanes,TGO.5.1_2,Cinkassé,Gouloungoussi,NA,November_2023,NA
Togo,Savanes,TGO.5.1_2,Cinkassé,Gouloungoussi,NA,December_2023,NA
Togo,Savanes,TGO.5.1_2,Cinkassé,Nadjoundi,NA,January_2023,0.5849999785423279
Togo,Savanes,TGO.5.1_2,Cinkassé,Nadjoundi,NA,February_2023,0.7260000109672546
Togo,Savanes,TGO.5.1_2,Cinkassé,Nadjoundi,NA,March_2023,0
Togo,Savanes,TGO.5.1_2,Cinkassé,Nadjoundi,NA,April_2023,1.1410000324249268
Togo,Savanes,TGO.5.1_2,Cinkassé,Nadjoundi,NA,May_2023,2.4579999446868896
Togo,Savanes,TGO.5.1_2,Cinkassé,Nadjoundi,NA,June_2023,3.7090001106262207
Togo,Savanes,TGO.5.1_2,Cinkassé,Nadjoundi,NA,July_2023,3.5450000762939453
Togo,Savanes,TGO.5.1_2,Cinkassé,Nadjoundi,NA,August_2023,3.6589999198913574
Togo,Savanes,TGO.5.1_2,Cinkassé,Nadjoundi,NA,September_2023,3.5929999351501465
Togo,Savanes,TGO.5.1_2,Cinkassé,Nadjoundi,NA,October_2023,3.50600004196167
Togo,Savanes,TGO.5.1_2,Cinkassé,Nadjoundi,NA,November_2023,1.5119999647140503
Togo,Savanes,TGO.5.1_2,Cinkassé,Nadjoundi,NA,December_2023,0.8289999961853027
Togo,Savanes,TGO.5.1_2,Cinkassé,Sam-Naba,NA,January_2023,0.5857499986886978
Togo,Savanes,TGO.5.1_2,Cinkassé,Sam-Naba,NA,February_2023,0.7222499996423721
Togo,Savanes,TGO.5.1_2,Cinkassé,Sam-Naba,NA,March_2023,0
Togo,Savanes,TGO.5.1_2,Cinkassé,Sam-Naba,NA,April_2023,1.0472500175237656
Togo,Savanes,TGO.5.1_2,Cinkassé,Sam-Naba,NA,May_2023,2.3895000219345093
Togo,Savanes,TGO.5.1_2,Cinkassé,Sam-Naba,NA,June_2023,3.7365000247955322
Togo,Savanes,TGO.5.1_2,Cinkassé,Sam-Naba,NA,July_2023,3.59975004196167
Togo,Savanes,TGO.5.1_2,Cinkassé,Sam-Naba,NA,August_2023,3.722000002861023
Togo,Savanes,TGO.5.1_2,Cinkassé,Sam-Naba,NA,September_2023,3.6602500081062317
Togo,Savanes,TGO.5.1_2,Cinkassé,Sam-Naba,NA,October_2023,3.5164999961853027
Togo,Savanes,TGO.5.1_2,Cinkassé,Sam-Naba,NA,November_2023,1.507999986410141
Togo,Savanes,TGO.5.1_2,Cinkassé,Sam-Naba,NA,December_2023,0.8292500078678131
Togo,Savanes,TGO.5.1_2,Cinkassé,Timbou,NA,January_2023,0.5720000267028809
Togo,Savanes,TGO.5.1_2,Cinkassé,Timbou,NA,February_2023,0.7129999995231628
Togo,Savanes,TGO.5.1_2,Cinkassé,Timbou,NA,March_2023,0
Togo,Savanes,TGO.5.1_2,Cinkassé,Timbou,NA,April_2023,1.1490000486373901
Togo,Savanes,TGO.5.1_2,Cinkassé,Timbou,NA,May_2023,2.4570000171661377
Togo,Savanes,TGO.5.1_2,Cinkassé,Timbou,NA,June_2023,3.690999984741211
Togo,Savanes,TGO.5.1_2,Cinkassé,Timbou,NA,July_2023,3.5490000247955322
Togo,Savanes,TGO.5.1_2,Cinkassé,Timbou,NA,August_2023,3.6559998989105225
Togo,Savanes,TGO.5.1_2,Cinkassé,Timbou,NA,September_2023,3.5850000381469727
Togo,Savanes,TGO.5.1_2,Cinkassé,Timbou,NA,October_2023,3.4749999046325684
Togo,Savanes,TGO.5.1_2,Cinkassé,Timbou,NA,November_2023,1.4900000095367432
Togo,Savanes,TGO.5.1_2,Cinkassé,Timbou,NA,December_2023,0.8130000233650208
Togo,Savanes,TGO.5.2_2,Kpendjal,Borgou,NA,January_2023,0.6167999982833863
Togo,Savanes,TGO.5.2_2,Kpendjal,Borgou,NA,February_2023,0.721999990940094
Togo,Savanes,TGO.5.2_2,Kpendjal,Borgou,NA,March_2023,0
Togo,Savanes,TGO.5.2_2,Kpendjal,Borgou,NA,April_2023,1.189800000190735
Togo,Savanes,TGO.5.2_2,Kpendjal,Borgou,NA,May_2023,2.186400032043457
Togo,Savanes,TGO.5.2_2,Kpendjal,Borgou,NA,June_2023,3.686399984359741
Togo,Savanes,TGO.5.2_2,Kpendjal,Borgou,NA,July_2023,3.6501999855041505
Togo,Savanes,TGO.5.2_2,Kpendjal,Borgou,NA,August_2023,3.792199993133545
Togo,Savanes,TGO.5.2_2,Kpendjal,Borgou,NA,September_2023,3.8001999855041504
Togo,Savanes,TGO.5.2_2,Kpendjal,Borgou,NA,October_2023,3.3181999206542967
Togo,Savanes,TGO.5.2_2,Kpendjal,Borgou,NA,November_2023,1.6285999774932862
Togo,Savanes,TGO.5.2_2,Kpendjal,Borgou,NA,December_2023,0.921399986743927
Togo,Savanes,TGO.5.2_2,Kpendjal,Koundjoare,NA,January_2023,0.6054999828338623
Togo,Savanes,TGO.5.2_2,Kpendjal,Koundjoare,NA,February_2023,0.6739999949932098
Togo,Savanes,TGO.5.2_2,Kpendjal,Koundjoare,NA,March_2023,0
Togo,Savanes,TGO.5.2_2,Kpendjal,Koundjoare,NA,April_2023,1.0410000085830688
Togo,Savanes,TGO.5.2_2,Kpendjal,Koundjoare,NA,May_2023,2.1054999828338623
Togo,Savanes,TGO.5.2_2,Kpendjal,Koundjoare,NA,June_2023,3.7330000400543213
Togo,Savanes,TGO.5.2_2,Kpendjal,Koundjoare,NA,July_2023,3.6994999647140503
Togo,Savanes,TGO.5.2_2,Kpendjal,Koundjoare,NA,August_2023,3.9049999713897705
Togo,Savanes,TGO.5.2_2,Kpendjal,Koundjoare,NA,September_2023,3.905500054359436
Togo,Savanes,TGO.5.2_2,Kpendjal,Koundjoare,NA,October_2023,3.770500063896179
Togo,Savanes,TGO.5.2_2,Kpendjal,Koundjoare,NA,November_2023,1.612500011920929
Togo,Savanes,TGO.5.2_2,Kpendjal,Koundjoare,NA,December_2023,0.8564999997615814
Togo,Savanes,TGO.5.2_2,Kpendjal,Mandouri,NA,January_2023,0.6310000121593475
Togo,Savanes,TGO.5.2_2,Kpendjal,Mandouri,NA,February_2023,0.7355000078678131
Togo,Savanes,TGO.5.2_2,Kpendjal,Mandouri,NA,March_2023,0
Togo,Savanes,TGO.5.2_2,Kpendjal,Mandouri,NA,April_2023,1.1114999651908875
Togo,Savanes,TGO.5.2_2,Kpendjal,Mandouri,NA,May_2023,2.0169999599456787
Togo,Savanes,TGO.5.2_2,Kpendjal,Mandouri,NA,June_2023,3.728500008583069
Togo,Savanes,TGO.5.2_2,Kpendjal,Mandouri,NA,July_2023,4.008999824523926
Togo,Savanes,TGO.5.2_2,Kpendjal,Mandouri,NA,August_2023,3.937999963760376
Togo,Savanes,TGO.5.2_2,Kpendjal,Mandouri,NA,September_2023,3.962000012397766
Togo,Savanes,TGO.5.2_2,Kpendjal,Mandouri,NA,October_2023,3.6165000200271606
Togo,Savanes,TGO.5.2_2,Kpendjal,Mandouri,NA,November_2023,1.5975000262260437
Togo,Savanes,TGO.5.2_2,Kpendjal,Mandouri,NA,December_2023,1.0270000100135803
Togo,Savanes,TGO.5.2_2,Kpendjal,Tambigou,NA,January_2023,0.6119999885559082
Togo,Savanes,TGO.5.2_2,Kpendjal,Tambigou,NA,February_2023,0.6850000023841858
Togo,Savanes,TGO.5.2_2,Kpendjal,Tambigou,NA,March_2023,0
Togo,Savanes,TGO.5.2_2,Kpendjal,Tambigou,NA,April_2023,1.2769999504089355
Togo,Savanes,TGO.5.2_2,Kpendjal,Tambigou,NA,May_2023,2.063999891281128
Togo,Savanes,TGO.5.2_2,Kpendjal,Tambigou,NA,June_2023,3.6730000972747803
Togo,Savanes,TGO.5.2_2,Kpendjal,Tambigou,NA,July_2023,3.63700008392334
Togo,Savanes,TGO.5.2_2,Kpendjal,Tambigou,NA,August_2023,3.802000045776367
Togo,Savanes,TGO.5.2_2,Kpendjal,Tambigou,NA,September_2023,3.8289999961853027
Togo,Savanes,TGO.5.2_2,Kpendjal,Tambigou,NA,October_2023,3.3429999351501465
Togo,Savanes,TGO.5.2_2,Kpendjal,Tambigou,NA,November_2023,1.5880000591278076
Togo,Savanes,TGO.5.2_2,Kpendjal,Tambigou,NA,December_2023,1.003999948501587
Togo,Savanes,TGO.5.3_2,Naki-Ouest,Kpendjaga / Papri,NA,January_2023,0.5989999771118164
Togo,Savanes,TGO.5.3_2,Naki-Ouest,Kpendjaga / Papri,NA,February_2023,0.7390000224113464
Togo,Savanes,TGO.5.3_2,Naki-Ouest,Kpendjaga / Papri,NA,March_2023,0
Togo,Savanes,TGO.5.3_2,Naki-Ouest,Kpendjaga / Papri,NA,April_2023,1.0089999437332153
Togo,Savanes,TGO.5.3_2,Naki-Ouest,Kpendjaga / Papri,NA,May_2023,2.3529999256134033
Togo,Savanes,TGO.5.3_2,Naki-Ouest,Kpendjaga / Papri,NA,June_2023,3.7939999103546143
Togo,Savanes,TGO.5.3_2,Naki-Ouest,Kpendjaga / Papri,NA,July_2023,3.6689999103546143
Togo,Savanes,TGO.5.3_2,Naki-Ouest,Kpendjaga / Papri,NA,August_2023,3.8259999752044678
Togo,Savanes,TGO.5.3_2,Naki-Ouest,Kpendjaga / Papri,NA,September_2023,3.7890000343322754
Togo,Savanes,TGO.5.3_2,Naki-Ouest,Kpendjaga / Papri,NA,October_2023,3.6760001182556152
Togo,Savanes,TGO.5.3_2,Naki-Ouest,Kpendjaga / Papri,NA,November_2023,1.6100000143051147
Togo,Savanes,TGO.5.3_2,Naki-Ouest,Kpendjaga / Papri,NA,December_2023,0.847000002861023
Togo,Savanes,TGO.5.3_2,Naki-Ouest,Naki-Est,NA,January_2023,0.6019999980926514
Togo,Savanes,TGO.5.3_2,Naki-Ouest,Naki-Est,NA,February_2023,0.7105000019073486
Togo,Savanes,TGO.5.3_2,Naki-Ouest,Naki-Est,NA,March_2023,0
Togo,Savanes,TGO.5.3_2,Naki-Ouest,Naki-Est,NA,April_2023,1.308500051498413
Togo,Savanes,TGO.5.3_2,Naki-Ouest,Naki-Est,NA,May_2023,2.5144999027252197
Togo,Savanes,TGO.5.3_2,Naki-Ouest,Naki-Est,NA,June_2023,3.6890000104904175
Togo,Savanes,TGO.5.3_2,Naki-Ouest,Naki-Est,NA,July_2023,3.587000012397766
Togo,Savanes,TGO.5.3_2,Naki-Ouest,Naki-Est,NA,August_2023,3.6644999980926514
Togo,Savanes,TGO.5.3_2,Naki-Ouest,Naki-Est,NA,September_2023,3.6269999742507935
Togo,Savanes,TGO.5.3_2,Naki-Ouest,Naki-Est,NA,October_2023,3.1815000772476196
Togo,Savanes,TGO.5.3_2,Naki-Ouest,Naki-Est,NA,November_2023,1.5889999866485596
Togo,Savanes,TGO.5.3_2,Naki-Ouest,Naki-Est,NA,December_2023,0.8440000116825104
Togo,Savanes,TGO.5.3_2,Naki-Ouest,Namoundjoga,NA,January_2023,0.6089999973773956
Togo,Savanes,TGO.5.3_2,Naki-Ouest,Namoundjoga,NA,February_2023,0.7204999923706055
Togo,Savanes,TGO.5.3_2,Naki-Ouest,Namoundjoga,NA,March_2023,0
Togo,Savanes,TGO.5.3_2,Naki-Ouest,Namoundjoga,NA,April_2023,1.090499997138977
Togo,Savanes,TGO.5.3_2,Naki-Ouest,Namoundjoga,NA,May_2023,2.3499999046325684
Togo,Savanes,TGO.5.3_2,Naki-Ouest,Namoundjoga,NA,June_2023,3.7290000915527344
Togo,Savanes,TGO.5.3_2,Naki-Ouest,Namoundjoga,NA,July_2023,3.5959999561309814
Togo,Savanes,TGO.5.3_2,Naki-Ouest,Namoundjoga,NA,August_2023,3.759500026702881
Togo,Savanes,TGO.5.3_2,Naki-Ouest,Namoundjoga,NA,September_2023,3.7200000286102295
Togo,Savanes,TGO.5.3_2,Naki-Ouest,Namoundjoga,NA,October_2023,3.6915000677108765
Togo,Savanes,TGO.5.3_2,Naki-Ouest,Namoundjoga,NA,November_2023,1.6504999995231628
Togo,Savanes,TGO.5.3_2,Naki-Ouest,Namoundjoga,NA,December_2023,0.8664999902248383
Togo,Savanes,TGO.5.3_2,Naki-Ouest,Nayega,NA,January_2023,0.6019999980926514
Togo,Savanes,TGO.5.3_2,Naki-Ouest,Nayega,NA,February_2023,0.7105000019073486
Togo,Savanes,TGO.5.3_2,Naki-Ouest,Nayega,NA,March_2023,0
Togo,Savanes,TGO.5.3_2,Naki-Ouest,Nayega,NA,April_2023,1.308500051498413
Togo,Savanes,TGO.5.3_2,Naki-Ouest,Nayega,NA,May_2023,2.5144999027252197
Togo,Savanes,TGO.5.3_2,Naki-Ouest,Nayega,NA,June_2023,3.6890000104904175
Togo,Savanes,TGO.5.3_2,Naki-Ouest,Nayega,NA,July_2023,3.587000012397766
Togo,Savanes,TGO.5.3_2,Naki-Ouest,Nayega,NA,August_2023,3.6644999980926514
Togo,Savanes,TGO.5.3_2,Naki-Ouest,Nayega,NA,September_2023,3.6269999742507935
Togo,Savanes,TGO.5.3_2,Naki-Ouest,Nayega,NA,October_2023,3.1815000772476196
Togo,Savanes,TGO.5.3_2,Naki-Ouest,Nayega,NA,November_2023,1.5889999866485596
Togo,Savanes,TGO.5.3_2,Naki-Ouest,Nayega,NA,December_2023,0.8440000116825104
Togo,Savanes,TGO.5.3_2,Naki-Ouest,Ogaro,NA,January_2023,0.6079999804496765
Togo,Savanes,TGO.5.3_2,Naki-Ouest,Ogaro,NA,February_2023,0.6800000071525574
Togo,Savanes,TGO.5.3_2,Naki-Ouest,Ogaro,NA,March_2023,0
Togo,Savanes,TGO.5.3_2,Naki-Ouest,Ogaro,NA,April_2023,1.1390000581741333
Togo,Savanes,TGO.5.3_2,Naki-Ouest,Ogaro,NA,May_2023,2.318000078201294
Togo,Savanes,TGO.5.3_2,Naki-Ouest,Ogaro,NA,June_2023,3.697000026702881
Togo,Savanes,TGO.5.3_2,Naki-Ouest,Ogaro,NA,July_2023,3.6070001125335693
Togo,Savanes,TGO.5.3_2,Naki-Ouest,Ogaro,NA,August_2023,3.7709999084472656
Togo,Savanes,TGO.5.3_2,Naki-Ouest,Ogaro,NA,September_2023,3.740000009536743
Togo,Savanes,TGO.5.3_2,Naki-Ouest,Ogaro,NA,October_2023,3.2679998874664307
Togo,Savanes,TGO.5.3_2,Naki-Ouest,Ogaro,NA,November_2023,1.6549999713897705
Togo,Savanes,TGO.5.3_2,Naki-Ouest,Ogaro,NA,December_2023,0.8619999885559082
Togo,Savanes,TGO.5.3_2,Naki-Ouest,Pogno,NA,January_2023,0.6069999933242798
Togo,Savanes,TGO.5.3_2,Naki-Ouest,Pogno,NA,February_2023,0.7490000128746033
Togo,Savanes,TGO.5.3_2,Naki-Ouest,Pogno,NA,March_2023,0
Togo,Savanes,TGO.5.3_2,Naki-Ouest,Pogno,NA,April_2023,0.9200000166893005
Togo,Savanes,TGO.5.3_2,Naki-Ouest,Pogno,NA,May_2023,2.2669999599456787
Togo,Savanes,TGO.5.3_2,Naki-Ouest,Pogno,NA,June_2023,3.813999891281128
Togo,Savanes,TGO.5.3_2,Naki-Ouest,Pogno,NA,July_2023,3.7079999446868896
Togo,Savanes,TGO.5.3_2,Naki-Ouest,Pogno,NA,August_2023,3.880000114440918
Togo,Savanes,TGO.5.3_2,Naki-Ouest,Pogno,NA,September_2023,3.875999927520752
Togo,Savanes,TGO.5.3_2,Naki-Ouest,Pogno,NA,October_2023,3.7709999084472656
Togo,Savanes,TGO.5.3_2,Naki-Ouest,Pogno,NA,November_2023,1.680999994277954
Togo,Savanes,TGO.5.3_2,Naki-Ouest,Pogno,NA,December_2023,0.8659999966621399
Togo,Savanes,TGO.5.3_2,Naki-Ouest,Tambonga,NA,January_2023,0.6059999912977219
Togo,Savanes,TGO.5.3_2,Naki-Ouest,Tambonga,NA,February_2023,0.7322500050067902
Togo,Savanes,TGO.5.3_2,Naki-Ouest,Tambonga,NA,March_2023,0
Togo,Savanes,TGO.5.3_2,Naki-Ouest,Tambonga,NA,April_2023,1.0274999886751175
Togo,Savanes,TGO.5.3_2,Naki-Ouest,Tambonga,NA,May_2023,2.3299999237060547
Togo,Savanes,TGO.5.3_2,Naki-Ouest,Tambonga,NA,June_2023,3.7664999961853027
Togo,Savanes,TGO.5.3_2,Naki-Ouest,Tambonga,NA,July_2023,3.6422499418258667
Togo,Savanes,TGO.5.3_2,Naki-Ouest,Tambonga,NA,August_2023,3.806250035762787
Togo,Savanes,TGO.5.3_2,Naki-Ouest,Tambonga,NA,September_2023,3.7762500047683716
Togo,Savanes,TGO.5.3_2,Naki-Ouest,Tambonga,NA,October_2023,3.7075000405311584
Togo,Savanes,TGO.5.3_2,Naki-Ouest,Tambonga,NA,November_2023,1.6480000019073486
Togo,Savanes,TGO.5.3_2,Naki-Ouest,Tambonga,NA,December_2023,0.8614999949932098
Togo,Savanes,TGO.5.4_2,Oti,Barkoissi,NA,January_2023,0.6460000077883402
Togo,Savanes,TGO.5.4_2,Oti,Barkoissi,NA,February_2023,0.6839999953905741
Togo,Savanes,TGO.5.4_2,Oti,Barkoissi,NA,March_2023,0
Togo,Savanes,TGO.5.4_2,Oti,Barkoissi,NA,April_2023,1.4819999933242798
Togo,Savanes,TGO.5.4_2,Oti,Barkoissi,NA,May_2023,2.868333419164022
Togo,Savanes,TGO.5.4_2,Oti,Barkoissi,NA,June_2023,3.7009999752044678
Togo,Savanes,TGO.5.4_2,Oti,Barkoissi,NA,July_2023,3.571000019709269
Togo,Savanes,TGO.5.4_2,Oti,Barkoissi,NA,August_2023,3.640999952952067
Togo,Savanes,TGO.5.4_2,Oti,Barkoissi,NA,September_2023,3.6183332602183023
Togo,Savanes,TGO.5.4_2,Oti,Barkoissi,NA,October_2023,3.237666686375936
Togo,Savanes,TGO.5.4_2,Oti,Barkoissi,NA,November_2023,1.6119999885559082
Togo,Savanes,TGO.5.4_2,Oti,Barkoissi,NA,December_2023,0.8609999815622965
Togo,Savanes,TGO.5.4_2,Oti,Fare,NA,January_2023,0.6770000159740448
Togo,Savanes,TGO.5.4_2,Oti,Fare,NA,February_2023,0.6890000104904175
Togo,Savanes,TGO.5.4_2,Oti,Fare,NA,March_2023,0
Togo,Savanes,TGO.5.4_2,Oti,Fare,NA,April_2023,1.9425000548362732
Togo,Savanes,TGO.5.4_2,Oti,Fare,NA,May_2023,2.759999990463257
Togo,Savanes,TGO.5.4_2,Oti,Fare,NA,June_2023,3.5575000047683716
Togo,Savanes,TGO.5.4_2,Oti,Fare,NA,July_2023,3.3760000467300415
Togo,Savanes,TGO.5.4_2,Oti,Fare,NA,August_2023,3.3595000505447388
Togo,Savanes,TGO.5.4_2,Oti,Fare,NA,September_2023,3.374500036239624
Togo,Savanes,TGO.5.4_2,Oti,Fare,NA,October_2023,3.1950000524520874
Togo,Savanes,TGO.5.4_2,Oti,Fare,NA,November_2023,1.690500020980835
Togo,Savanes,TGO.5.4_2,Oti,Fare,NA,December_2023,0.8410000205039978
Togo,Savanes,TGO.5.4_2,Oti,Galangashie,NA,January_2023,0.7200000137090683
Togo,Savanes,TGO.5.4_2,Oti,Galangashie,NA,February_2023,0.6579999923706055
Togo,Savanes,TGO.5.4_2,Oti,Galangashie,NA,March_2023,0
Togo,Savanes,TGO.5.4_2,Oti,Galangashie,NA,April_2023,1.523250013589859
Togo,Savanes,TGO.5.4_2,Oti,Galangashie,NA,May_2023,2.9220000505447388
Togo,Savanes,TGO.5.4_2,Oti,Galangashie,NA,June_2023,3.684249997138977
Togo,Savanes,TGO.5.4_2,Oti,Galangashie,NA,July_2023,3.5544999837875366
Togo,Savanes,TGO.5.4_2,Oti,Galangashie,NA,August_2023,3.6079999804496765
Togo,Savanes,TGO.5.4_2,Oti,Galangashie,NA,September_2023,3.6332499980926514
Togo,Savanes,TGO.5.4_2,Oti,Galangashie,NA,October_2023,3.2644999623298645
Togo,Savanes,TGO.5.4_2,Oti,Galangashie,NA,November_2023,1.631250023841858
Togo,Savanes,TGO.5.4_2,Oti,Galangashie,NA,December_2023,0.8642499893903732
Togo,Savanes,TGO.5.4_2,Oti,Loko,NA,January_2023,0.6417999982833862
Togo,Savanes,TGO.5.4_2,Oti,Loko,NA,February_2023,0.6857999920845032
Togo,Savanes,TGO.5.4_2,Oti,Loko,NA,March_2023,0
Togo,Savanes,TGO.5.4_2,Oti,Loko,NA,April_2023,1.5988000154495239
Togo,Savanes,TGO.5.4_2,Oti,Loko,NA,May_2023,2.863800048828125
Togo,Savanes,TGO.5.4_2,Oti,Loko,NA,June_2023,3.669199991226196
Togo,Savanes,TGO.5.4_2,Oti,Loko,NA,July_2023,3.5061999797821044
Togo,Savanes,TGO.5.4_2,Oti,Loko,NA,August_2023,3.549399995803833
Togo,Savanes,TGO.5.4_2,Oti,Loko,NA,September_2023,3.5311999797821043
Togo,Savanes,TGO.5.4_2,Oti,Loko,NA,October_2023,3.161199998855591
Togo,Savanes,TGO.5.4_2,Oti,Loko,NA,November_2023,1.5847999811172486
Togo,Savanes,TGO.5.4_2,Oti,Loko,NA,December_2023,0.8485999941825867
Togo,Savanes,TGO.5.4_2,Oti,Mango,NA,January_2023,0.6959999998410543
Togo,Savanes,TGO.5.4_2,Oti,Mango,NA,February_2023,0.6630000074704488
Togo,Savanes,TGO.5.4_2,Oti,Mango,NA,March_2023,0
Togo,Savanes,TGO.5.4_2,Oti,Mango,NA,April_2023,1.6516666809717815
Togo,Savanes,TGO.5.4_2,Oti,Mango,NA,May_2023,2.869666655858358
Togo,Savanes,TGO.5.4_2,Oti,Mango,NA,June_2023,3.643333355585734
Togo,Savanes,TGO.5.4_2,Oti,Mango,NA,July_2023,3.5193333625793457
Togo,Savanes,TGO.5.4_2,Oti,Mango,NA,August_2023,3.562333345413208
Togo,Savanes,TGO.5.4_2,Oti,Mango,NA,September_2023,3.5889999866485596
Togo,Savanes,TGO.5.4_2,Oti,Mango,NA,October_2023,3.297000010808309
Togo,Savanes,TGO.5.4_2,Oti,Mango,NA,November_2023,1.6666666666666667
Togo,Savanes,TGO.5.4_2,Oti,Mango,NA,December_2023,0.8476666609446207
Togo,Savanes,TGO.5.4_2,Oti,Nagbeni,NA,January_2023,0.6100000143051147
Togo,Savanes,TGO.5.4_2,Oti,Nagbeni,NA,February_2023,0.6930000185966492
Togo,Savanes,TGO.5.4_2,Oti,Nagbeni,NA,March_2023,0
Togo,Savanes,TGO.5.4_2,Oti,Nagbeni,NA,April_2023,1.4179999828338623
Togo,Savanes,TGO.5.4_2,Oti,Nagbeni,NA,May_2023,2.7160000801086426
Togo,Savanes,TGO.5.4_2,Oti,Nagbeni,NA,June_2023,3.7079999446868896
Togo,Savanes,TGO.5.4_2,Oti,Nagbeni,NA,July_2023,3.617000102996826
Togo,Savanes,TGO.5.4_2,Oti,Nagbeni,NA,August_2023,3.691999912261963
Togo,Savanes,TGO.5.4_2,Oti,Nagbeni,NA,September_2023,3.6689999103546143
Togo,Savanes,TGO.5.4_2,Oti,Nagbeni,NA,October_2023,3.2760000228881836
Togo,Savanes,TGO.5.4_2,Oti,Nagbeni,NA,November_2023,1.6269999742507935
Togo,Savanes,TGO.5.4_2,Oti,Nagbeni,NA,December_2023,0.8619999885559082
Togo,Savanes,TGO.5.4_2,Oti,Sadori,NA,January_2023,0.6850000023841858
Togo,Savanes,TGO.5.4_2,Oti,Sadori,NA,February_2023,0.6790000200271606
Togo,Savanes,TGO.5.4_2,Oti,Sadori,NA,March_2023,0
Togo,Savanes,TGO.5.4_2,Oti,Sadori,NA,April_2023,1.8530000448226929
Togo,Savanes,TGO.5.4_2,Oti,Sadori,NA,May_2023,2.760999917984009
Togo,Savanes,TGO.5.4_2,Oti,Sadori,NA,June_2023,3.5929999351501465
Togo,Savanes,TGO.5.4_2,Oti,Sadori,NA,July_2023,3.434000015258789
Togo,Savanes,TGO.5.4_2,Oti,Sadori,NA,August_2023,3.4260001182556152
Togo,Savanes,TGO.5.4_2,Oti,Sadori,NA,September_2023,3.4560000896453857
Togo,Savanes,TGO.5.4_2,Oti,Sadori,NA,October_2023,3.239000082015991
Togo,Savanes,TGO.5.4_2,Oti,Sadori,NA,November_2023,1.7039999961853027
Togo,Savanes,TGO.5.4_2,Oti,Sadori,NA,December_2023,0.8460000157356262
Togo,Savanes,TGO.5.4_2,Oti,Tchanaga,NA,January_2023,0.7316666642824808
Togo,Savanes,TGO.5.4_2,Oti,Tchanaga,NA,February_2023,0.6800000071525574
Togo,Savanes,TGO.5.4_2,Oti,Tchanaga,NA,March_2023,0
Togo,Savanes,TGO.5.4_2,Oti,Tchanaga,NA,April_2023,1.3346666892369587
Togo,Savanes,TGO.5.4_2,Oti,Tchanaga,NA,May_2023,2.497999986012777
Togo,Savanes,TGO.5.4_2,Oti,Tchanaga,NA,June_2023,3.685000022252401
Togo,Savanes,TGO.5.4_2,Oti,Tchanaga,NA,July_2023,3.5873332818349204
Togo,Savanes,TGO.5.4_2,Oti,Tchanaga,NA,August_2023,3.675000031789144
Togo,Savanes,TGO.5.4_2,Oti,Tchanaga,NA,September_2023,3.698333263397217
Togo,Savanes,TGO.5.4_2,Oti,Tchanaga,NA,October_2023,3.315333286921183
Togo,Savanes,TGO.5.4_2,Oti,Tchanaga,NA,November_2023,1.6486666599909465
Togo,Savanes,TGO.5.4_2,Oti,Tchanaga,NA,December_2023,0.9670000274976095
Togo,Savanes,TGO.5.5_2,Oti-Sud,Gando,NA,January_2023,0.6446666518847147
Togo,Savanes,TGO.5.5_2,Oti-Sud,Gando,NA,February_2023,0.7059999903043112
Togo,Savanes,TGO.5.5_2,Oti-Sud,Gando,NA,March_2023,0
Togo,Savanes,TGO.5.5_2,Oti-Sud,Gando,NA,April_2023,2.2123332818349204
Togo,Savanes,TGO.5.5_2,Oti-Sud,Gando,NA,May_2023,2.7986666361490884
Togo,Savanes,TGO.5.5_2,Oti-Sud,Gando,NA,June_2023,3.508000055948893
Togo,Savanes,TGO.5.5_2,Oti-Sud,Gando,NA,July_2023,3.297999938329061
Togo,Savanes,TGO.5.5_2,Oti-Sud,Gando,NA,August_2023,3.258000055948893
Togo,Savanes,TGO.5.5_2,Oti-Sud,Gando,NA,September_2023,3.2856667041778564
Togo,Savanes,TGO.5.5_2,Oti-Sud,Gando,NA,October_2023,3.115666627883911
Togo,Savanes,TGO.5.5_2,Oti-Sud,Gando,NA,November_2023,1.6306666533152263
Togo,Savanes,TGO.5.5_2,Oti-Sud,Gando,NA,December_2023,0.8203333218892416
Togo,Savanes,TGO.5.5_2,Oti-Sud,Koumongou,NA,January_2023,0.6809999942779541
Togo,Savanes,TGO.5.5_2,Oti-Sud,Koumongou,NA,February_2023,0.6840000152587891
Togo,Savanes,TGO.5.5_2,Oti-Sud,Koumongou,NA,March_2023,0
Togo,Savanes,TGO.5.5_2,Oti-Sud,Koumongou,NA,April_2023,1.909999966621399
Togo,Savanes,TGO.5.5_2,Oti-Sud,Koumongou,NA,May_2023,2.7200000286102295
Togo,Savanes,TGO.5.5_2,Oti-Sud,Koumongou,NA,June_2023,3.562999963760376
Togo,Savanes,TGO.5.5_2,Oti-Sud,Koumongou,NA,July_2023,3.377000093460083
Togo,Savanes,TGO.5.5_2,Oti-Sud,Koumongou,NA,August_2023,3.4070000648498535
Togo,Savanes,TGO.5.5_2,Oti-Sud,Koumongou,NA,September_2023,3.3929998874664307
Togo,Savanes,TGO.5.5_2,Oti-Sud,Koumongou,NA,October_2023,3.2139999866485596
Togo,Savanes,TGO.5.5_2,Oti-Sud,Koumongou,NA,November_2023,1.6979999542236328
Togo,Savanes,TGO.5.5_2,Oti-Sud,Koumongou,NA,December_2023,0.8370000123977661
Togo,Savanes,TGO.5.5_2,Oti-Sud,Kountoire,NA,January_2023,0.656000018119812
Togo,Savanes,TGO.5.5_2,Oti-Sud,Kountoire,NA,February_2023,0.7089999914169312
Togo,Savanes,TGO.5.5_2,Oti-Sud,Kountoire,NA,March_2023,0
Togo,Savanes,TGO.5.5_2,Oti-Sud,Kountoire,NA,April_2023,2.2090001106262207
Togo,Savanes,TGO.5.5_2,Oti-Sud,Kountoire,NA,May_2023,2.812999963760376
Togo,Savanes,TGO.5.5_2,Oti-Sud,Kountoire,NA,June_2023,3.4690001010894775
Togo,Savanes,TGO.5.5_2,Oti-Sud,Kountoire,NA,July_2023,3.2730000019073486
Togo,Savanes,TGO.5.5_2,Oti-Sud,Kountoire,NA,August_2023,3.2009999752044678
Togo,Savanes,TGO.5.5_2,Oti-Sud,Kountoire,NA,September_2023,3.2660000324249268
Togo,Savanes,TGO.5.5_2,Oti-Sud,Kountoire,NA,October_2023,3.119999885559082
Togo,Savanes,TGO.5.5_2,Oti-Sud,Kountoire,NA,November_2023,1.659000039100647
Togo,Savanes,TGO.5.5_2,Oti-Sud,Kountoire,NA,December_2023,0.8119999766349792
Togo,Savanes,TGO.5.5_2,Oti-Sud,Mogou,NA,January_2023,0.7010000149408976
Togo,Savanes,TGO.5.5_2,Oti-Sud,Mogou,NA,February_2023,0.6550000111262003
Togo,Savanes,TGO.5.5_2,Oti-Sud,Mogou,NA,March_2023,0
Togo,Savanes,TGO.5.5_2,Oti-Sud,Mogou,NA,April_2023,1.591333309809367
Togo,Savanes,TGO.5.5_2,Oti-Sud,Mogou,NA,May_2023,2.6076667308807373
Togo,Savanes,TGO.5.5_2,Oti-Sud,Mogou,NA,June_2023,3.616666634877523
Togo,Savanes,TGO.5.5_2,Oti-Sud,Mogou,NA,July_2023,3.5233333110809326
Togo,Savanes,TGO.5.5_2,Oti-Sud,Mogou,NA,August_2023,3.5823334058125815
Togo,Savanes,TGO.5.5_2,Oti-Sud,Mogou,NA,September_2023,3.6070000330607095
Togo,Savanes,TGO.5.5_2,Oti-Sud,Mogou,NA,October_2023,3.302000045776367
Togo,Savanes,TGO.5.5_2,Oti-Sud,Mogou,NA,November_2023,1.625333348910014
Togo,Savanes,TGO.5.5_2,Oti-Sud,Mogou,NA,December_2023,0.943666676680247
Togo,Savanes,TGO.5.5_2,Oti-Sud,Nali,NA,January_2023,0.6596666773160299
Togo,Savanes,TGO.5.5_2,Oti-Sud,Nali,NA,February_2023,0.7056666811307272
Togo,Savanes,TGO.5.5_2,Oti-Sud,Nali,NA,March_2023,0
Togo,Savanes,TGO.5.5_2,Oti-Sud,Nali,NA,April_2023,2.1520000298817954
Togo,Savanes,TGO.5.5_2,Oti-Sud,Nali,NA,May_2023,2.7910000483194985
Togo,Savanes,TGO.5.5_2,Oti-Sud,Nali,NA,June_2023,3.508000055948893
Togo,Savanes,TGO.5.5_2,Oti-Sud,Nali,NA,July_2023,3.2983333269755044
Togo,Savanes,TGO.5.5_2,Oti-Sud,Nali,NA,August_2023,3.2540000279744468
Togo,Savanes,TGO.5.5_2,Oti-Sud,Nali,NA,September_2023,3.269333283106486
Togo,Savanes,TGO.5.5_2,Oti-Sud,Nali,NA,October_2023,3.1483333110809326
Togo,Savanes,TGO.5.5_2,Oti-Sud,Nali,NA,November_2023,1.6846667130788167
Togo,Savanes,TGO.5.5_2,Oti-Sud,Nali,NA,December_2023,0.8283333579699198
Togo,Savanes,TGO.5.5_2,Oti-Sud,Sagbiebou,NA,January_2023,0.6763333280881246
Togo,Savanes,TGO.5.5_2,Oti-Sud,Sagbiebou,NA,February_2023,0.6996666590372721
Togo,Savanes,TGO.5.5_2,Oti-Sud,Sagbiebou,NA,March_2023,0
Togo,Savanes,TGO.5.5_2,Oti-Sud,Sagbiebou,NA,April_2023,2.040333310763041
Togo,Savanes,TGO.5.5_2,Oti-Sud,Sagbiebou,NA,May_2023,2.750666697820028
Togo,Savanes,TGO.5.5_2,Oti-Sud,Sagbiebou,NA,June_2023,3.5289999643961587
Togo,Savanes,TGO.5.5_2,Oti-Sud,Sagbiebou,NA,July_2023,3.366666634877523
Togo,Savanes,TGO.5.5_2,Oti-Sud,Sagbiebou,NA,August_2023,3.3546666304270425
Togo,Savanes,TGO.5.5_2,Oti-Sud,Sagbiebou,NA,September_2023,3.384666681289673
Togo,Savanes,TGO.5.5_2,Oti-Sud,Sagbiebou,NA,October_2023,3.205333391825358
Togo,Savanes,TGO.5.5_2,Oti-Sud,Sagbiebou,NA,November_2023,1.6663333574930828
Togo,Savanes,TGO.5.5_2,Oti-Sud,Sagbiebou,NA,December_2023,0.8266666531562805
Togo,Savanes,TGO.5.5_2,Oti-Sud,Takpamba,NA,January_2023,0.6430000066757202
Togo,Savanes,TGO.5.5_2,Oti-Sud,Takpamba,NA,February_2023,0.7249999940395355
Togo,Savanes,TGO.5.5_2,Oti-Sud,Takpamba,NA,March_2023,0.09749999642372131
Togo,Savanes,TGO.5.5_2,Oti-Sud,Takpamba,NA,April_2023,2.4350000619888306
Togo,Savanes,TGO.5.5_2,Oti-Sud,Takpamba,NA,May_2023,2.8634999990463257
Togo,Savanes,TGO.5.5_2,Oti-Sud,Takpamba,NA,June_2023,3.4144999980926514
Togo,Savanes,TGO.5.5_2,Oti-Sud,Takpamba,NA,July_2023,3.1600000858306885
Togo,Savanes,TGO.5.5_2,Oti-Sud,Takpamba,NA,August_2023,3.055000066757202
Togo,Savanes,TGO.5.5_2,Oti-Sud,Takpamba,NA,September_2023,3.087499976158142
Togo,Savanes,TGO.5.5_2,Oti-Sud,Takpamba,NA,October_2023,3.0454999208450317
Togo,Savanes,TGO.5.5_2,Oti-Sud,Takpamba,NA,November_2023,1.555999994277954
Togo,Savanes,TGO.5.5_2,Oti-Sud,Takpamba,NA,December_2023,0.80799999833107
Togo,Savanes,TGO.5.5_2,Oti-Sud,Tchamonga,NA,January_2023,0.7246666749318441
Togo,Savanes,TGO.5.5_2,Oti-Sud,Tchamonga,NA,February_2023,0.6636666655540466
Togo,Savanes,TGO.5.5_2,Oti-Sud,Tchamonga,NA,March_2023,0
Togo,Savanes,TGO.5.5_2,Oti-Sud,Tchamonga,NA,April_2023,1.4103333552678425
Togo,Savanes,TGO.5.5_2,Oti-Sud,Tchamonga,NA,May_2023,2.2753333250681558
Togo,Savanes,TGO.5.5_2,Oti-Sud,Tchamonga,NA,June_2023,3.6423332691192627
Togo,Savanes,TGO.5.5_2,Oti-Sud,Tchamonga,NA,July_2023,3.572000026702881
Togo,Savanes,TGO.5.5_2,Oti-Sud,Tchamonga,NA,August_2023,3.674333333969116
Togo,Savanes,TGO.5.5_2,Oti-Sud,Tchamonga,NA,September_2023,3.7119999726613364
Togo,Savanes,TGO.5.5_2,Oti-Sud,Tchamonga,NA,October_2023,3.3163333733876548
Togo,Savanes,TGO.5.5_2,Oti-Sud,Tchamonga,NA,November_2023,1.5980000098546345
Togo,Savanes,TGO.5.5_2,Oti-Sud,Tchamonga,NA,December_2023,1.0040000081062317
Togo,Savanes,TGO.5.6_2,Tandjouaré,Bagou,NA,January_2023,0.5430000027020773
Togo,Savanes,TGO.5.6_2,Tandjouaré,Bagou,NA,February_2023,0.7073333263397217
Togo,Savanes,TGO.5.6_2,Tandjouaré,Bagou,NA,March_2023,0
Togo,Savanes,TGO.5.6_2,Tandjouaré,Bagou,NA,April_2023,1.8453332980473836
Togo,Savanes,TGO.5.6_2,Tandjouaré,Bagou,NA,May_2023,2.7660000324249268
Togo,Savanes,TGO.5.6_2,Tandjouaré,Bagou,NA,June_2023,3.603333314259847
Togo,Savanes,TGO.5.6_2,Tandjouaré,Bagou,NA,July_2023,3.377000013987223
Togo,Savanes,TGO.5.6_2,Tandjouaré,Bagou,NA,August_2023,3.3400000731150308
Togo,Savanes,TGO.5.6_2,Tandjouaré,Bagou,NA,September_2023,3.2829999923706055
Togo,Savanes,TGO.5.6_2,Tandjouaré,Bagou,NA,October_2023,2.9649999936421714
Togo,Savanes,TGO.5.6_2,Tandjouaré,Bagou,NA,November_2023,1.4826666514078777
Togo,Savanes,TGO.5.6_2,Tandjouaré,Bagou,NA,December_2023,0.7833333214124044
Togo,Savanes,TGO.5.6_2,Tandjouaré,Bogou,NA,January_2023,0.5870000123977661
Togo,Savanes,TGO.5.6_2,Tandjouaré,Bogou,NA,February_2023,0.7179999947547913
Togo,Savanes,TGO.5.6_2,Tandjouaré,Bogou,NA,March_2023,0
Togo,Savanes,TGO.5.6_2,Tandjouaré,Bogou,NA,April_2023,1.649999976158142
Togo,Savanes,TGO.5.6_2,Tandjouaré,Bogou,NA,May_2023,2.752000093460083
Togo,Savanes,TGO.5.6_2,Tandjouaré,Bogou,NA,June_2023,3.6649999618530273
Togo,Savanes,TGO.5.6_2,Tandjouaré,Bogou,NA,July_2023,3.510999917984009
Togo,Savanes,TGO.5.6_2,Tandjouaré,Bogou,NA,August_2023,3.5230000019073486
Togo,Savanes,TGO.5.6_2,Tandjouaré,Bogou,NA,September_2023,3.486999988555908
Togo,Savanes,TGO.5.6_2,Tandjouaré,Bogou,NA,October_2023,3.1059999465942383
Togo,Savanes,TGO.5.6_2,Tandjouaré,Bogou,NA,November_2023,1.5509999990463257
Togo,Savanes,TGO.5.6_2,Tandjouaré,Bogou,NA,December_2023,0.8320000171661377
Togo,Savanes,TGO.5.6_2,Tandjouaré,Bombouaka,NA,January_2023,0.5680000185966492
Togo,Savanes,TGO.5.6_2,Tandjouaré,Bombouaka,NA,February_2023,0.6690000295639038
Togo,Savanes,TGO.5.6_2,Tandjouaré,Bombouaka,NA,March_2023,0
Togo,Savanes,TGO.5.6_2,Tandjouaré,Bombouaka,NA,April_2023,1.6109999418258667
Togo,Savanes,TGO.5.6_2,Tandjouaré,Bombouaka,NA,May_2023,2.875999927520752
Togo,Savanes,TGO.5.6_2,Tandjouaré,Bombouaka,NA,June_2023,3.6649999618530273
Togo,Savanes,TGO.5.6_2,Tandjouaré,Bombouaka,NA,July_2023,3.5
Togo,Savanes,TGO.5.6_2,Tandjouaré,Bombouaka,NA,August_2023,3.5409998893737793
Togo,Savanes,TGO.5.6_2,Tandjouaré,Bombouaka,NA,September_2023,3.4579999446868896
Togo,Savanes,TGO.5.6_2,Tandjouaré,Bombouaka,NA,October_2023,3.0739998817443848
Togo,Savanes,TGO.5.6_2,Tandjouaré,Bombouaka,NA,November_2023,1.50600004196167
Togo,Savanes,TGO.5.6_2,Tandjouaré,Bombouaka,NA,December_2023,0.8119999766349792
Togo,Savanes,TGO.5.6_2,Tandjouaré,Boulogou,NA,January_2023,0.6029999852180481
Togo,Savanes,TGO.5.6_2,Tandjouaré,Boulogou,NA,February_2023,0.6949999928474426
Togo,Savanes,TGO.5.6_2,Tandjouaré,Boulogou,NA,March_2023,0
Togo,Savanes,TGO.5.6_2,Tandjouaré,Boulogou,NA,April_2023,1.5149999856948853
Togo,Savanes,TGO.5.6_2,Tandjouaré,Boulogou,NA,May_2023,2.890000104904175
Togo,Savanes,TGO.5.6_2,Tandjouaré,Boulogou,NA,June_2023,3.7049999237060547
Togo,Savanes,TGO.5.6_2,Tandjouaré,Boulogou,NA,July_2023,3.5880000591278076
Togo,Savanes,TGO.5.6_2,Tandjouaré,Boulogou,NA,August_2023,3.638000011444092
Togo,Savanes,TGO.5.6_2,Tandjouaré,Boulogou,NA,September_2023,3.6029999256134033
Togo,Savanes,TGO.5.6_2,Tandjouaré,Boulogou,NA,October_2023,3.2060000896453857
Togo,Savanes,TGO.5.6_2,Tandjouaré,Boulogou,NA,November_2023,1.590999960899353
Togo,Savanes,TGO.5.6_2,Tandjouaré,Boulogou,NA,December_2023,0.8529999852180481
Togo,Savanes,TGO.5.6_2,Tandjouaré,Doukpergou,NA,January_2023,0.546750009059906
Togo,Savanes,TGO.5.6_2,Tandjouaré,Doukpergou,NA,February_2023,0.6990000009536743
Togo,Savanes,TGO.5.6_2,Tandjouaré,Doukpergou,NA,March_2023,0
Togo,Savanes,TGO.5.6_2,Tandjouaré,Doukpergou,NA,April_2023,1.8384999632835388
Togo,Savanes,TGO.5.6_2,Tandjouaré,Doukpergou,NA,May_2023,2.775250017642975
Togo,Savanes,TGO.5.6_2,Tandjouaré,Doukpergou,NA,June_2023,3.603999972343445
Togo,Savanes,TGO.5.6_2,Tandjouaré,Doukpergou,NA,July_2023,3.381749987602234
Togo,Savanes,TGO.5.6_2,Tandjouaré,Doukpergou,NA,August_2023,3.3502500653266907
Togo,Savanes,TGO.5.6_2,Tandjouaré,Doukpergou,NA,September_2023,3.2927500009536743
Togo,Savanes,TGO.5.6_2,Tandjouaré,Doukpergou,NA,October_2023,2.975250005722046
Togo,Savanes,TGO.5.6_2,Tandjouaré,Doukpergou,NA,November_2023,1.4872500002384186
Togo,Savanes,TGO.5.6_2,Tandjouaré,Doukpergou,NA,December_2023,0.7884999960660934
Togo,Savanes,TGO.5.6_2,Tandjouaré,Goundoga,NA,January_2023,0.5613333384195963
Togo,Savanes,TGO.5.6_2,Tandjouaré,Goundoga,NA,February_2023,0.6836666663487753
Togo,Savanes,TGO.5.6_2,Tandjouaré,Goundoga,NA,March_2023,0
Togo,Savanes,TGO.5.6_2,Tandjouaré,Goundoga,NA,April_2023,1.6093333164850872
Togo,Savanes,TGO.5.6_2,Tandjouaré,Goundoga,NA,May_2023,2.7639999389648438
Togo,Savanes,TGO.5.6_2,Tandjouaré,Goundoga,NA,June_2023,3.6553333600362143
Togo,Savanes,TGO.5.6_2,Tandjouaré,Goundoga,NA,July_2023,3.478333314259847
Togo,Savanes,TGO.5.6_2,Tandjouaré,Goundoga,NA,August_2023,3.503666639328003
Togo,Savanes,TGO.5.6_2,Tandjouaré,Goundoga,NA,September_2023,3.428333282470703
Togo,Savanes,TGO.5.6_2,Tandjouaré,Goundoga,NA,October_2023,3.037333329518636
Togo,Savanes,TGO.5.6_2,Tandjouaré,Goundoga,NA,November_2023,1.4929999907811482
Togo,Savanes,TGO.5.6_2,Tandjouaré,Goundoga,NA,December_2023,0.8043333292007446
Togo,Savanes,TGO.5.6_2,Tandjouaré,Loko,NA,January_2023,0.5949999988079071
Togo,Savanes,TGO.5.6_2,Tandjouaré,Loko,NA,February_2023,0.7064999938011169
Togo,Savanes,TGO.5.6_2,Tandjouaré,Loko,NA,March_2023,0
Togo,Savanes,TGO.5.6_2,Tandjouaré,Loko,NA,April_2023,1.5824999809265137
Togo,Savanes,TGO.5.6_2,Tandjouaré,Loko,NA,May_2023,2.821000099182129
Togo,Savanes,TGO.5.6_2,Tandjouaré,Loko,NA,June_2023,3.684999942779541
Togo,Savanes,TGO.5.6_2,Tandjouaré,Loko,NA,July_2023,3.549499988555908
Togo,Savanes,TGO.5.6_2,Tandjouaré,Loko,NA,August_2023,3.58050000667572
Togo,Savanes,TGO.5.6_2,Tandjouaré,Loko,NA,September_2023,3.5449999570846558
Togo,Savanes,TGO.5.6_2,Tandjouaré,Loko,NA,October_2023,3.156000018119812
Togo,Savanes,TGO.5.6_2,Tandjouaré,Loko,NA,November_2023,1.5709999799728394
Togo,Savanes,TGO.5.6_2,Tandjouaré,Loko,NA,December_2023,0.8425000011920929
Togo,Savanes,TGO.5.6_2,Tandjouaré,Lokpano,NA,January_2023,0.5580000281333923
Togo,Savanes,TGO.5.6_2,Tandjouaré,Lokpano,NA,February_2023,0.6740000247955322
Togo,Savanes,TGO.5.6_2,Tandjouaré,Lokpano,NA,March_2023,0
Togo,Savanes,TGO.5.6_2,Tandjouaré,Lokpano,NA,April_2023,1.8179999589920044
Togo,Savanes,TGO.5.6_2,Tandjouaré,Lokpano,NA,May_2023,2.802999973297119
Togo,Savanes,TGO.5.6_2,Tandjouaré,Lokpano,NA,June_2023,3.6059999465942383
Togo,Savanes,TGO.5.6_2,Tandjouaré,Lokpano,NA,July_2023,3.3959999084472656
Togo,Savanes,TGO.5.6_2,Tandjouaré,Lokpano,NA,August_2023,3.38100004196167
Togo,Savanes,TGO.5.6_2,Tandjouaré,Lokpano,NA,September_2023,3.322000026702881
Togo,Savanes,TGO.5.6_2,Tandjouaré,Lokpano,NA,October_2023,3.00600004196167
Togo,Savanes,TGO.5.6_2,Tandjouaré,Lokpano,NA,November_2023,1.5010000467300415
Togo,Savanes,TGO.5.6_2,Tandjouaré,Lokpano,NA,December_2023,0.8040000200271606
Togo,Savanes,TGO.5.6_2,Tandjouaré,Mamproug,NA,January_2023,0.5389999747276306
Togo,Savanes,TGO.5.6_2,Tandjouaré,Mamproug,NA,February_2023,0.7239999771118164
Togo,Savanes,TGO.5.6_2,Tandjouaré,Mamproug,NA,March_2023,0
Togo,Savanes,TGO.5.6_2,Tandjouaré,Mamproug,NA,April_2023,1.8459999561309814
Togo,Savanes,TGO.5.6_2,Tandjouaré,Mamproug,NA,May_2023,2.759000062942505
Togo,Savanes,TGO.5.6_2,Tandjouaré,Mamproug,NA,June_2023,3.6429998874664307
Togo,Savanes,TGO.5.6_2,Tandjouaré,Mamproug,NA,July_2023,3.4000000953674316
Togo,Savanes,TGO.5.6_2,Tandjouaré,Mamproug,NA,August_2023,3.367000102996826
Togo,Savanes,TGO.5.6_2,Tandjouaré,Mamproug,NA,September_2023,3.321000099182129
Togo,Savanes,TGO.5.6_2,Tandjouaré,Mamproug,NA,October_2023,2.984999895095825
Togo,Savanes,TGO.5.6_2,Tandjouaré,Mamproug,NA,November_2023,1.4850000143051147
Togo,Savanes,TGO.5.6_2,Tandjouaré,Mamproug,NA,December_2023,0.7829999923706055
Togo,Savanes,TGO.5.6_2,Tandjouaré,Nandoga,NA,January_2023,0.5860000054041544
Togo,Savanes,TGO.5.6_2,Tandjouaré,Nandoga,NA,February_2023,0.6940000057220459
Togo,Savanes,TGO.5.6_2,Tandjouaré,Nandoga,NA,March_2023,0
Togo,Savanes,TGO.5.6_2,Tandjouaré,Nandoga,NA,April_2023,1.5919999678929646
Togo,Savanes,TGO.5.6_2,Tandjouaré,Nandoga,NA,May_2023,2.8393333752950034
Togo,Savanes,TGO.5.6_2,Tandjouaré,Nandoga,NA,June_2023,3.678333282470703
Togo,Savanes,TGO.5.6_2,Tandjouaré,Nandoga,NA,July_2023,3.5329999923706055
Togo,Savanes,TGO.5.6_2,Tandjouaré,Nandoga,NA,August_2023,3.5673333009084067
Togo,Savanes,TGO.5.6_2,Tandjouaré,Nandoga,NA,September_2023,3.515999952952067
Togo,Savanes,TGO.5.6_2,Tandjouaré,Nandoga,NA,October_2023,3.128666639328003
Togo,Savanes,TGO.5.6_2,Tandjouaré,Nandoga,NA,November_2023,1.5493333339691162
Togo,Savanes,TGO.5.6_2,Tandjouaré,Nandoga,NA,December_2023,0.8323333263397217
Togo,Savanes,TGO.5.6_2,Tandjouaré,Nano,NA,January_2023,0.5540000200271606
Togo,Savanes,TGO.5.6_2,Tandjouaré,Nano,NA,February_2023,0.6949999928474426
Togo,Savanes,TGO.5.6_2,Tandjouaré,Nano,NA,March_2023,0
Togo,Savanes,TGO.5.6_2,Tandjouaré,Nano,NA,April_2023,1.7209999561309814
Togo,Savanes,TGO.5.6_2,Tandjouaré,Nano,NA,May_2023,2.681999921798706
Togo,Savanes,TGO.5.6_2,Tandjouaré,Nano,NA,June_2023,3.630000114440918
Togo,Savanes,TGO.5.6_2,Tandjouaré,Nano,NA,July_2023,3.427000045776367
Togo,Savanes,TGO.5.6_2,Tandjouaré,Nano,NA,August_2023,3.4240000247955322
Togo,Savanes,TGO.5.6_2,Tandjouaré,Nano,NA,September_2023,3.3529999256134033
Togo,Savanes,TGO.5.6_2,Tandjouaré,Nano,NA,October_2023,2.999000072479248
Togo,Savanes,TGO.5.6_2,Tandjouaré,Nano,NA,November_2023,1.4869999885559082
Togo,Savanes,TGO.5.6_2,Tandjouaré,Nano,NA,December_2023,0.796999990940094
Togo,Savanes,TGO.5.6_2,Tandjouaré,Pligou,NA,January_2023,0.5846666693687439
Togo,Savanes,TGO.5.6_2,Tandjouaré,Pligou,NA,February_2023,0.6723333398501078
Togo,Savanes,TGO.5.6_2,Tandjouaré,Pligou,NA,March_2023,0
Togo,Savanes,TGO.5.6_2,Tandjouaré,Pligou,NA,April_2023,1.5393333037694295
Togo,Savanes,TGO.5.6_2,Tandjouaré,Pligou,NA,May_2023,2.8440000216166177
Togo,Savanes,TGO.5.6_2,Tandjouaré,Pligou,NA,June_2023,3.687999963760376
Togo,Savanes,TGO.5.6_2,Tandjouaré,Pligou,NA,July_2023,3.549333333969116
Togo,Savanes,TGO.5.6_2,Tandjouaré,Pligou,NA,August_2023,3.607333262761434
Togo,Savanes,TGO.5.6_2,Tandjouaré,Pligou,NA,September_2023,3.537999947865804
Togo,Savanes,TGO.5.6_2,Tandjouaré,Pligou,NA,October_2023,3.1453332901000977
Togo,Savanes,TGO.5.6_2,Tandjouaré,Pligou,NA,November_2023,1.5486666758855183
Togo,Savanes,TGO.5.6_2,Tandjouaré,Pligou,NA,December_2023,0.8319999774297079
Togo,Savanes,TGO.5.6_2,Tandjouaré,Sangou,NA,January_2023,0.5470000207424164
Togo,Savanes,TGO.5.6_2,Tandjouaré,Sangou,NA,February_2023,0.6885000169277191
Togo,Savanes,TGO.5.6_2,Tandjouaré,Sangou,NA,March_2023,0
Togo,Savanes,TGO.5.6_2,Tandjouaré,Sangou,NA,April_2023,1.8934999704360962
Togo,Savanes,TGO.5.6_2,Tandjouaré,Sangou,NA,May_2023,2.8300000429153442
Togo,Savanes,TGO.5.6_2,Tandjouaré,Sangou,NA,June_2023,3.5714999437332153
Togo,Savanes,TGO.5.6_2,Tandjouaré,Sangou,NA,July_2023,3.3499999046325684
Togo,Savanes,TGO.5.6_2,Tandjouaré,Sangou,NA,August_2023,3.305000066757202
Togo,Savanes,TGO.5.6_2,Tandjouaré,Sangou,NA,September_2023,3.2484999895095825
Togo,Savanes,TGO.5.6_2,Tandjouaré,Sangou,NA,October_2023,2.958500027656555
Togo,Savanes,TGO.5.6_2,Tandjouaré,Sangou,NA,November_2023,1.4884999990463257
Togo,Savanes,TGO.5.6_2,Tandjouaré,Sangou,NA,December_2023,0.7870000004768372
Togo,Savanes,TGO.5.6_2,Tandjouaré,Sissiak,NA,January_2023,0.5600000023841858
Togo,Savanes,TGO.5.6_2,Tandjouaré,Sissiak,NA,February_2023,0.6889999955892563
Togo,Savanes,TGO.5.6_2,Tandjouaré,Sissiak,NA,March_2023,0
Togo,Savanes,TGO.5.6_2,Tandjouaré,Sissiak,NA,April_2023,1.6024999916553497
Togo,Savanes,TGO.5.6_2,Tandjouaré,Sissiak,NA,May_2023,2.7702499628067017
Togo,Savanes,TGO.5.6_2,Tandjouaré,Sissiak,NA,June_2023,3.6552500128746033
Togo,Savanes,TGO.5.6_2,Tandjouaré,Sissiak,NA,July_2023,3.4792500138282776
Togo,Savanes,TGO.5.6_2,Tandjouaré,Sissiak,NA,August_2023,3.5019999742507935
Togo,Savanes,TGO.5.6_2,Tandjouaré,Sissiak,NA,September_2023,3.4269999861717224
Togo,Savanes,TGO.5.6_2,Tandjouaré,Sissiak,NA,October_2023,3.033749997615814
Togo,Savanes,TGO.5.6_2,Tandjouaré,Sissiak,NA,November_2023,1.492249995470047
Togo,Savanes,TGO.5.6_2,Tandjouaré,Sissiak,NA,December_2023,0.8032499998807907
Togo,Savanes,TGO.5.6_2,Tandjouaré,Tamongue,NA,January_2023,0.5899999737739563
Togo,Savanes,TGO.5.6_2,Tandjouaré,Tamongue,NA,February_2023,0.6819999814033508
Togo,Savanes,TGO.5.6_2,Tandjouaré,Tamongue,NA,March_2023,0
Togo,Savanes,TGO.5.6_2,Tandjouaré,Tamongue,NA,April_2023,1.6720000505447388
Togo,Savanes,TGO.5.6_2,Tandjouaré,Tamongue,NA,May_2023,2.865000009536743
Togo,Savanes,TGO.5.6_2,Tandjouaré,Tamongue,NA,June_2023,3.674999952316284
Togo,Savanes,TGO.5.6_2,Tandjouaré,Tamongue,NA,July_2023,3.447000026702881
Togo,Savanes,TGO.5.6_2,Tandjouaré,Tamongue,NA,August_2023,3.496000051498413
Togo,Savanes,TGO.5.6_2,Tandjouaré,Tamongue,NA,September_2023,3.4660000801086426
Togo,Savanes,TGO.5.6_2,Tandjouaré,Tamongue,NA,October_2023,3.118000030517578
Togo,Savanes,TGO.5.6_2,Tandjouaré,Tamongue,NA,November_2023,1.562999963760376
Togo,Savanes,TGO.5.6_2,Tandjouaré,Tamongue,NA,December_2023,0.8429999947547913
Togo,Savanes,TGO.5.6_2,Tandjouaré,Tampialime,NA,January_2023,0.5559999942779541
Togo,Savanes,TGO.5.6_2,Tandjouaré,Tampialime,NA,February_2023,0.7049999833106995
Togo,Savanes,TGO.5.6_2,Tandjouaré,Tampialime,NA,March_2023,0
Togo,Savanes,TGO.5.6_2,Tandjouaré,Tampialime,NA,April_2023,1.5820000171661377
Togo,Savanes,TGO.5.6_2,Tandjouaré,Tampialime,NA,May_2023,2.7890000343322754
Togo,Savanes,TGO.5.6_2,Tandjouaré,Tampialime,NA,June_2023,3.6549999713897705
Togo,Savanes,TGO.5.6_2,Tandjouaré,Tampialime,NA,July_2023,3.4820001125335693
Togo,Savanes,TGO.5.6_2,Tandjouaré,Tampialime,NA,August_2023,3.496999979019165
Togo,Savanes,TGO.5.6_2,Tandjouaré,Tampialime,NA,September_2023,3.4230000972747803
Togo,Savanes,TGO.5.6_2,Tandjouaré,Tampialime,NA,October_2023,3.0230000019073486
Togo,Savanes,TGO.5.6_2,Tandjouaré,Tampialime,NA,November_2023,1.4900000095367432
Togo,Savanes,TGO.5.6_2,Tandjouaré,Tampialime,NA,December_2023,0.800000011920929
Togo,Savanes,TGO.5.7_2,Tône,Bidjenga,NA,January_2023,0.5830000042915344
Togo,Savanes,TGO.5.7_2,Tône,Bidjenga,NA,February_2023,0.652999997138977
Togo,Savanes,TGO.5.7_2,Tône,Bidjenga,NA,March_2023,0
Togo,Savanes,TGO.5.7_2,Tône,Bidjenga,NA,April_2023,1.4919999837875366
Togo,Savanes,TGO.5.7_2,Tône,Bidjenga,NA,May_2023,2.7660000324249268
Togo,Savanes,TGO.5.7_2,Tône,Bidjenga,NA,June_2023,3.694000005722046
Togo,Savanes,TGO.5.7_2,Tône,Bidjenga,NA,July_2023,3.559999942779541
Togo,Savanes,TGO.5.7_2,Tône,Bidjenga,NA,August_2023,3.6429998874664307
Togo,Savanes,TGO.5.7_2,Tône,Bidjenga,NA,September_2023,3.552999973297119
Togo,Savanes,TGO.5.7_2,Tône,Bidjenga,NA,October_2023,3.1559998989105225
Togo,Savanes,TGO.5.7_2,Tône,Bidjenga,NA,November_2023,1.5490000247955322
Togo,Savanes,TGO.5.7_2,Tône,Bidjenga,NA,December_2023,0.8309999704360962
Togo,Savanes,TGO.5.7_2,Tône,Dapaong,NA,January_2023,0.5789999961853027
Togo,Savanes,TGO.5.7_2,Tône,Dapaong,NA,February_2023,0.7089999914169312
Togo,Savanes,TGO.5.7_2,Tône,Dapaong,NA,March_2023,0
Togo,Savanes,TGO.5.7_2,Tône,Dapaong,NA,April_2023,1.3240000009536743
Togo,Savanes,TGO.5.7_2,Tône,Dapaong,NA,May_2023,2.6029999256134033
Togo,Savanes,TGO.5.7_2,Tône,Dapaong,NA,June_2023,3.690999984741211
Togo,Savanes,TGO.5.7_2,Tône,Dapaong,NA,July_2023,3.571000099182129
Togo,Savanes,TGO.5.7_2,Tône,Dapaong,NA,August_2023,3.625999927520752
Togo,Savanes,TGO.5.7_2,Tône,Dapaong,NA,September_2023,3.572000026702881
Togo,Savanes,TGO.5.7_2,Tône,Dapaong,NA,October_2023,3.497999906539917
Togo,Savanes,TGO.5.7_2,Tône,Dapaong,NA,November_2023,1.5089999437332153
Togo,Savanes,TGO.5.7_2,Tône,Dapaong,NA,December_2023,0.8169999718666077
Togo,Savanes,TGO.5.7_2,Tône,Kantindi,NA,January_2023,0.5835999965667724
Togo,Savanes,TGO.5.7_2,Tône,Kantindi,NA,February_2023,0.7104000091552735
Togo,Savanes,TGO.5.7_2,Tône,Kantindi,NA,March_2023,0
Togo,Savanes,TGO.5.7_2,Tône,Kantindi,NA,April_2023,1.24060001373291
Togo,Savanes,TGO.5.7_2,Tône,Kantindi,NA,May_2023,2.5342000007629393
Togo,Savanes,TGO.5.7_2,Tône,Kantindi,NA,June_2023,3.716200017929077
Togo,Savanes,TGO.5.7_2,Tône,Kantindi,NA,July_2023,3.579200029373169
Togo,Savanes,TGO.5.7_2,Tône,Kantindi,NA,August_2023,3.6842000007629396
Togo,Savanes,TGO.5.7_2,Tône,Kantindi,NA,September_2023,3.6187999725341795
Togo,Savanes,TGO.5.7_2,Tône,Kantindi,NA,October_2023,3.4572000026702883
Togo,Savanes,TGO.5.7_2,Tône,Kantindi,NA,November_2023,1.5289999961853027
Togo,Savanes,TGO.5.7_2,Tône,Kantindi,NA,December_2023,0.8251999855041504
Togo,Savanes,TGO.5.7_2,Tône,Korbongou,NA,January_2023,0.5879999995231628
Togo,Savanes,TGO.5.7_2,Tône,Korbongou,NA,February_2023,0.7120000123977661
Togo,Savanes,TGO.5.7_2,Tône,Korbongou,NA,March_2023,0
Togo,Savanes,TGO.5.7_2,Tône,Korbongou,NA,April_2023,1.24399995803833
Togo,Savanes,TGO.5.7_2,Tône,Korbongou,NA,May_2023,2.5390000343322754
Togo,Savanes,TGO.5.7_2,Tône,Korbongou,NA,June_2023,3.7209999561309814
Togo,Savanes,TGO.5.7_2,Tône,Korbongou,NA,July_2023,3.5920000076293945
Togo,Savanes,TGO.5.7_2,Tône,Korbongou,NA,August_2023,3.7190001010894775
Togo,Savanes,TGO.5.7_2,Tône,Korbongou,NA,September_2023,3.6659998893737793
Togo,Savanes,TGO.5.7_2,Tône,Korbongou,NA,October_2023,3.5810000896453857
Togo,Savanes,TGO.5.7_2,Tône,Korbongou,NA,November_2023,1.5520000457763672
Togo,Savanes,TGO.5.7_2,Tône,Korbongou,NA,December_2023,0.8309999704360962
Togo,Savanes,TGO.5.7_2,Tône,Kourientre,NA,January_2023,0.5916666587193807
Togo,Savanes,TGO.5.7_2,Tône,Kourientre,NA,February_2023,0.7283333341280619
Togo,Savanes,TGO.5.7_2,Tône,Kourientre,NA,March_2023,0
Togo,Savanes,TGO.5.7_2,Tône,Kourientre,NA,April_2023,1.0290000240008037
Togo,Savanes,TGO.5.7_2,Tône,Kourientre,NA,May_2023,2.3890000184377036
Togo,Savanes,TGO.5.7_2,Tône,Kourientre,NA,June_2023,3.751333395640055
Togo,Savanes,TGO.5.7_2,Tône,Kourientre,NA,July_2023,3.630000034968058
Togo,Savanes,TGO.5.7_2,Tône,Kourientre,NA,August_2023,3.7730000019073486
Togo,Savanes,TGO.5.7_2,Tône,Kourientre,NA,September_2023,3.706666628519694
Togo,Savanes,TGO.5.7_2,Tône,Kourientre,NA,October_2023,3.56166664759318
Togo,Savanes,TGO.5.7_2,Tône,Kourientre,NA,November_2023,1.531333327293396
Togo,Savanes,TGO.5.7_2,Tône,Kourientre,NA,December_2023,0.8336666623751322
Togo,Savanes,TGO.5.7_2,Tône,Lotogou/Warkambou,NA,January_2023,0.5419999957084656
Togo,Savanes,TGO.5.7_2,Tône,Lotogou/Warkambou,NA,February_2023,0.7279999852180481
Togo,Savanes,TGO.5.7_2,Tône,Lotogou/Warkambou,NA,March_2023,0
Togo,Savanes,TGO.5.7_2,Tône,Lotogou/Warkambou,NA,April_2023,1.6460000276565552
Togo,Savanes,TGO.5.7_2,Tône,Lotogou/Warkambou,NA,May_2023,2.819999933242798
Togo,Savanes,TGO.5.7_2,Tône,Lotogou/Warkambou,NA,June_2023,3.6389999389648438
Togo,Savanes,TGO.5.7_2,Tône,Lotogou/Warkambou,NA,July_2023,3.3980000019073486
Togo,Savanes,TGO.5.7_2,Tône,Lotogou/Warkambou,NA,August_2023,3.3989999294281006
Togo,Savanes,TGO.5.7_2,Tône,Lotogou/Warkambou,NA,September_2023,3.3440001010894775
Togo,Savanes,TGO.5.7_2,Tône,Lotogou/Warkambou,NA,October_2023,2.937000036239624
Togo,Savanes,TGO.5.7_2,Tône,Lotogou/Warkambou,NA,November_2023,1.4639999866485596
Togo,Savanes,TGO.5.7_2,Tône,Lotogou/Warkambou,NA,December_2023,0.7799999713897705
Togo,Savanes,TGO.5.7_2,Tône,Louanga,NA,January_2023,0.5928333302338918
Togo,Savanes,TGO.5.7_2,Tône,Louanga,NA,February_2023,0.7101666827996572
Togo,Savanes,TGO.5.7_2,Tône,Louanga,NA,March_2023,0
Togo,Savanes,TGO.5.7_2,Tône,Louanga,NA,April_2023,1.1925000150998433
Togo,Savanes,TGO.5.7_2,Tône,Louanga,NA,May_2023,2.472333312034607
Togo,Savanes,TGO.5.7_2,Tône,Louanga,NA,June_2023,3.7301666736602783
Togo,Savanes,TGO.5.7_2,Tône,Louanga,NA,July_2023,3.6016666491826377
Togo,Savanes,TGO.5.7_2,Tône,Louanga,NA,August_2023,3.727500041325887
Togo,Savanes,TGO.5.7_2,Tône,Louanga,NA,September_2023,3.6706666549046836
Togo,Savanes,TGO.5.7_2,Tône,Louanga,NA,October_2023,3.462000052134196
Togo,Savanes,TGO.5.7_2,Tône,Louanga,NA,November_2023,1.5726666847864788
Togo,Savanes,TGO.5.7_2,Tône,Louanga,NA,December_2023,0.8376666605472565
Togo,Savanes,TGO.5.7_2,Tône,Naki-Ouest,NA,January_2023,0.5669999718666077
Togo,Savanes,TGO.5.7_2,Tône,Naki-Ouest,NA,February_2023,0.7120000123977661
Togo,Savanes,TGO.5.7_2,Tône,Naki-Ouest,NA,March_2023,0
Togo,Savanes,TGO.5.7_2,Tône,Naki-Ouest,NA,April_2023,1.371999979019165
Togo,Savanes,TGO.5.7_2,Tône,Naki-Ouest,NA,May_2023,2.632999897003174
Togo,Savanes,TGO.5.7_2,Tône,Naki-Ouest,NA,June_2023,3.671999931335449
Togo,Savanes,TGO.5.7_2,Tône,Naki-Ouest,NA,July_2023,3.5369999408721924
Togo,Savanes,TGO.5.7_2,Tône,Naki-Ouest,NA,August_2023,3.565999984741211
Togo,Savanes,TGO.5.7_2,Tône,Naki-Ouest,NA,September_2023,3.509000062942505
Togo,Savanes,TGO.5.7_2,Tône,Naki-Ouest,NA,October_2023,3.0280001163482666
Togo,Savanes,TGO.5.7_2,Tône,Naki-Ouest,NA,November_2023,1.4900000095367432
Togo,Savanes,TGO.5.7_2,Tône,Naki-Ouest,NA,December_2023,0.8050000071525574
Togo,Savanes,TGO.5.7_2,Tône,Namare,NA,January_2023,0.5709999998410543
Togo,Savanes,TGO.5.7_2,Tône,Namare,NA,February_2023,0.7106666763623556
Togo,Savanes,TGO.5.7_2,Tône,Namare,NA,March_2023,0
Togo,Savanes,TGO.5.7_2,Tône,Namare,NA,April_2023,1.2360000212987263
Togo,Savanes,TGO.5.7_2,Tône,Namare,NA,May_2023,2.5279999574025473
Togo,Savanes,TGO.5.7_2,Tône,Namare,NA,June_2023,3.691666603088379
Togo,Savanes,TGO.5.7_2,Tône,Namare,NA,July_2023,3.559666633605957
Togo,Savanes,TGO.5.7_2,Tône,Namare,NA,August_2023,3.624666611353556
Togo,Savanes,TGO.5.7_2,Tône,Namare,NA,September_2023,3.555999994277954
Togo,Savanes,TGO.5.7_2,Tône,Namare,NA,October_2023,3.3316667079925537
Togo,Savanes,TGO.5.7_2,Tône,Namare,NA,November_2023,1.4900000095367432
Togo,Savanes,TGO.5.7_2,Tône,Namare,NA,December_2023,0.812666674455007
Togo,Savanes,TGO.5.7_2,Tône,Nanergou,NA,January_2023,0.5757499933242798
Togo,Savanes,TGO.5.7_2,Tône,Nanergou,NA,February_2023,0.7150000035762787
Togo,Savanes,TGO.5.7_2,Tône,Nanergou,NA,March_2023,0
Togo,Savanes,TGO.5.7_2,Tône,Nanergou,NA,April_2023,1.246500015258789
Togo,Savanes,TGO.5.7_2,Tône,Nanergou,NA,May_2023,2.537749946117401
Togo,Savanes,TGO.5.7_2,Tône,Nanergou,NA,June_2023,3.690750002861023
Togo,Savanes,TGO.5.7_2,Tône,Nanergou,NA,July_2023,3.5505000352859497
Togo,Savanes,TGO.5.7_2,Tône,Nanergou,NA,August_2023,3.6267499327659607
Togo,Savanes,TGO.5.7_2,Tône,Nanergou,NA,September_2023,3.564750015735626
Togo,Savanes,TGO.5.7_2,Tône,Nanergou,NA,October_2023,3.3767499923706055
Togo,Savanes,TGO.5.7_2,Tône,Nanergou,NA,November_2023,1.500249981880188
Togo,Savanes,TGO.5.7_2,Tône,Nanergou,NA,December_2023,0.8159999996423721
Togo,Savanes,TGO.5.7_2,Tône,Natigou,NA,January_2023,0.5869999825954437
Togo,Savanes,TGO.5.7_2,Tône,Natigou,NA,February_2023,0.7260000109672546
Togo,Savanes,TGO.5.7_2,Tône,Natigou,NA,March_2023,0
Togo,Savanes,TGO.5.7_2,Tône,Natigou,NA,April_2023,1.1170000433921814
Togo,Savanes,TGO.5.7_2,Tône,Natigou,NA,May_2023,2.4455000162124634
Togo,Savanes,TGO.5.7_2,Tône,Natigou,NA,June_2023,3.7405000925064087
Togo,Savanes,TGO.5.7_2,Tône,Natigou,NA,July_2023,3.5880000591278076
Togo,Savanes,TGO.5.7_2,Tône,Natigou,NA,August_2023,3.708999991416931
Togo,Savanes,TGO.5.7_2,Tône,Natigou,NA,September_2023,3.6480000019073486
Togo,Savanes,TGO.5.7_2,Tône,Natigou,NA,October_2023,3.5429999828338623
Togo,Savanes,TGO.5.7_2,Tône,Natigou,NA,November_2023,1.5270000100135803
Togo,Savanes,TGO.5.7_2,Tône,Natigou,NA,December_2023,0.8274999856948853
Togo,Savanes,TGO.5.7_2,Tône,Nioukpourma,NA,January_2023,0.5659999847412109
Togo,Savanes,TGO.5.7_2,Tône,Nioukpourma,NA,February_2023,0.703249990940094
Togo,Savanes,TGO.5.7_2,Tône,Nioukpourma,NA,March_2023,0
Togo,Savanes,TGO.5.7_2,Tône,Nioukpourma,NA,April_2023,1.4435000121593475
Togo,Savanes,TGO.5.7_2,Tône,Nioukpourma,NA,May_2023,2.6897499561309814
Togo,Savanes,TGO.5.7_2,Tône,Nioukpourma,NA,June_2023,3.672249972820282
Togo,Savanes,TGO.5.7_2,Tône,Nioukpourma,NA,July_2023,3.524500012397766
Togo,Savanes,TGO.5.7_2,Tône,Nioukpourma,NA,August_2023,3.5587499737739563
Togo,Savanes,TGO.5.7_2,Tône,Nioukpourma,NA,September_2023,3.4945000410079956
Togo,Savanes,TGO.5.7_2,Tône,Nioukpourma,NA,October_2023,3.147000014781952
Togo,Savanes,TGO.5.7_2,Tône,Nioukpourma,NA,November_2023,1.493749976158142
Togo,Savanes,TGO.5.7_2,Tône,Nioukpourma,NA,December_2023,0.8065000027418137
Togo,Savanes,TGO.5.7_2,Tône,Pana,NA,January_2023,0.5694999992847443
Togo,Savanes,TGO.5.7_2,Tône,Pana,NA,February_2023,0.68299999833107
Togo,Savanes,TGO.5.7_2,Tône,Pana,NA,March_2023,0
Togo,Savanes,TGO.5.7_2,Tône,Pana,NA,April_2023,1.4485000371932983
Togo,Savanes,TGO.5.7_2,Tône,Pana,NA,May_2023,2.6859999895095825
Togo,Savanes,TGO.5.7_2,Tône,Pana,NA,June_2023,3.6794999837875366
Togo,Savanes,TGO.5.7_2,Tône,Pana,NA,July_2023,3.53249990940094
Togo,Savanes,TGO.5.7_2,Tône,Pana,NA,August_2023,3.6019999980926514
Togo,Savanes,TGO.5.7_2,Tône,Pana,NA,September_2023,3.5169999599456787
Togo,Savanes,TGO.5.7_2,Tône,Pana,NA,October_2023,3.0800000429153442
Togo,Savanes,TGO.5.7_2,Tône,Pana,NA,November_2023,1.5079999566078186
Togo,Savanes,TGO.5.7_2,Tône,Pana,NA,December_2023,0.8135000169277191
Togo,Savanes,TGO.5.7_2,Tône,Poissongui,NA,January_2023,0.5917499959468842
Togo,Savanes,TGO.5.7_2,Tône,Poissongui,NA,February_2023,0.7280000001192093
Togo,Savanes,TGO.5.7_2,Tône,Poissongui,NA,March_2023,0
Togo,Savanes,TGO.5.7_2,Tône,Poissongui,NA,April_2023,1.0052500218153
Togo,Savanes,TGO.5.7_2,Tône,Poissongui,NA,May_2023,2.372250020503998
Togo,Savanes,TGO.5.7_2,Tône,Poissongui,NA,June_2023,3.764750063419342
Togo,Savanes,TGO.5.7_2,Tône,Poissongui,NA,July_2023,3.646500051021576
Togo,Savanes,TGO.5.7_2,Tône,Poissongui,NA,August_2023,3.790750026702881
Togo,Savanes,TGO.5.7_2,Tône,Poissongui,NA,September_2023,3.7299999594688416
Togo,Savanes,TGO.5.7_2,Tône,Poissongui,NA,October_2023,3.5617499947547913
Togo,Savanes,TGO.5.7_2,Tône,Poissongui,NA,November_2023,1.5297499895095825
Togo,Savanes,TGO.5.7_2,Tône,Poissongui,NA,December_2023,0.8347499966621399
Togo,Savanes,TGO.5.7_2,Tône,Sanfatoute,NA,January_2023,0.5889999866485596
Togo,Savanes,TGO.5.7_2,Tône,Sanfatoute,NA,February_2023,0.7260000109672546
Togo,Savanes,TGO.5.7_2,Tône,Sanfatoute,NA,March_2023,0
Togo,Savanes,TGO.5.7_2,Tône,Sanfatoute,NA,April_2023,1.093000054359436
Togo,Savanes,TGO.5.7_2,Tône,Sanfatoute,NA,May_2023,2.433000087738037
Togo,Savanes,TGO.5.7_2,Tône,Sanfatoute,NA,June_2023,3.7720000743865967
Togo,Savanes,TGO.5.7_2,Tône,Sanfatoute,NA,July_2023,3.63100004196167
Togo,Savanes,TGO.5.7_2,Tône,Sanfatoute,NA,August_2023,3.759000062942505
Togo,Savanes,TGO.5.7_2,Tône,Sanfatoute,NA,September_2023,3.703000068664551
Togo,Savanes,TGO.5.7_2,Tône,Sanfatoute,NA,October_2023,3.5799999237060547
Togo,Savanes,TGO.5.7_2,Tône,Sanfatoute,NA,November_2023,1.5420000553131104
Togo,Savanes,TGO.5.7_2,Tône,Sanfatoute,NA,December_2023,0.8259999752044678
Togo,Savanes,TGO.5.7_2,Tône,Tami,NA,January_2023,0.5580000281333923
Togo,Savanes,TGO.5.7_2,Tône,Tami,NA,February_2023,0.7160000205039978
Togo,Savanes,TGO.5.7_2,Tône,Tami,NA,March_2023,0
Togo,Savanes,TGO.5.7_2,Tône,Tami,NA,April_2023,1.4170000553131104
Togo,Savanes,TGO.5.7_2,Tône,Tami,NA,May_2023,2.677999973297119
Togo,Savanes,TGO.5.7_2,Tône,Tami,NA,June_2023,3.6689999103546143
Togo,Savanes,TGO.5.7_2,Tône,Tami,NA,July_2023,3.5209999084472656
Togo,Savanes,TGO.5.7_2,Tône,Tami,NA,August_2023,3.5250000953674316
Togo,Savanes,TGO.5.7_2,Tône,Tami,NA,September_2023,3.4860000610351562
Togo,Savanes,TGO.5.7_2,Tône,Tami,NA,October_2023,2.990000009536743
Togo,Savanes,TGO.5.7_2,Tône,Tami,NA,November_2023,1.4670000076293945
Togo,Savanes,TGO.5.7_2,Tône,Tami,NA,December_2023,0.800000011920929
Togo,Savanes,TGO.5.7_2,Tône,Toaga,NA,January_2023,0.5781999945640564
Togo,Savanes,TGO.5.7_2,Tône,Toaga,NA,February_2023,0.7026000022888184
Togo,Savanes,TGO.5.7_2,Tône,Toaga,NA,March_2023,0
Togo,Savanes,TGO.5.7_2,Tône,Toaga,NA,April_2023,1.3212000131607056
Togo,Savanes,TGO.5.7_2,Tône,Toaga,NA,May_2023,2.5943999767303465
Togo,Savanes,TGO.5.7_2,Tône,Toaga,NA,June_2023,3.696000003814697
Togo,Savanes,TGO.5.7_2,Tône,Toaga,NA,July_2023,3.5546000003814697
Togo,Savanes,TGO.5.7_2,Tône,Toaga,NA,August_2023,3.641599988937378
Togo,Savanes,TGO.5.7_2,Tône,Toaga,NA,September_2023,3.572999954223633
Togo,Savanes,TGO.5.7_2,Tône,Toaga,NA,October_2023,3.349000024795532
Togo,Savanes,TGO.5.7_2,Tône,Toaga,NA,November_2023,1.517799973487854
Togo,Savanes,TGO.5.7_2,Tône,Toaga,NA,December_2023,0.820799994468689
